5 1 2 8
5 1 3 8
5 4 2 8
5 4 3 8
7 0 2 8
7 0 3 8
7 0 4 8
7 0 5 8
11 1 3 8
11 1 4 8
11 1 5 8
11 1 9 8
11 3 3 8
11 3 4 8
11 3 5 8
11 3 9 8
11 4 5 8
11 4 7 8
11 4 8 8
11 4 9 8
11 7 2 8
11 7 3 8
11 7 4 8
11 7 6 8
11 8 2 8
11 8 6 8
11 8 7 8
11 8 8 8
11 10 2 8
11 10 6 8
11 10 7 8
11 10 8 8
13 1 2 8
13 1 5 8
13 1 7 8
13 1 8 8
13 3 4 8
13 3 10 8
13 5 3 8
13 5 9 8
13 6 6 8
13 6 11 8
13 7 2 8
13 7 7 8
13 8 4 8
13 8 10 8
13 10 3 8
13 10 9 8
13 12 5 8
13 12 6 8
13 12 8 8
13 12 11 8
17 1 5 16
17 1 7 16
17 1 11 16
17 1 14 16
17 3 5 16
17 3 7 16
17 3 10 16
17 3 12 16
17 4 2 12
17 4 8 12
17 4 9 12
17 4 15 12
17 5 4 12
17 5 8 12
17 5 13 12
17 5 15 12
17 7 2 12
17 7 4 12
17 7 9 12
17 7 13 12
17 10 4 12
17 10 8 12
17 10 13 12
17 10 15 12
17 12 2 12
17 12 4 12
17 12 9 12
17 12 13 12
17 13 2 12
17 13 8 12
17 13 9 12
17 13 15 12
17 14 5 16
17 14 7 16
17 14 10 16
17 14 12 16
17 16 3 16
17 16 6 16
17 16 10 16
17 16 12 16
19 1 8 12
19 1 9 12
19 1 12 12
19 1 17 12
19 3 4 12
19 3 5 12
19 3 7 12
19 3 11 12
19 4 4 16
19 4 5 16
19 4 6 12
19 4 7 16
19 4 11 16
19 4 16 12
19 5 2 16
19 5 8 16
19 5 10 16
19 5 12 16
19 5 14 12
19 5 15 12
19 7 3 12
19 7 4 12
19 7 5 12
19 7 13 12
19 8 9 12
19 8 17 12
19 9 6 12
19 9 7 12
19 9 11 12
19 9 16 12
19 10 3 12
19 10 8 12
19 10 12 12
19 10 13 12
19 11 2 12
19 11 10 12
19 12 6 12
19 12 14 12
19 12 15 12
19 12 16 12
19 14 4 12
19 14 5 12
19 14 7 16
19 14 9 16
19 14 11 16
19 14 17 16
19 15 3 12
19 15 8 16
19 15 12 16
19 15 13 12
19 15 14 16
19 15 15 16
19 16 8 12
19 16 12 12
19 16 14 12
19 16 15 12
19 18 2 12
19 18 7 12
19 18 10 12
19 18 11 12
23 0 7 12
23 0 10 12
23 0 13 12
23 0 16 12
23 1 7 16
23 1 10 16
23 1 11 16
23 1 15 16
23 1 17 16
23 1 19 16
23 1 20 16
23 1 21 16
23 4 2 12
23 4 3 12
23 4 8 12
23 4 12 12
23 4 13 12
23 4 15 12
23 4 16 12
23 4 20 12
23 6 3 12
23 6 4 12
23 6 5 12
23 6 6 12
23 6 8 12
23 6 9 12
23 6 14 12
23 6 18 12
23 7 3 12
23 7 8 12
23 7 17 12
23 7 19 12
23 9 3 16
23 9 4 16
23 9 5 16
23 9 6 16
23 9 8 16
23 9 14 16
23 9 15 16
23 9 20 16
23 10 4 12
23 10 5 12
23 10 6 12
23 10 9 12
23 10 13 12
23 10 14 12
23 10 16 12
23 10 18 12
23 11 3 16
23 11 4 16
23 11 6 16
23 11 8 16
23 11 9 16
23 11 13 16
23 11 16 16
23 11 18 16
23 12 5 16
23 12 7 16
23 12 10 16
23 12 14 16
23 12 15 16
23 12 17 16
23 12 19 16
23 12 20 16
23 13 5 12
23 13 7 12
23 13 9 12
23 13 10 12
23 13 14 12
23 13 17 12
23 13 18 12
23 13 19 12
23 14 3 16
23 14 8 16
23 14 9 16
23 14 15 16
23 14 17 16
23 14 18 16
23 14 19 16
23 14 20 16
23 16 4 12
23 16 6 12
23 16 15 12
23 16 20 12
23 17 5 12
23 17 9 12
23 17 14 12
23 17 15 12
23 17 17 12
23 17 18 12
23 17 19 12
23 17 20 12
23 19 3 12
23 19 7 12
23 19 8 12
23 19 10 12
23 19 11 12
23 19 15 12
23 19 20 12
23 19 21 12
23 22 2 16
23 22 3 16
23 22 4 16
23 22 6 16
23 22 8 16
23 22 12 16
23 22 13 16
23 22 16 16
29 1 3 18
29 1 7 12
29 1 15 18
29 1 23 12
29 1 24 12
29 1 25 12
29 1 26 18
29 3 2 16
29 3 3 16
29 3 8 16
29 3 10 16
29 3 11 16
29 3 15 16
29 3 18 16
29 3 21 16
29 4 4 16
29 4 7 16
29 4 22 16
29 4 25 16
29 5 9 12
29 5 10 18
29 5 13 12
29 5 21 18
29 5 23 12
29 5 24 12
29 5 26 18
29 8 7 12
29 8 8 18
29 8 9 12
29 8 12 18
29 8 13 12
29 8 21 18
29 8 25 12
29 9 5 16
29 9 6 16
29 9 16 16
29 9 20 16
29 12 4 18
29 12 7 12
29 12 13 18
29 12 14 18
29 12 16 12
29 12 18 18
29 12 19 18
29 12 20 12
29 12 21 18
29 12 23 18
29 12 25 12
29 12 26 18
29 12 27 18
29 13 2 18
29 13 4 12
29 13 5 18
29 13 9 18
29 13 12 18
29 13 14 18
29 13 15 18
29 13 16 18
29 13 17 18
29 13 22 12
29 13 23 12
29 13 24 12
29 13 27 18
29 14 5 12
29 14 6 12
29 14 10 18
29 14 15 18
29 14 16 12
29 14 17 18
29 14 20 12
29 15 9 12
29 15 12 18
29 15 13 12
29 15 14 18
29 15 19 18
29 15 23 12
29 15 24 12
29 16 2 18
29 16 5 12
29 16 6 12
29 16 7 12
29 16 12 18
29 16 13 18
29 16 14 18
29 16 15 18
29 16 17 18
29 16 20 18
29 16 24 18
29 16 25 12
29 16 27 18
29 17 2 18
29 17 3 18
29 17 4 12
29 17 6 18
29 17 8 18
29 17 9 12
29 17 10 18
29 17 11 18
29 17 13 12
29 17 15 18
29 17 16 18
29 17 22 12
29 17 25 18
29 20 9 16
29 20 13 16
29 20 23 16
29 20 24 16
29 21 4 12
29 21 8 18
29 21 16 12
29 21 17 18
29 21 20 12
29 21 21 18
29 21 22 12
29 24 3 18
29 24 5 12
29 24 6 12
29 24 8 18
29 24 16 12
29 24 19 18
29 24 20 12
29 25 4 16
29 25 7 16
29 25 22 16
29 25 25 16
29 26 8 16
29 26 11 16
29 26 14 16
29 26 18 16
29 26 19 16
29 26 21 16
29 26 26 16
29 26 27 16
29 28 3 18
29 28 4 12
29 28 5 12
29 28 6 12
29 28 14 18
29 28 22 12
29 28 26 18
31 0 3 16
31 0 7 16
31 0 9 16
31 0 10 16
31 0 21 16
31 0 22 16
31 0 24 16
31 0 28 16
31 1 4 12
31 1 8 12
31 1 12 12
31 1 13 12
31 3 2 12
31 3 4 12
31 3 8 12
31 3 16 12
31 4 3 12
31 4 9 18
31 4 18 18
31 4 20 18
31 4 21 12
31 5 14 12
31 5 20 12
31 6 2 16
31 6 4 16
31 6 5 16
31 6 7 16
31 6 8 16
31 6 9 16
31 6 10 16
31 6 15 16
31 6 16 16
31 6 18 16
31 6 19 16
31 6 23 16
31 6 25 16
31 6 27 16
31 6 28 16
31 6 29 16
31 7 5 12
31 7 7 12
31 7 9 12
31 7 25 12
31 8 4 16
31 8 8 16
31 8 15 16
31 8 18 16
31 8 19 16
31 8 22 16
31 8 24 16
31 8 29 16
31 9 2 12
31 9 4 12
31 9 8 12
31 9 14 12
31 9 16 12
31 9 18 12
31 9 19 12
31 9 20 12
31 10 3 18
31 10 7 12
31 10 9 12
31 10 15 18
31 10 23 18
31 11 7 12
31 11 9 12
31 11 15 18
31 11 22 18
31 11 26 18
31 12 2 16
31 12 3 16
31 12 4 16
31 12 5 16
31 12 7 16
31 12 8 16
31 12 9 16
31 12 14 16
31 12 15 16
31 12 16 16
31 12 18 16
31 12 19 16
31 12 20 16
31 12 21 16
31 12 25 16
31 12 29 16
31 13 3 12
31 13 5 12
31 13 21 12
31 13 25 12
31 14 2 12
31 14 16 12
31 15 3 16
31 15 6 16
31 15 10 16
31 15 11 16
31 15 12 16
31 15 13 16
31 15 15 16
31 15 17 16
31 15 18 16
31 15 19 16
31 15 21 16
31 15 23 16
31 15 26 16
31 15 27 16
31 15 28 16
31 15 29 16
31 16 2 16
31 16 3 16
31 16 4 16
31 16 5 16
31 16 8 16
31 16 10 16
31 16 12 16
31 16 13 16
31 16 14 16
31 16 16 16
31 16 18 16
31 16 19 16
31 16 20 16
31 16 21 16
31 16 25 16
31 16 28 16
31 17 15 12
31 17 29 12
31 18 6 12
31 18 10 12
31 18 26 12
31 18 28 12
31 19 2 16
31 19 6 16
31 19 10 16
31 19 11 16
31 19 12 16
31 19 13 16
31 19 15 16
31 19 16 16
31 19 17 16
31 19 22 16
31 19 23 16
31 19 24 16
31 19 26 16
31 19 27 16
31 19 28 16
31 19 29 16
31 20 5 18
31 20 9 18
31 20 16 18
31 20 22 12
31 20 24 12
31 21 8 18
31 21 16 18
31 21 22 12
31 21 24 12
31 21 28 18
31 22 11 12
31 22 12 12
31 22 13 12
31 22 15 12
31 22 17 12
31 22 23 12
31 22 27 12
31 22 29 12
31 23 2 16
31 23 7 16
31 23 9 16
31 23 12 16
31 23 13 16
31 23 16 16
31 23 23 16
31 23 27 16
31 24 6 12
31 24 22 12
31 24 24 12
31 24 26 12
31 25 2 16
31 25 3 16
31 25 4 16
31 25 6 16
31 25 8 16
31 25 12 16
31 25 13 16
31 25 15 16
31 25 16 16
31 25 21 16
31 25 22 16
31 25 23 16
31 25 24 16
31 25 26 16
31 25 27 16
31 25 29 16
31 26 11 12
31 26 17 12
31 27 10 12
31 27 11 18
31 27 13 18
31 27 22 18
31 27 28 12
31 28 15 12
31 28 23 12
31 28 27 12
31 28 29 12
31 30 18 12
31 30 19 12
31 30 23 12
31 30 27 12
37 3 11 16
37 3 12 16
37 3 27 16
37 3 34 16
37 4 6 18
37 4 7 18
37 4 8 18
37 4 14 18
37 4 22 18
37 4 26 18
37 4 31 18
37 4 32 18
37 4 33 18
37 5 3 12
37 5 10 12
37 5 25 12
37 5 26 12
37 6 7 12
37 6 10 12
37 6 12 12
37 6 16 12
37 6 21 12
37 6 26 12
37 6 30 12
37 6 34 12
37 7 8 18
37 7 10 12
37 7 26 12
37 7 32 18
37 7 35 18
37 8 12 12
37 8 19 18
37 8 29 18
37 8 31 18
37 8 34 12
37 9 2 16
37 9 6 16
37 9 18 16
37 9 19 16
37 9 22 16
37 9 31 16
37 9 32 16
37 9 35 16
37 10 2 18
37 10 9 12
37 10 14 18
37 10 20 18
37 10 33 12
37 11 6 16
37 11 21 12
37 11 22 16
37 11 30 12
37 11 31 16
37 11 32 16
37 12 4 12
37 12 17 16
37 12 18 16
37 12 24 16
37 12 28 12
37 12 35 16
37 13 9 12
37 13 18 18
37 13 24 18
37 13 31 18
37 13 33 12
37 15 5 12
37 15 9 12
37 15 10 12
37 15 12 12
37 15 15 12
37 15 17 12
37 15 21 12
37 15 24 12
37 15 26 12
37 15 30 12
37 15 33 12
37 15 34 12
37 17 2 18
37 17 10 18
37 17 18 18
37 17 19 18
37 17 22 18
37 17 28 18
37 17 32 18
37 17 34 18
37 17 35 18
37 18 3 16
37 18 7 16
37 18 16 16
37 18 25 16
37 19 12 16
37 19 21 16
37 19 30 16
37 19 34 16
37 20 2 18
37 20 3 18
37 20 5 18
37 20 9 18
37 20 15 18
37 20 18 18
37 20 19 18
37 20 27 18
37 20 35 18
37 22 3 12
37 22 4 12
37 22 7 12
37 22 11 12
37 22 13 12
37 22 16 12
37 22 20 12
37 22 22 12
37 22 25 12
37 22 27 12
37 22 28 12
37 22 32 12
37 24 4 12
37 24 6 18
37 24 13 18
37 24 19 18
37 24 28 12
37 25 2 16
37 25 9 12
37 25 13 16
37 25 19 16
37 25 20 16
37 25 33 12
37 26 5 16
37 26 6 16
37 26 7 12
37 26 15 16
37 26 16 12
37 26 31 16
37 27 4 12
37 27 17 18
37 27 23 18
37 27 28 12
37 27 35 18
37 28 2 16
37 28 5 16
37 28 6 16
37 28 15 16
37 28 18 16
37 28 19 16
37 28 31 16
37 28 35 16
37 29 3 12
37 29 6 18
37 29 8 18
37 29 18 18
37 29 25 12
37 30 2 18
37 30 5 18
37 30 11 12
37 30 27 12
37 30 29 18
37 31 3 12
37 31 7 12
37 31 11 12
37 31 16 12
37 31 21 12
37 31 25 12
37 31 27 12
37 31 30 12
37 32 11 12
37 32 12 12
37 32 27 12
37 32 34 12
37 33 4 18
37 33 5 18
37 33 6 18
37 33 11 18
37 33 15 18
37 33 23 18
37 33 29 18
37 33 30 18
37 33 31 18
37 34 3 16
37 34 10 16
37 34 25 16
37 34 26 16
41 1 7 18
41 1 12 16
41 1 15 18
41 1 16 12
41 1 17 18
41 1 18 12
41 1 23 12
41 1 24 16
41 1 25 12
41 1 27 16
41 1 38 16
41 3 2 18
41 3 4 18
41 3 9 18
41 3 15 18
41 3 20 12
41 3 21 18
41 3 23 12
41 3 25 12
41 3 28 18
41 3 31 18
41 3 32 18
41 3 38 18
41 3 39 12
41 6 3 16
41 6 11 16
41 6 12 16
41 6 14 16
41 6 15 16
41 6 24 16
41 6 26 16
41 6 30 16
41 7 4 12
41 7 5 12
41 7 6 12
41 7 7 12
41 7 9 18
41 7 10 18
41 7 11 12
41 7 14 18
41 7 15 12
41 7 17 18
41 7 22 12
41 7 23 18
41 7 25 18
41 7 27 12
41 7 28 12
41 7 31 12
41 7 32 18
41 7 33 12
41 7 34 18
41 7 37 18
41 7 38 12
41 8 5 12
41 8 10 12
41 8 11 18
41 8 22 18
41 8 26 16
41 8 27 16
41 8 29 18
41 8 30 16
41 8 33 12
41 8 37 12
41 8 38 16
41 9 2 18
41 9 3 12
41 9 4 12
41 9 8 12
41 9 10 12
41 9 14 12
41 9 16 18
41 9 17 12
41 9 20 12
41 9 22 18
41 9 25 18
41 9 27 18
41 9 28 18
41 9 29 12
41 9 31 12
41 9 34 18
41 9 35 18
41 9 36 12
41 9 37 12
41 9 38 18
41 9 39 12
41 12 10 16
41 12 16 16
41 12 18 16
41 12 37 16
41 14 5 12
41 14 6 18
41 14 12 16
41 14 23 12
41 14 24 16
41 14 25 12
41 14 26 18
41 14 33 12
41 14 34 16
41 14 35 16
41 14 38 18
41 16 6 18
41 16 9 12
41 16 10 12
41 16 12 18
41 16 22 16
41 16 27 16
41 16 28 16
41 16 32 12
41 16 34 18
41 16 37 12
41 16 38 16
41 17 5 12
41 17 8 18
41 17 9 12
41 17 10 18
41 17 13 18
41 17 16 18
41 17 17 12
41 17 19 18
41 17 20 12
41 17 22 12
41 17 23 12
41 17 25 12
41 17 26 18
41 17 28 12
41 17 29 12
41 17 30 18
41 17 32 12
41 17 33 12
41 17 34 18
41 17 35 18
41 17 39 12
41 18 3 18
41 18 4 18
41 18 5 18
41 18 9 12
41 18 10 18
41 18 12 18
41 18 20 12
41 18 22 18
41 18 31 18
41 18 32 12
41 18 33 18
41 18 37 18
41 18 39 12
41 20 8 16
41 20 9 16
41 20 32 16
41 20 36 16
41 21 5 16
41 21 9 16
41 21 32 16
41 21 33 16
41 23 2 12
41 23 4 18
41 23 8 18
41 23 9 12
41 23 10 18
41 23 19 18
41 23 21 12
41 23 29 18
41 23 31 18
41 23 32 12
41 23 36 18
41 23 37 18
41 23 38 18
41 24 2 12
41 24 6 18
41 24 7 18
41 24 8 12
41 24 9 12
41 24 11 18
41 24 12 12
41 24 13 12
41 24 15 18
41 24 16 12
41 24 18 12
41 24 19 12
41 24 21 12
41 24 22 18
41 24 24 12
41 24 25 18
41 24 28 18
41 24 31 18
41 24 32 12
41 24 33 18
41 24 36 12
41 25 3 16
41 25 4 12
41 25 7 18
41 25 9 12
41 25 13 16
41 25 14 16
41 25 19 16
41 25 29 18
41 25 31 12
41 25 32 12
41 25 35 18
41 27 3 18
41 27 6 16
41 27 7 16
41 27 8 12
41 27 15 18
41 27 16 12
41 27 17 16
41 27 18 12
41 27 29 16
41 27 35 18
41 27 36 12
41 29 4 16
41 29 23 16
41 29 25 16
41 29 31 16
41 32 2 12
41 32 3 18
41 32 4 12
41 32 5 12
41 32 6 18
41 32 7 18
41 32 10 12
41 32 12 12
41 32 13 18
41 32 14 18
41 32 16 18
41 32 19 18
41 32 21 12
41 32 24 12
41 32 25 18
41 32 27 12
41 32 31 12
41 32 33 12
41 32 37 12
41 32 38 12
41 32 39 18
41 33 3 16
41 33 4 12
41 33 8 12
41 33 11 16
41 33 12 18
41 33 14 16
41 33 15 16
41 33 19 18
41 33 30 18
41 33 31 12
41 33 36 12
41 34 3 12
41 34 4 18
41 34 7 18
41 34 8 12
41 34 9 18
41 34 10 12
41 34 13 12
41 34 14 12
41 34 16 18
41 34 18 18
41 34 19 12
41 34 24 18
41 34 26 12
41 34 27 18
41 34 30 12
41 34 31 18
41 34 32 18
41 34 34 12
41 34 35 12
41 34 36 12
41 34 37 12
41 35 11 16
41 35 15 16
41 35 17 16
41 35 26 16
41 35 27 16
41 35 29 16
41 35 30 16
41 35 38 16
41 38 2 12
41 38 3 18
41 38 9 18
41 38 10 18
41 38 13 18
41 38 16 12
41 38 18 12
41 38 20 18
41 38 21 12
41 38 26 18
41 38 32 18
41 38 37 18
41 38 39 18
41 40 3 16
41 40 14 16
41 40 16 12
41 40 17 16
41 40 18 12
41 40 23 12
41 40 24 18
41 40 25 12
41 40 26 18
41 40 29 16
41 40 34 18
43 1 4 12
43 1 10 12
43 1 11 12
43 1 13 12
43 3 4 12
43 3 5 18
43 3 11 12
43 3 22 18
43 3 28 18
43 4 7 12
43 4 10 16
43 4 13 16
43 4 16 16
43 4 35 16
43 4 37 12
43 5 3 16
43 5 10 16
43 5 13 16
43 5 25 16
43 5 29 16
43 5 31 16
43 5 32 16
43 5 39 16
43 7 6 16
43 7 9 16
43 7 24 16
43 7 36 16
43 8 9 12
43 8 20 12
43 8 24 12
43 8 28 12
43 9 9 16
43 9 10 16
43 9 13 16
43 9 24 16
43 9 30 12
43 9 33 12
43 10 8 12
43 10 15 12
43 10 23 12
43 10 27 12
43 11 2 12
43 11 17 12
43 11 22 12
43 11 38 12
43 12 4 16
43 12 9 16
43 12 11 16
43 12 15 16
43 12 16 16
43 12 23 16
43 12 24 16
43 12 35 16
43 13 8 12
43 13 27 12
43 13 30 12
43 13 33 12
43 14 17 16
43 14 25 16
43 14 31 16
43 14 32 12
43 14 38 16
43 14 39 12
43 15 2 12
43 15 20 12
43 15 22 12
43 15 28 12
43 16 12 18
43 16 14 12
43 16 27 18
43 16 29 18
43 16 40 12
43 17 2 12
43 17 3 12
43 17 8 12
43 17 12 12
43 17 18 12
43 17 22 12
43 17 27 12
43 17 29 12
43 18 13 18
43 18 23 18
43 18 25 18
43 18 30 12
43 18 33 12
43 19 19 12
43 19 30 12
43 19 33 12
43 19 34 12
43 20 12 12
43 20 17 12
43 20 18 12
43 20 38 12
43 21 5 16
43 21 9 12
43 21 24 12
43 21 26 16
43 21 30 16
43 21 33 16
43 22 10 16
43 22 13 16
43 22 17 16
43 22 19 12
43 22 34 12
43 22 38 16
43 23 5 12
43 23 25 12
43 23 26 12
43 23 31 12
43 24 9 12
43 24 10 12
43 24 13 12
43 24 24 12
43 25 10 12
43 25 13 12
43 25 18 18
43 25 20 18
43 25 30 18
43 26 14 12
43 26 16 12
43 26 21 12
43 26 25 12
43 26 31 12
43 26 35 12
43 26 40 12
43 26 41 12
43 27 3 12
43 27 14 18
43 27 16 18
43 27 29 12
43 27 31 18
43 28 15 12
43 28 21 12
43 28 23 12
43 28 41 12
43 29 4 12
43 29 5 16
43 29 11 12
43 29 12 16
43 29 18 16
43 29 26 16
43 30 10 12
43 30 13 12
43 30 16 12
43 30 35 12
43 31 8 16
43 31 19 16
43 31 20 16
43 31 27 16
43 31 28 16
43 31 32 16
43 31 34 16
43 31 39 16
43 32 5 12
43 32 21 12
43 32 26 12
43 32 41 12
43 33 16 12
43 33 20 12
43 33 28 12
43 33 35 12
43 34 10 12
43 34 13 12
43 34 19 16
43 34 30 16
43 34 33 16
43 34 34 16
43 35 15 12
43 35 19 12
43 35 23 12
43 35 34 12
43 36 7 16
43 36 19 16
43 36 34 16
43 36 37 16
43 38 4 16
43 38 11 16
43 38 12 16
43 38 14 16
43 38 18 16
43 38 30 16
43 38 33 16
43 38 40 16
43 39 6 12
43 39 8 16
43 39 27 16
43 39 30 16
43 39 33 16
43 39 36 12
43 40 15 18
43 40 21 18
43 40 32 12
43 40 38 18
43 40 39 12
43 42 30 12
43 42 32 12
43 42 33 12
43 42 39 12
47 0 3 16
47 0 5 16
47 0 10 12
47 0 14 12
47 0 16 16
47 0 19 16
47 0 28 16
47 0 31 16
47 0 33 12
47 0 37 12
47 0 42 16
47 0 44 16
47 1 9 16
47 1 13 12
47 1 14 16
47 1 21 16
47 1 26 16
47 1 28 12
47 1 29 12
47 1 35 16
47 1 37 16
47 1 38 16
47 1 42 12
47 1 43 16
47 6 5 12
47 6 17 12
47 6 19 12
47 6 26 12
47 6 31 12
47 6 36 12
47 6 38 12
47 6 44 12
47 8 15 18
47 8 20 12
47 8 23 18
47 8 28 12
47 8 40 12
47 8 42 12
47 8 43 18
47 9 2 12
47 9 4 18
47 9 11 12
47 9 16 18
47 9 24 12
47 9 28 18
47 9 30 12
47 11 3 12
47 11 15 12
47 11 16 12
47 11 19 18
47 11 22 12
47 11 41 18
47 11 44 18
47 12 2 16
47 12 5 16
47 12 10 16
47 12 14 12
47 12 19 16
47 12 23 12
47 12 24 16
47 12 25 16
47 12 32 16
47 12 33 16
47 12 37 12
47 12 45 12
47 13 3 12
47 13 4 12
47 13 12 12
47 13 16 12
47 13 26 12
47 13 28 12
47 13 38 12
47 13 42 12
47 14 6 12
47 14 8 12
47 14 20 12
47 14 23 12
47 14 26 12
47 14 38 12
47 14 40 12
47 14 45 12
47 19 9 12
47 19 10 12
47 19 13 12
47 19 21 12
47 19 29 12
47 19 33 12
47 19 39 12
47 19 41 12
47 21 4 12
47 21 7 12
47 21 12 12
47 21 25 12
47 21 27 12
47 21 32 12
47 21 35 12
47 21 43 12
47 26 4 12
47 26 12 12
47 26 15 12
47 26 20 12
47 26 22 12
47 26 35 12
47 26 40 12
47 26 43 12
47 28 6 12
47 28 8 12
47 28 14 12
47 28 18 12
47 28 26 12
47 28 34 12
47 28 37 12
47 28 38 12
47 33 2 12
47 33 7 12
47 33 9 12
47 33 21 12
47 33 24 12
47 33 27 12
47 33 39 12
47 33 41 12
47 34 5 12
47 34 9 12
47 34 19 12
47 34 21 12
47 34 31 12
47 34 35 12
47 34 43 12
47 34 44 12
47 35 2 12
47 35 10 12
47 35 14 16
47 35 15 16
47 35 22 16
47 35 23 16
47 35 24 12
47 35 28 16
47 35 33 12
47 35 37 16
47 35 42 16
47 35 45 16
47 36 3 18
47 36 6 18
47 36 25 12
47 36 28 18
47 36 31 12
47 36 32 12
47 36 44 12
47 38 17 12
47 38 19 18
47 38 23 12
47 38 31 18
47 38 36 12
47 38 43 18
47 38 45 12
47 39 4 18
47 39 5 12
47 39 7 12
47 39 19 12
47 39 24 18
47 39 27 12
47 39 32 18
47 41 3 12
47 41 9 12
47 41 11 12
47 41 16 12
47 41 21 12
47 41 28 12
47 41 30 12
47 41 42 12
47 46 4 16
47 46 5 12
47 46 9 16
47 46 10 16
47 46 12 16
47 46 18 12
47 46 19 12
47 46 21 16
47 46 26 16
47 46 33 16
47 46 34 12
47 46 38 16
53 3 3 16
53 3 5 16
53 3 10 24
53 3 16 24
53 3 18 16
53 3 24 24
53 3 32 16
53 3 42 24
53 4 11 16
53 4 28 16
53 4 29 16
53 4 36 16
53 5 4 24
53 5 5 16
53 5 26 16
53 5 32 16
53 5 40 24
53 5 44 24
53 5 47 24
53 5 51 16
53 7 5 16
53 7 11 24
53 7 17 24
53 7 23 16
53 7 25 24
53 7 29 24
53 7 30 16
53 7 32 16
53 8 3 24
53 8 18 24
53 8 21 24
53 8 34 24
53 8 35 24
53 8 39 24
53 8 48 24
53 8 50 24
53 9 2 16
53 9 5 16
53 9 8 16
53 9 12 16
53 9 14 16
53 9 19 16
53 9 20 16
53 9 21 16
53 9 23 16
53 9 27 16
53 9 30 16
53 9 31 16
53 9 32 16
53 9 34 16
53 9 39 16
53 9 48 16
53 10 2 16
53 10 3 16
53 10 7 16
53 10 15 16
53 10 18 16
53 10 21 16
53 10 22 16
53 10 24 16
53 10 27 16
53 10 38 16
53 10 41 16
53 10 42 16
53 10 44 16
53 10 46 16
53 10 47 16
53 10 48 16
53 11 2 24
53 11 12 24
53 11 14 24
53 11 19 24
53 11 23 24
53 11 27 24
53 11 30 24
53 11 31 24
53 12 5 16
53 12 7 24
53 12 11 24
53 12 21 16
53 12 29 24
53 12 32 16
53 12 38 24
53 12 48 16
53 13 2 24
53 13 21 24
53 13 23 24
53 13 27 24
53 13 30 24
53 13 33 24
53 13 45 24
53 13 48 24
53 15 7 16
53 15 13 16
53 15 17 16
53 15 25 16
53 15 37 16
53 15 38 16
53 15 43 16
53 15 49 16
53 17 7 16
53 17 15 16
53 17 38 16
53 17 46 16
53 18 4 24
53 18 7 24
53 18 8 16
53 18 20 16
53 18 22 16
53 18 38 24
53 18 40 24
53 18 41 16
53 23 3 16
53 23 6 24
53 23 9 24
53 23 10 24
53 23 16 24
53 23 18 16
53 23 26 16
53 23 51 16
53 26 4 16
53 26 8 16
53 26 10 16
53 26 11 16
53 26 12 16
53 26 16 16
53 26 17 16
53 26 20 16
53 26 21 16
53 26 22 16
53 26 25 16
53 26 29 16
53 26 31 16
53 26 40 16
53 26 41 16
53 26 48 16
53 27 5 16
53 27 12 16
53 27 13 16
53 27 22 16
53 27 24 16
53 27 28 16
53 27 31 16
53 27 32 16
53 27 33 16
53 27 36 16
53 27 37 16
53 27 41 16
53 27 42 16
53 27 43 16
53 27 45 16
53 27 49 16
53 30 2 16
53 30 27 16
53 30 35 16
53 30 37 24
53 30 43 24
53 30 44 24
53 30 47 24
53 30 50 16
53 35 12 16
53 35 13 24
53 35 15 24
53 35 31 16
53 35 33 16
53 35 45 16
53 35 46 24
53 35 49 24
53 36 7 16
53 36 15 16
53 36 38 16
53 36 46 16
53 38 4 16
53 38 10 16
53 38 15 16
53 38 16 16
53 38 28 16
53 38 36 16
53 38 40 16
53 38 46 16
53 40 5 24
53 40 8 24
53 40 20 24
53 40 23 24
53 40 26 24
53 40 30 24
53 40 32 24
53 40 51 24
53 41 5 16
53 41 15 24
53 41 21 16
53 41 24 24
53 41 32 16
53 41 42 24
53 41 46 24
53 41 48 16
53 42 22 24
53 42 23 24
53 42 26 24
53 42 30 24
53 42 34 24
53 42 39 24
53 42 41 24
53 42 51 24
53 43 5 16
53 43 6 16
53 43 7 16
53 43 9 16
53 43 11 16
53 43 12 16
53 43 15 16
53 43 26 16
53 43 29 16
53 43 31 16
53 43 32 16
53 43 35 16
53 43 38 16
53 43 46 16
53 43 50 16
53 43 51 16
53 44 5 16
53 44 14 16
53 44 19 16
53 44 21 16
53 44 22 16
53 44 23 16
53 44 26 16
53 44 30 16
53 44 32 16
53 44 33 16
53 44 34 16
53 44 39 16
53 44 41 16
53 44 45 16
53 44 48 16
53 44 51 16
53 45 3 24
53 45 5 24
53 45 14 24
53 45 18 24
53 45 19 24
53 45 32 24
53 45 35 24
53 45 50 24
53 46 21 16
53 46 23 16
53 46 24 24
53 46 28 24
53 46 30 16
53 46 36 24
53 46 42 24
53 46 48 16
53 48 2 16
53 48 6 24
53 48 9 24
53 48 13 24
53 48 21 16
53 48 27 16
53 48 48 16
53 48 49 24
53 49 17 16
53 49 24 16
53 49 25 16
53 49 42 16
53 50 11 24
53 50 21 16
53 50 29 24
53 50 35 16
53 50 37 24
53 50 43 24
53 50 48 16
53 50 50 16
59 1 4 16
59 1 15 16
59 1 29 16
59 1 57 16
59 3 2 16
59 3 22 16
59 3 30 16
59 3 47 16
59 3 49 16
59 3 51 16
59 3 53 16
59 3 54 16
59 4 5 16
59 4 7 16
59 4 12 16
59 4 16 16
59 4 17 16
59 4 19 16
59 4 28 16
59 4 48 16
59 5 5 16
59 5 6 16
59 5 9 16
59 5 10 16
59 5 12 16
59 5 13 16
59 5 46 16
59 5 50 16
59 7 6 18
59 7 8 18
59 7 16 24
59 7 18 24
59 7 22 24
59 7 23 24
59 7 31 24
59 7 37 18
59 7 39 18
59 7 40 24
59 7 43 18
59 7 44 18
59 7 48 24
59 7 50 18
59 7 51 24
59 7 55 18
59 7 56 18
59 8 4 18
59 8 5 18
59 8 12 18
59 8 15 18
59 8 16 24
59 8 22 18
59 8 27 24
59 8 35 24
59 8 36 18
59 8 42 24
59 8 47 24
59 8 48 24
59 8 49 18
59 8 51 18
59 8 52 24
59 8 54 24
59 8 57 18
59 10 19 16
59 10 21 16
59 10 28 16
59 10 45 16
59 12 3 18
59 12 4 24
59 12 7 18
59 12 15 24
59 12 16 18
59 12 17 18
59 12 21 18
59 12 25 18
59 12 26 18
59 12 29 24
59 12 44 24
59 12 45 18
59 12 47 24
59 12 51 18
59 12 54 24
59 12 55 24
59 12 57 24
59 13 3 16
59 13 19 16
59 13 20 16
59 13 28 16
59 14 18 16
59 14 23 16
59 14 24 16
59 14 32 16
59 14 44 16
59 14 47 16
59 14 54 16
59 14 55 16
59 15 2 18
59 15 8 16
59 15 18 18
59 15 21 24
59 15 25 24
59 15 26 24
59 15 29 24
59 15 37 16
59 15 42 18
59 15 45 24
59 15 47 16
59 15 49 24
59 15 53 24
59 15 54 16
59 15 57 24
59 16 2 24
59 16 5 18
59 16 7 18
59 16 12 18
59 16 13 24
59 16 14 24
59 16 17 18
59 16 25 18
59 16 26 18
59 16 30 24
59 16 31 24
59 16 32 18
59 16 34 18
59 16 37 18
59 16 38 24
59 16 40 24
59 16 50 24
59 17 4 18
59 17 5 24
59 17 7 18
59 17 8 18
59 17 9 24
59 17 12 24
59 17 13 18
59 17 21 24
59 17 22 24
59 17 37 18
59 17 39 18
59 17 45 24
59 17 46 24
59 17 48 18
59 17 50 18
59 17 51 24
59 17 56 18
59 18 2 16
59 18 6 16
59 18 10 16
59 18 30 16
59 18 31 16
59 18 40 16
59 18 44 16
59 18 55 16
59 19 5 16
59 19 8 16
59 19 12 16
59 19 18 16
59 19 23 16
59 19 37 16
59 19 49 16
59 19 53 16
59 20 3 24
59 20 9 24
59 20 20 24
59 20 21 24
59 20 22 24
59 20 24 16
59 20 30 18
59 20 32 16
59 20 33 16
59 20 34 16
59 20 38 18
59 20 40 18
59 20 45 24
59 20 46 24
59 20 51 24
59 23 8 16
59 23 9 16
59 23 16 16
59 23 37 16
59 23 44 16
59 23 46 16
59 23 48 16
59 23 55 16
59 24 4 24
59 24 12 18
59 24 13 18
59 24 14 18
59 24 15 24
59 24 19 18
59 24 22 24
59 24 29 18
59 24 36 24
59 24 38 18
59 24 39 18
59 24 41 24
59 24 49 24
59 24 50 18
59 24 51 24
59 24 53 24
59 24 56 18
59 25 14 16
59 25 38 16
59 25 44 16
59 25 55 16
59 26 3 24
59 26 6 18
59 26 8 16
59 26 11 16
59 26 19 24
59 26 20 24
59 26 23 18
59 26 28 24
59 26 29 24
59 26 37 16
59 26 40 18
59 26 43 16
59 26 49 24
59 26 53 24
59 26 57 24
59 27 6 16
59 27 8 16
59 27 10 16
59 27 24 16
59 27 32 16
59 27 37 16
59 27 47 16
59 27 54 16
59 32 5 16
59 32 12 16
59 32 22 16
59 32 27 16
59 32 35 16
59 32 49 16
59 32 51 16
59 32 53 16
59 33 2 24
59 33 6 24
59 33 10 24
59 33 16 16
59 33 19 18
59 33 22 16
59 33 30 24
59 33 31 24
59 33 36 18
59 33 39 24
59 33 40 24
59 33 48 16
59 33 51 16
59 33 53 18
59 33 56 24
59 34 4 16
59 34 15 16
59 34 21 16
59 34 45 16
59 35 3 18
59 35 6 24
59 35 8 24
59 35 9 18
59 35 10 24
59 35 18 24
59 35 20 18
59 35 21 18
59 35 23 24
59 35 30 18
59 35 37 24
59 35 40 18
59 35 44 24
59 35 45 18
59 35 46 18
59 35 47 18
59 35 55 24
59 36 4 16
59 36 11 16
59 36 13 16
59 36 15 16
59 36 22 16
59 36 43 16
59 36 50 16
59 36 51 16
59 39 8 24
59 39 13 24
59 39 14 24
59 39 19 18
59 39 21 18
59 39 25 16
59 39 26 16
59 39 27 16
59 39 29 18
59 39 35 16
59 39 37 24
59 39 38 24
59 39 39 24
59 39 50 24
59 39 56 24
59 40 6 16
59 40 10 16
59 40 22 16
59 40 36 16
59 40 41 16
59 40 47 16
59 40 51 16
59 40 54 16
59 41 4 16
59 41 15 16
59 41 19 16
59 41 28 16
59 41 29 16
59 41 49 16
59 41 53 16
59 41 57 16
59 42 3 18
59 42 8 24
59 42 9 18
59 42 11 18
59 42 13 24
59 42 14 24
59 42 20 18
59 42 22 18
59 42 37 24
59 42 38 24
59 42 46 18
59 42 47 24
59 42 50 24
59 42 51 18
59 42 52 18
59 42 54 24
59 42 55 18
59 43 9 24
59 43 19 24
59 43 21 24
59 43 22 18
59 43 25 18
59 43 27 18
59 43 28 24
59 43 29 24
59 43 33 18
59 43 34 18
59 43 42 18
59 43 45 24
59 43 46 24
59 43 47 18
59 43 52 18
59 43 54 18
59 43 57 24
59 44 2 24
59 44 5 16
59 44 6 24
59 44 10 24
59 44 12 16
59 44 14 24
59 44 17 18
59 44 22 16
59 44 30 24
59 44 33 24
59 44 34 24
59 44 38 24
59 44 41 18
59 44 51 16
59 44 57 18
59 45 4 16
59 45 5 16
59 45 12 16
59 45 15 16
59 45 27 16
59 45 35 16
59 45 36 16
59 45 41 16
59 46 31 16
59 46 39 16
59 46 40 16
59 46 56 16
59 47 2 24
59 47 4 24
59 47 5 24
59 47 8 18
59 47 12 24
59 47 14 18
59 47 15 24
59 47 30 24
59 47 33 18
59 47 34 18
59 47 38 18
59 47 42 18
59 47 43 18
59 47 44 24
59 47 52 18
59 47 55 24
59 47 56 18
59 49 14 16
59 49 31 16
59 49 38 16
59 49 40 16
59 51 2 18
59 51 5 24
59 51 7 24
59 51 8 18
59 51 10 18
59 51 11 24
59 51 12 24
59 51 17 24
59 51 23 18
59 51 24 24
59 51 32 24
59 51 37 18
59 51 43 24
59 51 44 18
59 51 47 18
59 51 54 18
59 51 55 18
59 52 3 18
59 52 4 18
59 52 8 24
59 52 9 18
59 52 11 24
59 52 15 18
59 52 16 18
59 52 19 24
59 52 20 18
59 52 22 18
59 52 28 24
59 52 36 24
59 52 37 24
59 52 41 24
59 52 43 24
59 52 51 18
59 52 53 18
59 54 9 16
59 54 13 16
59 54 46 16
59 54 47 16
59 54 49 16
59 54 50 16
59 54 53 16
59 54 54 16
59 55 11 16
59 55 31 16
59 55 40 16
59 55 42 16
59 55 43 16
59 55 47 16
59 55 52 16
59 55 54 16
59 56 5 16
59 56 6 16
59 56 8 16
59 56 10 16
59 56 12 16
59 56 29 16
59 56 37 16
59 56 57 16
59 58 2 16
59 58 30 16
59 58 44 16
59 58 55 16
61 1 3 16
61 1 10 16
61 1 15 16
61 1 17 16
61 1 18 16
61 1 19 16
61 1 26 16
61 1 29 16
61 1 36 16
61 1 39 16
61 1 40 16
61 1 41 16
61 1 45 16
61 1 54 16
61 1 55 16
61 1 57 16
61 3 3 16
61 3 9 16
61 3 14 16
61 3 20 16
61 3 34 16
61 3 41 16
61 3 48 16
61 3 58 16
61 5 11 24
61 5 21 24
61 5 22 18
61 5 32 24
61 5 36 18
61 5 50 24
61 5 57 18
61 6 2 24
61 6 17 24
61 6 18 24
61 6 24 24
61 6 26 24
61 6 28 24
61 6 29 24
61 6 30 24
61 6 31 24
61 6 33 24
61 6 37 24
61 6 38 24
61 6 40 24
61 6 53 24
61 6 54 24
61 6 59 24
61 7 7 24
61 7 17 24
61 7 18 24
61 7 21 24
61 7 32 24
61 7 33 24
61 7 35 24
61 7 37 24
61 9 18 18
61 9 29 18
61 9 33 18
61 9 35 18
61 9 37 18
61 9 40 18
61 9 43 18
61 9 44 18
61 9 54 18
61 11 10 16
61 11 14 16
61 11 15 16
61 11 21 16
61 11 22 16
61 11 25 16
61 11 30 16
61 11 32 16
61 11 33 16
61 11 36 16
61 11 37 16
61 11 39 16
61 11 48 16
61 11 55 16
61 11 57 16
61 11 59 16
61 12 12 16
61 12 14 16
61 12 48 16
61 12 56 16
61 13 25 18
61 13 30 24
61 13 33 24
61 13 37 24
61 13 45 18
61 13 47 18
61 13 59 24
61 14 2 16
61 14 7 16
61 14 8 16
61 14 11 16
61 14 17 16
61 14 18 16
61 14 23 16
61 14 24 16
61 14 28 16
61 14 29 16
61 14 30 16
61 14 31 16
61 14 35 16
61 14 40 16
61 14 50 16
61 14 59 16
61 15 9 16
61 15 22 16
61 15 25 16
61 15 34 16
61 16 6 24
61 16 13 18
61 16 41 18
61 16 43 24
61 16 44 24
61 16 49 18
61 16 51 24
61 17 9 16
61 17 19 16
61 17 20 16
61 17 22 16
61 17 25 16
61 17 34 16
61 17 45 16
61 17 58 16
61 18 6 16
61 18 7 16
61 18 8 16
61 18 10 16
61 18 23 16
61 18 24 16
61 18 28 16
61 18 30 16
61 18 33 16
61 18 35 16
61 18 37 16
61 18 38 16
61 18 51 16
61 18 53 16
61 18 55 16
61 18 59 16
61 19 3 16
61 19 4 16
61 19 8 16
61 19 10 16
61 19 12 16
61 19 21 16
61 19 23 16
61 19 26 16
61 19 27 16
61 19 32 16
61 19 41 16
61 19 46 16
61 19 52 16
61 19 54 16
61 19 55 16
61 19 56 16
61 22 16 16
61 22 20 16
61 22 42 16
61 22 58 16
61 23 10 24
61 23 15 18
61 23 24 24
61 23 27 18
61 23 28 24
61 23 46 18
61 23 55 24
61 24 6 16
61 24 7 16
61 24 19 24
61 24 20 24
61 24 35 16
61 24 45 24
61 24 51 16
61 24 58 24
61 25 8 16
61 25 15 24
61 25 23 16
61 25 24 16
61 25 28 16
61 25 36 24
61 25 39 24
61 25 57 24
61 26 21 18
61 26 24 18
61 26 30 18
61 26 32 18
61 26 33 18
61 26 35 18
61 26 37 18
61 26 50 18
61 26 59 18
61 27 12 16
61 27 36 16
61 27 39 16
61 27 56 16
61 28 4 16
61 28 6 16
61 28 9 16
61 28 11 16
61 28 12 16
61 28 17 16
61 28 18 16
61 28 19 16
61 28 34 16
61 28 43 16
61 28 44 16
61 28 45 16
61 28 46 16
61 28 50 16
61 28 51 16
61 28 56 16
61 33 5 16
61 33 10 16
61 33 11 16
61 33 15 16
61 33 16 16
61 33 17 16
61 33 18 16
61 33 27 16
61 33 42 16
61 33 43 16
61 33 44 16
61 33 49 16
61 33 50 16
61 33 52 16
61 33 55 16
61 33 57 16
61 34 5 16
61 34 22 16
61 34 25 16
61 34 49 16
61 35 2 18
61 35 11 18
61 35 24 18
61 35 26 18
61 35 28 18
61 35 29 18
61 35 31 18
61 35 37 18
61 35 40 18
61 36 4 24
61 36 22 24
61 36 25 24
61 36 33 16
61 36 37 16
61 36 38 16
61 36 46 24
61 36 53 16
61 37 3 24
61 37 10 16
61 37 16 24
61 37 26 16
61 37 41 24
61 37 42 24
61 37 54 16
61 37 55 16
61 38 6 24
61 38 15 18
61 38 33 24
61 38 34 18
61 38 37 24
61 38 46 18
61 38 51 24
61 39 3 16
61 39 19 16
61 39 41 16
61 39 45 16
61 42 5 16
61 42 6 16
61 42 7 16
61 42 9 16
61 42 15 16
61 42 20 16
61 42 29 16
61 42 34 16
61 42 35 16
61 42 38 16
61 42 40 16
61 42 49 16
61 42 51 16
61 42 53 16
61 42 57 16
61 42 58 16
61 43 2 16
61 43 6 16
61 43 8 16
61 43 10 16
61 43 23 16
61 43 24 16
61 43 26 16
61 43 28 16
61 43 31 16
61 43 33 16
61 43 37 16
61 43 38 16
61 43 51 16
61 43 53 16
61 43 54 16
61 43 55 16
61 44 3 16
61 44 16 16
61 44 27 16
61 44 36 16
61 44 39 16
61 44 41 16
61 44 42 16
61 44 52 16
61 45 10 24
61 45 12 18
61 45 17 24
61 45 18 24
61 45 20 18
61 45 48 18
61 45 55 24
61 46 27 16
61 46 36 16
61 46 39 16
61 46 52 16
61 47 2 16
61 47 11 16
61 47 21 16
61 47 26 16
61 47 30 16
61 47 31 16
61 47 32 16
61 47 33 16
61 47 37 16
61 47 38 16
61 47 43 16
61 47 44 16
61 47 50 16
61 47 53 16
61 47 54 16
61 47 59 16
61 48 2 24
61 48 14 18
61 48 16 18
61 48 24 24
61 48 28 24
61 48 31 24
61 48 36 18
61 49 5 16
61 49 13 16
61 49 47 16
61 49 49 16
61 50 2 16
61 50 4 16
61 50 6 16
61 50 13 16
61 50 22 16
61 50 24 16
61 50 25 16
61 50 28 16
61 50 29 16
61 50 31 16
61 50 36 16
61 50 39 16
61 50 40 16
61 50 46 16
61 50 47 16
61 50 51 16
61 52 7 18
61 52 17 18
61 52 18 18
61 52 21 18
61 52 24 18
61 52 26 18
61 52 28 18
61 52 32 18
61 52 43 18
61 54 24 24
61 54 26 24
61 54 28 24
61 54 29 24
61 54 40 24
61 54 43 24
61 54 44 24
61 54 54 24
61 55 2 24
61 55 7 24
61 55 8 24
61 55 21 24
61 55 23 24
61 55 24 24
61 55 28 24
61 55 30 24
61 55 31 24
61 55 32 24
61 55 33 24
61 55 35 24
61 55 37 24
61 55 43 24
61 55 44 24
61 55 59 24
61 56 4 18
61 56 11 24
61 56 25 18
61 56 29 24
61 56 39 18
61 56 40 24
61 56 50 24
61 58 3 16
61 58 13 16
61 58 20 16
61 58 27 16
61 58 41 16
61 58 47 16
61 58 52 16
61 58 58 16
61 60 4 16
61 60 6 16
61 60 7 16
61 60 16 16
61 60 20 16
61 60 21 16
61 60 22 16
61 60 25 16
61 60 32 16
61 60 35 16
61 60 42 16
61 60 43 16
61 60 44 16
61 60 46 16
61 60 51 16
61 60 58 16
67 1 4 16
67 1 6 18
67 1 8 18
67 1 9 16
67 1 10 18
67 1 12 18
67 1 15 16
67 1 17 16
67 1 19 18
67 1 26 16
67 1 31 18
67 1 36 16
67 1 47 18
67 1 49 16
67 1 54 16
67 1 56 18
67 1 60 18
67 4 6 24
67 4 9 24
67 4 10 24
67 4 15 24
67 4 16 24
67 4 21 24
67 4 22 16
67 4 26 24
67 4 29 24
67 4 33 16
67 4 36 24
67 4 37 24
67 4 39 24
67 4 47 24
67 4 49 24
67 4 54 24
67 4 55 24
67 4 56 24
67 4 64 16
67 4 65 16
67 7 4 24
67 7 13 18
67 7 17 24
67 7 18 18
67 7 23 16
67 7 25 16
67 7 35 16
67 7 40 24
67 7 58 18
67 7 59 16
67 7 62 24
67 9 2 16
67 9 4 16
67 9 9 18
67 9 14 18
67 9 15 18
67 9 17 16
67 9 19 18
67 9 25 18
67 9 26 18
67 9 33 18
67 9 34 16
67 9 36 16
67 9 43 16
67 9 53 16
67 9 54 16
67 9 59 18
67 9 65 18
67 10 16 16
67 10 19 16
67 10 21 16
67 10 22 16
67 10 23 16
67 10 35 16
67 10 60 16
67 10 64 16
67 12 2 16
67 12 3 18
67 12 12 16
67 12 17 18
67 12 20 18
67 12 21 18
67 12 28 16
67 12 30 16
67 12 34 16
67 12 38 16
67 12 40 18
67 12 45 18
67 12 46 16
67 12 51 16
67 12 52 18
67 12 57 18
67 12 58 18
67 13 6 16
67 13 40 16
67 13 56 16
67 13 62 16
67 14 6 18
67 14 7 16
67 14 18 24
67 14 22 18
67 14 32 24
67 14 40 18
67 14 41 24
67 14 44 24
67 14 48 16
67 14 52 16
67 14 58 16
67 15 33 16
67 15 40 16
67 15 62 16
67 15 65 16
67 17 13 18
67 17 14 16
67 17 22 16
67 17 24 16
67 17 30 18
67 17 31 18
67 17 34 18
67 17 38 18
67 17 43 18
67 17 46 16
67 17 50 18
67 17 51 16
67 17 52 16
67 17 57 18
67 17 58 16
67 17 63 18
67 17 64 16
67 19 4 16
67 19 8 18
67 19 11 16
67 19 13 18
67 19 17 16
67 19 18 18
67 19 25 16
67 19 31 18
67 19 32 18
67 19 38 18
67 19 42 18
67 19 43 18
67 19 46 16
67 19 51 16
67 19 53 18
67 19 59 16
67 19 61 16
67 20 4 24
67 20 6 16
67 20 9 24
67 20 15 24
67 20 17 24
67 20 29 16
67 20 37 16
67 20 42 18
67 20 48 18
67 20 50 18
67 20 56 16
67 22 22 16
67 22 23 16
67 22 35 16
67 22 64 16
67 23 3 16
67 23 20 16
67 23 23 16
67 23 29 16
67 23 35 16
67 23 37 16
67 23 45 16
67 23 57 16
67 30 2 16
67 30 6 18
67 30 7 16
67 30 10 16
67 30 14 18
67 30 15 18
67 30 19 16
67 30 22 18
67 30 24 18
67 30 29 18
67 30 34 16
67 30 37 18
67 30 47 16
67 30 48 16
67 30 59 18
67 30 60 16
67 30 64 18
67 31 3 16
67 31 5 16
67 31 7 18
67 31 13 16
67 31 16 18
67 31 27 16
67 31 31 16
67 31 32 18
67 31 35 18
67 31 44 18
67 31 45 16
67 31 46 16
67 31 48 18
67 31 49 18
67 31 50 18
67 31 51 16
67 31 63 18
67 32 6 18
67 32 9 16
67 32 15 16
67 32 22 18
67 32 23 16
67 32 26 16
67 32 29 18
67 32 35 16
67 32 37 18
67 32 39 16
67 32 48 18
67 32 49 16
67 32 53 18
67 32 55 16
67 32 56 18
67 32 58 18
67 32 64 18
67 33 4 18
67 33 7 24
67 33 10 18
67 33 11 16
67 33 18 24
67 33 32 16
67 33 41 24
67 33 44 16
67 33 48 24
67 33 54 18
67 33 61 16
67 34 6 16
67 34 13 18
67 34 19 24
67 34 23 16
67 34 26 24
67 34 35 16
67 34 49 24
67 34 56 16
67 34 57 18
67 34 60 24
67 34 63 18
67 35 3 18
67 35 9 18
67 35 11 18
67 35 12 16
67 35 14 18
67 35 18 16
67 35 19 18
67 35 28 16
67 35 30 18
67 35 32 16
67 35 38 18
67 35 41 16
67 35 44 16
67 35 45 18
67 35 52 16
67 35 58 16
67 35 61 18
67 36 4 18
67 36 16 16
67 36 17 18
67 36 18 18
67 36 19 18
67 36 21 16
67 36 22 16
67 36 23 18
67 36 32 18
67 36 35 18
67 36 36 16
67 36 40 16
67 36 51 18
67 36 54 16
67 36 60 18
67 36 62 16
67 36 64 16
67 37 3 18
67 37 7 16
67 37 8 18
67 37 19 16
67 37 20 16
67 37 30 18
67 37 33 16
67 37 38 18
67 37 43 18
67 37 45 18
67 37 48 16
67 37 52 18
67 37 53 18
67 37 57 16
67 37 60 16
67 37 61 18
67 37 65 16
67 44 10 16
67 44 22 16
67 44 30 16
67 44 32 16
67 44 38 16
67 44 44 16
67 44 47 16
67 44 64 16
67 45 3 16
67 45 32 16
67 45 44 16
67 45 45 16
67 47 11 16
67 47 17 18
67 47 19 18
67 47 25 18
67 47 30 16
67 47 38 16
67 47 50 24
67 47 52 24
67 47 58 24
67 47 61 16
67 47 63 24
67 48 6 16
67 48 8 16
67 48 14 18
67 48 16 16
67 48 21 16
67 48 24 18
67 48 25 18
67 48 29 18
67 48 35 18
67 48 36 18
67 48 42 16
67 48 49 18
67 48 50 16
67 48 54 18
67 48 56 16
67 48 59 18
67 48 63 16
67 50 3 16
67 50 4 18
67 50 9 16
67 50 10 18
67 50 15 16
67 50 16 16
67 50 17 18
67 50 21 16
67 50 24 18
67 50 29 18
67 50 33 18
67 50 36 18
67 50 37 18
67 50 43 16
67 50 45 16
67 50 53 16
67 50 54 18
67 52 2 16
67 52 5 16
67 52 27 16
67 52 34 16
67 53 9 16
67 53 15 16
67 53 19 16
67 53 23 24
67 53 26 24
67 53 27 18
67 53 35 24
67 53 45 18
67 53 49 24
67 53 60 16
67 53 61 18
67 54 5 16
67 54 11 16
67 54 27 16
67 54 61 16
67 55 9 18
67 55 10 18
67 55 15 18
67 55 16 16
67 55 21 16
67 55 22 18
67 55 27 18
67 55 29 16
67 55 33 16
67 55 37 16
67 55 39 16
67 55 46 18
67 55 47 18
67 55 50 18
67 55 55 16
67 55 64 18
67 55 65 16
67 57 3 16
67 57 7 16
67 57 32 16
67 57 44 16
67 57 45 16
67 57 46 16
67 57 48 16
67 57 51 16
67 58 2 18
67 58 8 18
67 58 13 16
67 58 14 16
67 58 24 16
67 58 31 16
67 58 33 16
67 58 34 18
67 58 41 18
67 58 42 18
67 58 48 18
67 58 50 16
67 58 52 18
67 58 53 18
67 58 58 18
67 58 63 16
67 58 65 16
67 60 5 24
67 60 8 16
67 60 9 18
67 60 27 24
67 60 32 16
67 60 42 16
67 60 44 16
67 60 49 18
67 60 50 24
67 60 54 18
67 60 63 24
67 63 2 16
67 63 3 16
67 63 11 24
67 63 12 24
67 63 13 24
67 63 18 24
67 63 20 24
67 63 28 24
67 63 30 24
67 63 31 24
67 63 34 16
67 63 38 24
67 63 41 24
67 63 45 16
67 63 46 24
67 63 51 24
67 63 52 24
67 63 57 24
67 63 58 24
67 63 61 24
67 66 7 18
67 66 11 18
67 66 13 16
67 66 18 16
67 66 20 18
67 66 31 16
67 66 36 18
67 66 41 16
67 66 48 18
67 66 50 16
67 66 52 16
67 66 55 18
67 66 57 18
67 66 58 16
67 66 59 18
67 66 61 18
67 66 63 16
71 0 5 24
71 0 10 18
71 0 14 24
71 0 22 24
71 0 25 18
71 0 26 18
71 0 29 24
71 0 42 24
71 0 45 18
71 0 46 18
71 0 49 24
71 0 57 24
71 0 61 18
71 0 66 24
71 1 7 16
71 1 17 16
71 1 21 16
71 1 31 16
71 1 44 16
71 1 46 16
71 1 55 16
71 1 61 16
71 3 10 18
71 3 11 18
71 3 13 18
71 3 17 18
71 3 19 18
71 3 22 18
71 3 23 18
71 3 26 18
71 3 27 18
71 3 34 18
71 3 41 18
71 3 47 18
71 3 52 18
71 3 53 18
71 3 56 18
71 3 59 18
71 3 65 18
71 3 67 18
71 6 11 18
71 6 13 18
71 6 23 18
71 6 27 18
71 6 30 18
71 6 31 18
71 6 33 18
71 6 34 18
71 6 37 18
71 6 46 18
71 6 47 18
71 6 53 18
71 6 55 18
71 6 59 18
71 6 62 18
71 6 63 18
71 6 67 18
71 6 68 18
71 7 8 16
71 7 9 16
71 7 23 16
71 7 34 16
71 7 58 16
71 7 59 16
71 7 60 16
71 7 65 16
71 8 14 18
71 8 20 18
71 8 22 18
71 8 23 18
71 8 25 18
71 8 26 18
71 8 28 18
71 8 33 18
71 8 34 18
71 8 35 18
71 8 41 18
71 8 42 18
71 8 49 18
71 8 53 18
71 8 62 18
71 8 65 18
71 8 66 18
71 8 67 18
71 9 6 16
71 9 12 16
71 9 15 16
71 9 19 16
71 9 27 16
71 9 29 16
71 9 49 16
71 9 50 16
71 13 2 24
71 13 14 18
71 13 17 24
71 13 26 24
71 13 29 18
71 13 30 24
71 13 36 24
71 13 41 24
71 13 45 24
71 13 46 24
71 13 50 18
71 13 55 18
71 13 57 18
71 13 62 18
71 14 6 16
71 14 11 16
71 14 12 16
71 14 13 16
71 14 17 16
71 14 27 16
71 14 46 16
71 14 50 16
71 15 2 18
71 15 3 18
71 15 4 18
71 15 8 18
71 15 10 18
71 15 11 18
71 15 24 18
71 15 25 18
71 15 36 18
71 15 37 18
71 15 38 18
71 15 39 18
71 15 43 18
71 15 48 18
71 15 54 18
71 15 57 18
71 15 64 18
71 15 68 18
71 16 14 16
71 16 17 16
71 16 31 16
71 16 46 16
71 16 53 16
71 16 55 16
71 16 66 16
71 16 67 16
71 17 10 16
71 17 23 16
71 17 29 16
71 17 31 16
71 17 34 16
71 17 49 16
71 17 55 16
71 17 64 16
71 18 4 18
71 18 7 18
71 18 12 18
71 18 24 18
71 18 26 18
71 18 28 18
71 18 31 18
71 18 33 18
71 18 35 18
71 18 47 18
71 18 52 18
71 18 55 18
71 18 61 18
71 18 62 18
71 18 63 18
71 18 67 18
71 18 68 18
71 18 69 18
71 19 2 18
71 19 3 18
71 19 5 18
71 19 8 18
71 19 9 18
71 19 16 18
71 19 17 18
71 19 24 18
71 19 29 18
71 19 30 18
71 19 38 18
71 19 43 18
71 19 45 18
71 19 49 18
71 19 54 18
71 19 55 18
71 19 57 18
71 19 67 18
71 22 14 16
71 22 35 16
71 22 39 16
71 22 51 16
71 22 52 16
71 22 56 16
71 22 66 16
71 22 69 16
71 24 3 18
71 24 6 18
71 24 10 18
71 24 12 18
71 24 15 18
71 24 19 18
71 24 20 18
71 24 24 18
71 24 30 18
71 24 32 18
71 24 33 18
71 24 37 18
71 24 42 18
71 24 45 18
71 24 48 18
71 24 50 18
71 24 52 18
71 24 57 18
71 25 4 16
71 25 5 16
71 25 6 16
71 25 12 16
71 25 18 16
71 25 27 16
71 25 50 16
71 25 57 16
71 27 11 16
71 27 13 16
71 27 23 16
71 27 26 16
71 27 28 16
71 27 33 16
71 27 34 16
71 27 41 16
71 28 4 18
71 28 16 24
71 28 21 18
71 28 26 24
71 28 27 24
71 28 30 18
71 28 34 18
71 28 40 24
71 28 41 24
71 28 50 24
71 28 56 18
71 28 58 18
71 28 59 24
71 28 65 24
71 30 21 16
71 30 23 16
71 30 26 16
71 30 34 16
71 30 41 16
71 30 44 16
71 30 62 16
71 30 63 16
71 33 25 16
71 33 28 16
71 33 33 16
71 33 37 16
71 33 48 16
71 33 53 16
71 33 54 16
71 33 67 16
71 34 7 16
71 34 17 16
71 34 21 16
71 34 44 16
71 34 46 16
71 34 61 16
71 34 62 16
71 34 63 16
71 35 2 18
71 35 22 18
71 35 23 18
71 35 28 24
71 35 30 24
71 35 33 24
71 35 43 18
71 35 45 24
71 35 52 24
71 35 56 24
71 35 58 24
71 35 60 24
71 35 64 18
71 35 67 18
71 36 4 18
71 36 7 18
71 36 11 24
71 36 13 24
71 36 15 24
71 36 19 24
71 36 26 24
71 36 28 18
71 36 38 24
71 36 41 24
71 36 43 24
71 36 48 18
71 36 49 18
71 36 69 18
71 37 8 16
71 37 9 16
71 37 10 16
71 37 25 16
71 37 27 16
71 37 50 16
71 37 54 16
71 37 64 16
71 38 4 16
71 38 17 16
71 38 18 16
71 38 23 16
71 38 34 16
71 38 38 16
71 38 43 16
71 38 46 16
71 41 8 16
71 41 9 16
71 41 27 16
71 41 30 16
71 41 37 16
71 41 45 16
71 41 48 16
71 41 50 16
71 43 6 24
71 43 12 24
71 43 13 18
71 43 15 18
71 43 21 24
71 43 30 24
71 43 31 24
71 43 37 18
71 43 41 18
71 43 44 24
71 43 45 24
71 43 50 18
71 43 55 24
71 43 67 18
71 44 30 16
71 44 37 16
71 44 38 16
71 44 43 16
71 44 45 16
71 44 48 16
71 44 58 16
71 44 60 16
71 46 14 16
71 46 21 16
71 46 44 16
71 46 53 16
71 46 59 16
71 46 65 16
71 46 66 16
71 46 67 16
71 47 14 18
71 47 19 18
71 47 21 18
71 47 23 18
71 47 26 18
71 47 29 18
71 47 34 18
71 47 38 18
71 47 39 18
71 47 41 18
71 47 47 18
71 47 51 18
71 47 52 18
71 47 56 18
71 47 59 18
71 47 61 18
71 47 65 18
71 47 68 18
71 49 2 16
71 49 5 16
71 49 15 16
71 49 19 16
71 49 20 16
71 49 32 16
71 49 36 16
71 49 57 16
71 52 4 18
71 52 14 18
71 52 16 18
71 52 17 18
71 52 22 18
71 52 26 18
71 52 28 18
71 52 33 18
71 52 41 18
71 52 42 18
71 52 47 18
71 52 54 18
71 52 55 18
71 52 62 18
71 52 63 18
71 52 66 18
71 52 68 18
71 52 69 18
71 53 2 18
71 53 3 18
71 53 4 18
71 53 8 18
71 53 9 18
71 53 10 18
71 53 16 18
71 53 19 18
71 53 24 18
71 53 36 18
71 53 38 18
71 53 40 18
71 53 43 18
71 53 45 18
71 53 47 18
71 53 59 18
71 53 64 18
71 53 67 18
71 54 7 16
71 54 16 16
71 54 22 16
71 54 37 16
71 54 40 16
71 54 42 16
71 54 48 16
71 54 61 16
71 55 4 16
71 55 5 16
71 55 16 16
71 55 18 16
71 55 25 16
71 55 40 16
71 55 54 16
71 55 57 16
71 56 3 18
71 56 7 18
71 56 14 18
71 56 17 18
71 56 23 18
71 56 28 18
71 56 32 18
71 56 33 18
71 56 34 18
71 56 35 18
71 56 46 18
71 56 47 18
71 56 60 18
71 56 61 18
71 56 63 18
71 56 67 18
71 56 68 18
71 56 69 18
71 57 21 16
71 57 25 16
71 57 44 16
71 57 54 16
71 57 58 16
71 57 59 16
71 57 60 16
71 57 65 16
71 58 9 18
71 58 14 18
71 58 16 18
71 58 21 18
71 58 25 24
71 58 26 24
71 58 30 24
71 58 35 24
71 58 41 24
71 58 42 18
71 58 45 24
71 58 54 24
71 58 57 18
71 58 69 24
71 62 21 16
71 62 22 16
71 62 42 16
71 62 44 16
71 62 52 16
71 62 56 16
71 62 59 16
71 62 65 16
71 63 4 18
71 63 5 18
71 63 6 18
71 63 9 18
71 63 18 18
71 63 22 18
71 63 29 18
71 63 30 18
71 63 36 18
71 63 37 18
71 63 38 18
71 63 43 18
71 63 45 18
71 63 46 18
71 63 48 18
71 63 49 18
71 63 51 18
71 63 57 18
71 64 6 16
71 64 11 16
71 64 12 16
71 64 13 16
71 64 37 16
71 64 48 16
71 64 62 16
71 64 63 16
71 65 3 18
71 65 4 18
71 65 8 18
71 65 9 18
71 65 12 18
71 65 16 18
71 65 18 18
71 65 24 18
71 65 25 18
71 65 34 18
71 65 37 18
71 65 38 18
71 65 40 18
71 65 41 18
71 65 44 18
71 65 48 18
71 65 58 18
71 65 60 18
71 68 4 18
71 68 6 18
71 68 12 18
71 68 15 18
71 68 18 18
71 68 19 18
71 68 24 18
71 68 30 18
71 68 37 18
71 68 44 18
71 68 45 18
71 68 48 18
71 68 49 18
71 68 52 18
71 68 54 18
71 68 58 18
71 68 60 18
71 68 61 18
71 70 10 16
71 70 16 16
71 70 25 16
71 70 27 16
71 70 40 16
71 70 50 16
71 70 54 16
71 70 64 16
73 1 9 16
73 1 16 16
73 1 25 16
73 1 32 16
73 1 36 16
73 1 38 16
73 1 65 16
73 1 71 16
73 3 10 16
73 3 13 16
73 3 22 16
73 3 45 16
73 5 17 24
73 5 19 18
73 5 34 24
73 5 43 24
73 5 49 18
73 5 58 24
73 5 64 18
73 7 11 16
73 7 20 16
73 7 51 16
73 7 63 16
73 8 7 24
73 8 9 18
73 8 21 24
73 8 51 24
73 8 55 18
73 8 61 18
73 8 63 24
73 11 24 16
73 11 41 16
73 11 57 16
73 11 70 16
73 12 2 16
73 12 8 16
73 12 10 16
73 12 11 16
73 12 15 16
73 12 16 16
73 12 18 16
73 12 20 16
73 12 22 16
73 12 32 16
73 12 37 16
73 12 39 16
73 12 51 16
73 12 63 16
73 12 64 16
73 12 69 16
73 13 2 16
73 13 5 16
73 13 6 16
73 13 11 16
73 13 20 16
73 13 24 16
73 13 27 16
73 13 37 16
73 13 40 16
73 13 42 16
73 13 44 16
73 13 46 16
73 13 52 16
73 13 61 16
73 13 66 16
73 13 70 16
73 14 23 16
73 14 24 16
73 14 25 16
73 14 36 16
73 14 38 16
73 14 54 16
73 14 70 16
73 14 71 16
73 15 7 18
73 15 10 18
73 15 21 18
73 15 22 18
73 15 34 18
73 15 51 18
73 15 52 18
73 15 56 18
73 15 63 18
73 16 17 16
73 16 43 16
73 16 51 16
73 16 63 16
73 17 9 18
73 17 11 24
73 17 16 18
73 17 17 24
73 17 20 24
73 17 43 24
73 17 49 18
73 18 7 16
73 18 21 16
73 18 31 16
73 18 33 16
73 20 4 16
73 20 23 16
73 20 54 16
73 20 55 16
73 26 5 24
73 26 7 24
73 26 11 24
73 26 20 24
73 26 21 24
73 26 28 24
73 26 29 24
73 26 40 24
73 26 42 24
73 26 44 24
73 26 51 24
73 26 52 24
73 26 60 24
73 26 63 24
73 26 66 24
73 26 68 24
73 27 7 24
73 27 13 24
73 27 15 24
73 27 21 24
73 27 31 24
73 27 33 24
73 27 34 24
73 27 39 24
73 27 40 24
73 27 42 24
73 27 45 24
73 27 52 24
73 27 53 24
73 27 58 24
73 27 62 24
73 27 66 24
73 29 7 24
73 29 21 24
73 29 40 24
73 29 42 24
73 29 50 18
73 29 57 18
73 29 67 18
73 30 3 16
73 30 41 16
73 30 49 16
73 30 57 16
73 31 5 18
73 31 7 18
73 31 20 18
73 31 21 18
73 31 22 18
73 31 26 18
73 31 31 18
73 31 44 18
73 31 59 18
73 34 11 16
73 34 13 16
73 34 20 16
73 34 26 16
73 34 28 16
73 34 31 16
73 34 33 16
73 34 45 16
73 34 51 16
73 34 52 16
73 34 53 16
73 34 59 16
73 34 60 16
73 34 62 16
73 34 63 16
73 34 66 16
73 35 18 16
73 35 25 16
73 35 38 16
73 35 69 16
73 38 4 16
73 38 35 16
73 38 48 16
73 38 55 16
73 39 7 16
73 39 10 16
73 39 11 16
73 39 13 16
73 39 14 16
73 39 20 16
73 39 21 16
73 39 22 16
73 39 28 16
73 39 40 16
73 39 42 16
73 39 45 16
73 39 47 16
73 39 53 16
73 39 60 16
73 39 62 16
73 42 14 18
73 42 29 18
73 42 42 18
73 42 47 18
73 42 51 18
73 42 52 18
73 42 53 18
73 42 66 18
73 42 68 18
73 43 16 16
73 43 24 16
73 43 32 16
73 43 70 16
73 44 6 18
73 44 16 18
73 44 23 18
73 44 31 24
73 44 33 24
73 44 52 24
73 44 66 24
73 46 7 24
73 46 11 24
73 46 15 24
73 46 20 24
73 46 21 24
73 46 28 24
73 46 31 24
73 46 33 24
73 46 34 24
73 46 39 24
73 46 40 24
73 46 42 24
73 46 52 24
73 46 58 24
73 46 60 24
73 46 66 24
73 47 5 24
73 47 7 24
73 47 10 24
73 47 13 24
73 47 21 24
73 47 22 24
73 47 29 24
73 47 31 24
73 47 33 24
73 47 44 24
73 47 45 24
73 47 52 24
73 47 53 24
73 47 62 24
73 47 66 24
73 47 68 24
73 53 18 16
73 53 19 16
73 53 50 16
73 53 69 16
73 55 40 16
73 55 42 16
73 55 52 16
73 55 66 16
73 56 24 18
73 56 30 24
73 56 53 24
73 56 56 24
73 56 57 18
73 56 62 24
73 56 64 18
73 57 10 16
73 57 22 16
73 57 30 16
73 57 56 16
73 58 10 18
73 58 17 18
73 58 21 18
73 58 22 18
73 58 39 18
73 58 51 18
73 58 52 18
73 58 63 18
73 58 66 18
73 59 2 16
73 59 3 16
73 59 19 16
73 59 35 16
73 59 37 16
73 59 48 16
73 59 49 16
73 59 50 16
73 60 3 16
73 60 7 16
73 60 12 16
73 60 21 16
73 60 27 16
73 60 29 16
73 60 31 16
73 60 33 16
73 60 36 16
73 60 46 16
73 60 49 16
73 60 53 16
73 60 62 16
73 60 67 16
73 60 68 16
73 60 71 16
73 61 4 16
73 61 9 16
73 61 10 16
73 61 22 16
73 61 34 16
73 61 36 16
73 61 41 16
73 61 51 16
73 61 53 16
73 61 55 16
73 61 57 16
73 61 58 16
73 61 62 16
73 61 63 16
73 61 65 16
73 61 71 16
73 62 3 16
73 62 16 16
73 62 32 16
73 62 49 16
73 65 10 24
73 65 12 18
73 65 18 18
73 65 22 24
73 65 52 24
73 65 64 18
73 65 66 24
73 66 10 16
73 66 22 16
73 66 53 16
73 66 62 16
73 68 9 18
73 68 15 24
73 68 24 18
73 68 30 24
73 68 39 24
73 68 54 18
73 68 56 24
73 70 28 16
73 70 51 16
73 70 60 16
73 70 63 16
73 72 2 16
73 72 8 16
73 72 35 16
73 72 37 16
73 72 41 16
73 72 48 16
73 72 57 16
73 72 64 16
79 0 4 16
79 0 9 16
79 0 20 16
79 0 35 16
79 0 44 16
79 0 59 16
79 0 70 16
79 0 75 16
79 1 4 18
79 1 5 18
79 1 8 18
79 1 10 18
79 1 19 18
79 1 20 18
79 1 49 18
79 1 50 18
79 1 51 18
79 5 2 18
79 5 4 18
79 5 20 18
79 5 40 18
79 5 45 18
79 5 56 18
79 5 66 18
79 5 71 18
79 5 72 18
79 7 3 18
79 7 7 18
79 7 27 18
79 7 29 18
79 7 30 18
79 7 34 18
79 7 37 18
79 7 53 18
79 7 70 18
79 8 9 24
79 8 13 24
79 8 18 24
79 8 21 24
79 8 22 24
79 8 23 24
79 8 32 24
79 8 42 24
79 8 44 24
79 8 49 24
79 8 50 24
79 8 55 24
79 8 62 24
79 8 64 24
79 8 65 24
79 8 73 24
79 9 3 24
79 9 18 18
79 9 32 18
79 9 53 24
79 9 54 24
79 9 60 24
79 9 76 18
79 11 12 18
79 11 29 18
79 11 30 18
79 11 33 18
79 11 35 18
79 11 43 18
79 11 59 18
79 11 70 18
79 11 77 18
79 14 27 18
79 14 31 24
79 14 49 24
79 14 50 24
79 14 51 24
79 14 71 18
79 14 75 18
79 16 28 24
79 16 46 18
79 16 48 24
79 16 49 18
79 16 54 24
79 16 60 24
79 16 65 18
79 17 3 16
79 17 4 16
79 17 20 16
79 17 29 16
79 17 30 16
79 17 49 16
79 17 50 16
79 17 53 16
79 19 12 24
79 19 13 18
79 19 21 18
79 19 33 24
79 19 35 24
79 19 62 18
79 19 70 24
79 20 3 16
79 20 4 16
79 20 7 16
79 20 14 24
79 20 15 16
79 20 17 24
79 20 20 16
79 20 21 16
79 20 27 16
79 20 28 16
79 20 31 24
79 20 34 16
79 20 38 24
79 20 39 16
79 20 41 16
79 20 48 16
79 20 51 24
79 20 52 24
79 20 53 16
79 20 54 24
79 20 58 16
79 20 60 24
79 20 64 16
79 20 77 16
79 21 4 18
79 21 5 18
79 21 7 18
79 21 24 18
79 21 29 18
79 21 30 18
79 21 34 18
79 21 56 18
79 21 76 18
79 23 7 18
79 23 16 18
79 23 23 18
79 23 28 18
79 23 34 18
79 23 35 18
79 23 48 18
79 23 70 18
79 23 76 18
79 29 6 16
79 29 23 16
79 29 28 16
79 29 48 16
79 29 55 16
79 29 62 16
79 29 65 16
79 29 66 16
79 30 9 16
79 30 15 16
79 30 35 16
79 30 37 24
79 30 44 16
79 30 47 24
79 30 49 16
79 30 50 16
79 30 58 16
79 30 69 24
79 30 70 16
79 30 71 24
79 34 5 18
79 34 9 18
79 34 14 18
79 34 17 18
79 34 28 18
79 34 48 18
79 34 63 18
79 34 64 18
79 34 74 18
79 35 4 16
79 35 8 24
79 35 10 24
79 35 13 16
79 35 14 24
79 35 15 24
79 35 17 24
79 35 20 16
79 35 23 16
79 35 26 24
79 35 29 16
79 35 30 16
79 35 31 16
79 35 38 16
79 35 49 16
79 35 50 16
79 35 51 16
79 35 52 16
79 35 55 16
79 35 58 24
79 35 63 16
79 35 73 16
79 35 74 16
79 35 76 24
79 36 6 16
79 36 7 16
79 36 11 16
79 36 15 24
79 36 19 16
79 36 25 16
79 36 34 16
79 36 36 16
79 36 43 24
79 36 58 24
79 36 66 16
79 36 68 24
79 37 8 18
79 37 10 18
79 37 11 18
79 37 13 18
79 37 31 18
79 37 32 18
79 37 36 18
79 37 55 18
79 37 73 18
79 38 3 24
79 38 4 16
79 38 5 16
79 38 8 16
79 38 10 16
79 38 14 24
79 38 16 16
79 38 17 24
79 38 20 16
79 38 23 16
79 38 35 16
79 38 45 16
79 38 53 24
79 38 54 16
79 38 55 16
79 38 59 24
79 38 60 16
79 38 62 16
79 38 63 24
79 38 65 16
79 38 70 16
79 38 72 16
79 38 74 24
79 38 75 24
79 39 3 16
79 39 4 16
79 39 7 16
79 39 11 16
79 39 12 16
79 39 13 24
79 39 14 16
79 39 17 16
79 39 20 16
79 39 21 24
79 39 29 16
79 39 30 16
79 39 33 16
79 39 34 16
79 39 36 16
79 39 38 24
79 39 46 24
79 39 52 24
79 39 53 16
79 39 57 16
79 39 61 16
79 39 64 24
79 39 67 24
79 39 73 24
79 40 6 24
79 40 12 24
79 40 15 24
79 40 18 16
79 40 22 16
79 40 26 16
79 40 27 24
79 40 33 24
79 40 41 24
79 40 43 16
79 40 45 16
79 40 46 16
79 40 49 16
79 40 50 16
79 40 58 24
79 40 59 16
79 40 62 16
79 40 65 16
79 40 66 24
79 40 67 16
79 40 68 16
79 40 72 16
79 40 75 16
79 40 76 16
79 41 4 24
79 41 5 24
79 41 7 16
79 41 9 16
79 41 14 16
79 41 16 24
79 41 17 16
79 41 19 16
79 41 20 24
79 41 24 16
79 41 25 16
79 41 26 24
79 41 34 16
79 41 44 16
79 41 56 16
79 41 59 16
79 41 62 24
79 41 63 16
79 41 65 24
79 41 69 16
79 41 71 16
79 41 74 16
79 41 75 16
79 41 76 24
79 42 6 18
79 42 24 18
79 42 43 18
79 42 47 18
79 42 48 18
79 42 66 18
79 42 68 18
79 42 69 18
79 42 71 18
79 43 11 24
79 43 13 16
79 43 21 24
79 43 36 24
79 43 43 16
79 43 45 16
79 43 54 16
79 43 60 16
79 43 64 24
79 43 68 16
79 43 72 16
79 43 73 16
79 44 3 24
79 44 5 16
79 44 6 16
79 44 16 16
79 44 21 24
79 44 24 16
79 44 27 16
79 44 28 16
79 44 29 16
79 44 30 16
79 44 41 16
79 44 48 16
79 44 49 16
79 44 50 16
79 44 53 24
79 44 56 16
79 44 59 16
79 44 62 24
79 44 64 24
79 44 65 24
79 44 66 16
79 44 69 24
79 44 71 24
79 44 75 16
79 45 5 18
79 45 15 18
79 45 16 18
79 45 31 18
79 45 51 18
79 45 62 18
79 45 65 18
79 45 70 18
79 45 74 18
79 49 8 24
79 49 9 16
79 49 10 24
79 49 21 16
79 49 29 16
79 49 30 16
79 49 32 24
79 49 35 16
79 49 42 24
79 49 44 16
79 49 64 16
79 49 70 16
79 50 13 16
79 50 14 16
79 50 17 16
79 50 24 16
79 50 31 16
79 50 51 16
79 50 56 16
79 50 73 16
79 56 3 18
79 56 9 18
79 56 31 18
79 56 44 18
79 56 45 18
79 56 51 18
79 56 56 18
79 56 63 18
79 56 72 18
79 58 3 18
79 58 23 18
79 58 45 18
79 58 49 18
79 58 50 18
79 58 55 18
79 58 72 18
79 58 74 18
79 58 75 18
79 59 2 16
79 59 15 16
79 59 19 24
79 59 21 16
79 59 25 24
79 59 26 16
79 59 27 24
79 59 28 24
79 59 31 16
79 59 38 16
79 59 40 16
79 59 41 24
79 59 45 16
79 59 48 24
79 59 51 16
79 59 52 16
79 59 58 16
79 59 59 16
79 59 62 24
79 59 64 16
79 59 65 24
79 59 72 16
79 59 75 16
79 59 76 16
79 60 9 24
79 60 17 18
79 60 44 24
79 60 46 24
79 60 58 18
79 60 66 18
79 60 67 24
79 62 26 16
79 62 29 16
79 62 30 16
79 62 49 16
79 62 50 16
79 62 59 16
79 62 75 16
79 62 76 16
79 63 14 18
79 63 19 24
79 63 25 24
79 63 30 18
79 63 31 24
79 63 33 18
79 63 51 24
79 65 4 18
79 65 8 18
79 65 28 24
79 65 29 24
79 65 30 24
79 65 48 24
79 65 52 18
79 68 2 18
79 68 9 18
79 68 20 18
79 68 36 18
79 68 44 18
79 68 46 18
79 68 49 18
79 68 50 18
79 68 67 18
79 70 3 18
79 70 19 24
79 70 25 24
79 70 26 24
79 70 47 18
79 70 61 18
79 70 76 24
79 71 6 24
79 71 14 24
79 71 15 24
79 71 17 24
79 71 24 24
79 71 29 24
79 71 30 24
79 71 35 24
79 71 37 24
79 71 47 24
79 71 56 24
79 71 57 24
79 71 58 24
79 71 61 24
79 71 66 24
79 71 70 24
79 72 9 18
79 72 26 18
79 72 42 18
79 72 45 18
79 72 49 18
79 72 50 18
79 72 52 18
79 72 72 18
79 72 76 18
79 74 7 18
79 74 8 18
79 74 13 18
79 74 23 18
79 74 34 18
79 74 39 18
79 74 59 18
79 74 75 18
79 74 77 18
79 78 28 18
79 78 29 18
79 78 30 18
79 78 59 18
79 78 60 18
79 78 69 18
79 78 71 18
79 78 74 18
79 78 75 18
83 3 4 25
83 3 25 25
83 3 27 25
83 3 29 25
83 3 30 25
83 3 31 25
83 3 37 25
83 3 51 25
83 3 59 25
83 3 61 25
83 4 4 18
83 4 10 24
83 4 17 18
83 4 23 18
83 4 25 24
83 4 29 24
83 4 30 18
83 4 31 18
83 4 36 18
83 4 57 24
83 4 58 24
83 4 61 18
83 4 63 24
83 4 65 18
83 4 67 24
83 4 73 24
83 4 75 18
83 7 16 24
83 7 17 24
83 7 26 24
83 7 30 24
83 7 32 18
83 7 36 24
83 7 44 24
83 7 49 24
83 7 60 18
83 7 61 24
83 7 73 18
83 9 7 24
83 9 12 24
83 9 15 18
83 9 22 24
83 9 32 18
83 9 34 24
83 9 46 18
83 9 48 24
83 9 55 24
83 9 58 18
83 9 64 24
83 9 71 18
83 9 73 18
83 9 74 18
83 9 76 18
83 9 79 18
83 9 80 24
83 10 18 24
83 10 31 18
83 10 43 24
83 10 51 18
83 10 56 24
83 10 57 24
83 10 60 24
83 10 61 18
83 10 67 24
83 10 71 24
83 10 76 24
83 15 6 24
83 15 9 18
83 15 14 24
83 15 19 24
83 15 22 24
83 15 30 18
83 15 34 24
83 15 35 24
83 15 38 18
83 15 58 24
83 15 73 24
83 16 2 24
83 16 4 18
83 16 11 18
83 16 15 24
83 16 17 18
83 16 23 18
83 16 29 18
83 16 38 18
83 16 42 24
83 16 44 18
83 16 51 24
83 16 59 18
83 16 65 18
83 16 69 24
83 16 70 24
83 16 72 24
83 16 77 24
83 18 5 25
83 18 15 25
83 18 19 25
83 18 22 25
83 18 46 25
83 18 47 25
83 18 56 25
83 18 58 25
83 18 76 25
83 18 79 25
83 19 2 18
83 19 5 24
83 19 9 18
83 19 16 18
83 19 22 18
83 19 29 18
83 19 34 18
83 19 42 18
83 19 43 24
83 19 50 24
83 19 55 24
83 19 56 24
83 19 57 24
83 19 62 18
83 19 67 24
83 19 79 18
83 19 80 24
83 21 10 24
83 21 11 24
83 21 16 24
83 21 17 24
83 21 25 24
83 21 26 24
83 21 39 18
83 21 44 24
83 21 55 18
83 21 67 18
83 21 68 24
83 25 2 18
83 25 5 24
83 25 6 24
83 25 12 18
83 25 14 24
83 25 17 18
83 25 20 18
83 25 27 18
83 25 39 24
83 25 42 18
83 25 43 18
83 25 47 24
83 25 50 24
83 25 53 24
83 25 54 18
83 25 56 18
83 25 66 24
83 26 3 24
83 26 14 18
83 26 28 24
83 26 34 18
83 26 38 24
83 26 41 24
83 26 53 18
83 26 59 24
83 26 69 24
83 26 77 24
83 26 81 24
83 27 6 24
83 27 8 18
83 27 13 24
83 27 14 24
83 27 29 18
83 27 32 24
83 27 47 18
83 27 51 18
83 27 52 18
83 27 53 18
83 27 55 24
83 27 58 18
83 27 59 18
83 27 62 24
83 27 73 18
83 27 79 24
83 27 80 24
83 28 2 24
83 28 18 18
83 28 20 24
83 28 26 18
83 28 36 18
83 28 42 24
83 28 54 24
83 28 55 24
83 28 57 18
83 28 58 24
83 28 60 18
83 28 62 18
83 28 67 18
83 28 73 24
83 28 75 18
83 28 79 18
83 28 80 24
83 32 3 25
83 32 9 25
83 32 12 25
83 32 17 25
83 32 29 25
83 32 64 25
83 32 65 25
83 32 68 25
83 32 70 25
83 32 77 25
83 37 6 24
83 37 10 24
83 37 14 24
83 37 25 24
83 37 27 18
83 37 28 18
83 37 30 24
83 37 33 18
83 37 36 24
83 37 51 18
83 37 55 24
83 37 59 18
83 37 69 18
83 37 70 18
83 37 77 18
83 37 78 18
83 37 80 24
83 38 17 18
83 38 19 18
83 38 24 24
83 38 35 18
83 38 39 24
83 38 41 18
83 38 45 24
83 38 47 24
83 38 53 24
83 38 55 18
83 38 57 24
83 38 58 18
83 38 61 18
83 38 66 24
83 38 67 24
83 38 73 18
83 38 80 18
83 41 9 18
83 41 11 18
83 41 17 24
83 41 22 24
83 41 34 24
83 41 37 18
83 41 40 18
83 41 41 24
83 41 44 24
83 41 48 18
83 41 61 18
83 41 68 18
83 41 69 18
83 41 71 24
83 41 76 24
83 41 77 18
83 41 81 24
83 42 2 24
83 42 6 18
83 42 7 24
83 42 12 24
83 42 14 18
83 42 15 18
83 42 22 18
83 42 35 18
83 42 39 24
83 42 42 24
83 42 43 18
83 42 46 18
83 42 49 24
83 42 61 24
83 42 66 24
83 42 72 18
83 42 74 18
83 45 3 18
83 45 10 18
83 45 16 24
83 45 17 24
83 45 22 18
83 45 25 18
83 45 26 24
83 45 28 18
83 45 30 24
83 45 36 24
83 45 38 24
83 45 42 18
83 45 44 24
83 45 48 18
83 45 59 24
83 45 64 18
83 45 66 18
83 46 3 24
83 46 5 18
83 46 6 18
83 46 13 18
83 46 14 18
83 46 24 18
83 46 28 24
83 46 32 18
83 46 47 24
83 46 50 18
83 46 53 24
83 46 55 18
83 46 56 18
83 46 58 24
83 46 69 24
83 46 73 24
83 46 77 24
83 51 6 25
83 51 13 25
83 51 15 25
83 51 18 25
83 51 19 25
83 51 54 25
83 51 66 25
83 51 71 25
83 51 74 25
83 51 80 25
83 55 3 24
83 55 4 18
83 55 8 18
83 55 10 24
83 55 16 18
83 55 21 18
83 55 23 18
83 55 25 24
83 55 26 18
83 55 28 24
83 55 29 24
83 55 41 24
83 55 47 18
83 55 57 18
83 55 63 24
83 55 65 18
83 55 81 24
83 56 3 24
83 56 4 24
83 56 10 18
83 56 21 24
83 56 24 18
83 56 25 18
83 56 28 24
83 56 30 18
83 56 31 18
83 56 32 18
83 56 36 18
83 56 51 24
83 56 54 18
83 56 69 24
83 56 70 24
83 56 75 18
83 56 77 24
83 57 2 24
83 57 6 24
83 57 14 24
83 57 24 24
83 57 30 18
83 57 42 24
83 57 45 24
83 57 49 18
83 57 55 24
83 57 69 18
83 57 80 24
83 58 17 24
83 58 27 18
83 58 29 18
83 58 30 24
83 58 33 24
83 58 36 24
83 58 40 18
83 58 41 18
83 58 44 24
83 58 56 18
83 58 63 18
83 58 66 18
83 58 69 24
83 58 71 18
83 58 77 24
83 58 78 24
83 58 81 18
83 62 15 24
83 62 16 18
83 62 28 18
83 62 39 24
83 62 44 18
83 62 57 24
83 62 58 24
83 62 66 24
83 62 67 24
83 62 72 24
83 62 73 24
83 64 3 24
83 64 4 18
83 64 16 24
83 64 21 18
83 64 26 24
83 64 27 24
83 64 28 24
83 64 33 24
83 64 40 24
83 64 41 18
83 64 49 18
83 64 54 18
83 64 61 18
83 64 67 18
83 64 74 18
83 64 78 24
83 64 81 18
83 65 4 25
83 65 7 25
83 65 25 25
83 65 27 25
83 65 36 25
83 65 37 25
83 65 61 25
83 65 64 25
83 65 68 25
83 65 78 25
83 67 6 24
83 67 11 24
83 67 13 24
83 67 14 24
83 67 18 18
83 67 24 18
83 67 32 24
83 67 39 18
83 67 41 24
83 67 45 18
83 67 54 18
83 67 60 18
83 67 66 18
83 67 68 24
83 67 72 18
83 67 79 18
83 67 81 24
83 68 10 24
83 68 25 24
83 68 45 18
83 68 48 24
83 68 49 24
83 68 53 18
83 68 61 24
83 68 64 24
83 68 69 24
83 68 74 18
83 68 77 24
83 73 7 24
83 73 12 24
83 73 16 24
83 73 22 18
83 73 23 24
83 73 26 24
83 73 27 24
83 73 32 18
83 73 40 24
83 73 52 18
83 73 65 24
83 74 3 24
83 74 4 18
83 74 7 18
83 74 9 18
83 74 10 18
83 74 12 18
83 74 19 24
83 74 25 18
83 74 28 24
83 74 35 24
83 74 37 18
83 74 49 24
83 74 51 18
83 74 61 24
83 74 68 18
83 74 71 24
83 74 76 24
83 76 10 18
83 76 22 24
83 76 23 18
83 76 34 24
83 76 39 24
83 76 47 24
83 76 51 18
83 76 53 24
83 76 57 24
83 76 66 24
83 76 67 24
83 79 8 18
83 79 10 24
83 79 16 24
83 79 18 18
83 79 20 24
83 79 22 18
83 79 25 24
83 79 26 24
83 79 47 18
83 79 52 18
83 79 53 18
83 79 54 24
83 79 58 24
83 79 60 18
83 79 66 18
83 79 73 24
83 79 79 18
83 80 22 25
83 80 24 25
83 80 32 25
83 80 46 25
83 80 52 25
83 80 53 25
83 80 54 25
83 80 56 25
83 80 58 25
83 80 79 25
89 0 3 25
89 0 27 25
89 0 28 25
89 0 31 25
89 0 41 25
89 0 48 25
89 0 58 25
89 0 61 25
89 0 62 25
89 0 86 25
89 1 11 24
89 1 79 24
89 1 80 24
89 1 81 24
89 3 2 24
89 3 32 24
89 3 42 24
89 3 44 24
89 3 45 24
89 3 53 24
89 3 64 24
89 3 87 24
89 4 3 25
89 4 24 25
89 4 29 25
89 4 38 25
89 4 48 25
89 4 51 25
89 4 59 25
89 4 61 25
89 4 62 25
89 4 65 25
89 5 3 24
89 5 5 24
89 5 9 24
89 5 10 24
89 5 13 24
89 5 18 24
89 5 22 24
89 5 30 24
89 5 32 24
89 5 48 24
89 5 54 24
89 5 59 24
89 5 61 24
89 5 64 24
89 5 85 24
89 5 86 24
89 6 6 25
89 6 12 25
89 6 23 25
89 6 24 25
89 6 59 25
89 6 60 25
89 6 62 25
89 6 66 25
89 6 74 25
89 6 82 25
89 7 28 25
89 7 31 25
89 7 38 25
89 7 51 25
89 7 54 25
89 7 60 25
89 7 63 25
89 7 76 25
89 7 83 25
89 7 86 25
89 9 13 25
89 9 19 25
89 9 23 25
89 9 26 25
89 9 56 25
89 9 60 25
89 9 61 25
89 9 63 25
89 9 76 25
89 9 86 25
89 10 15 25
89 10 24 25
89 10 27 25
89 10 37 25
89 10 43 25
89 10 46 25
89 10 59 25
89 10 75 25
89 10 76 25
89 10 82 25
89 12 7 27
89 12 12 27
89 12 15 18
89 12 21 18
89 12 23 27
89 12 24 27
89 12 28 18
89 12 37 18
89 12 38 27
89 12 40 18
89 12 41 24
89 12 56 27
89 12 57 18
89 12 59 24
89 12 61 27
89 12 63 27
89 12 70 27
89 12 76 24
89 12 86 24
89 13 50 24
89 13 71 24
89 13 73 24
89 13 84 24
89 14 4 24
89 14 67 24
89 14 79 24
89 14 80 24
89 17 4 25
89 17 9 25
89 17 11 25
89 17 21 25
89 17 25 25
89 17 34 25
89 17 39 25
89 17 47 25
89 17 68 25
89 17 79 25
89 18 16 24
89 18 20 24
89 18 34 24
89 18 39 24
89 18 49 24
89 18 55 24
89 18 68 24
89 18 72 24
89 19 6 24
89 19 13 24
89 19 15 24
89 19 24 24
89 19 26 24
89 19 27 24
89 19 29 24
89 19 33 24
89 19 41 24
89 19 43 24
89 19 46 24
89 19 48 24
89 19 54 24
89 19 60 24
89 19 61 24
89 19 76 24
89 20 6 25
89 20 14 25
89 20 23 25
89 20 26 25
89 20 35 25
89 20 43 25
89 20 46 25
89 20 61 25
89 20 76 25
89 20 82 25
89 23 19 25
89 23 23 25
89 23 28 25
89 23 33 25
89 23 38 25
89 23 43 25
89 23 56 25
89 23 58 25
89 23 65 25
89 23 77 25
89 24 20 24
89 24 25 24
89 24 49 24
89 24 57 24
89 26 3 24
89 26 8 24
89 26 11 24
89 26 19 24
89 26 20 24
89 26 24 24
89 26 26 24
89 26 30 24
89 26 37 24
89 26 49 24
89 26 50 24
89 26 73 24
89 26 75 24
89 26 77 24
89 26 78 24
89 26 81 24
89 27 32 24
89 27 64 24
89 27 71 24
89 27 84 24
89 28 2 24
89 28 3 24
89 28 5 24
89 28 11 24
89 28 12 24
89 28 14 24
89 28 18 24
89 28 22 24
89 28 23 24
89 28 30 24
89 28 31 24
89 28 45 24
89 28 52 24
89 28 70 24
89 28 81 24
89 28 85 24
89 29 11 25
89 29 16 25
89 29 17 25
89 29 22 25
89 29 32 25
89 29 49 25
89 29 67 25
89 29 69 25
89 29 72 25
89 29 80 25
89 30 5 24
89 30 18 24
89 30 44 24
89 30 87 24
89 32 3 27
89 32 14 18
89 32 19 27
89 32 22 18
89 32 23 27
89 32 26 27
89 32 27 27
89 32 34 18
89 32 37 24
89 32 38 27
89 32 43 27
89 32 52 27
89 32 54 27
89 32 56 18
89 32 57 18
89 32 58 24
89 32 66 24
89 32 76 18
89 32 77 24
89 33 4 24
89 33 9 24
89 33 10 24
89 33 14 24
89 33 19 24
89 33 20 24
89 33 25 24
89 33 41 24
89 33 49 24
89 33 54 24
89 33 57 24
89 33 61 24
89 33 67 24
89 33 70 24
89 33 75 24
89 33 76 24
89 34 4 24
89 34 17 24
89 34 21 24
89 34 42 24
89 34 53 24
89 34 67 24
89 34 71 24
89 34 84 24
89 37 32 24
89 37 64 24
89 37 68 24
89 37 72 24
89 38 13 24
89 38 29 24
89 38 38 24
89 38 43 24
89 38 46 24
89 38 48 24
89 38 54 24
89 38 56 24
89 38 59 24
89 38 60 24
89 38 61 24
89 38 62 24
89 38 74 24
89 38 82 24
89 38 83 24
89 38 86 24
89 39 3 18
89 39 4 27
89 39 7 18
89 39 8 27
89 39 13 18
89 39 25 27
89 39 28 18
89 39 30 18
89 39 34 27
89 39 35 18
89 39 38 18
89 39 39 18
89 39 44 27
89 39 46 18
89 39 48 18
89 39 51 18
89 39 52 18
89 39 53 18
89 39 58 18
89 39 60 18
89 39 61 18
89 39 66 18
89 39 68 27
89 39 71 27
89 39 73 27
89 39 81 27
89 39 85 18
89 41 15 25
89 41 19 25
89 41 23 25
89 41 30 25
89 41 33 25
89 41 37 25
89 41 48 25
89 41 60 25
89 41 62 25
89 41 66 25
89 42 11 24
89 42 16 24
89 42 32 24
89 42 34 24
89 42 39 24
89 42 55 24
89 42 64 24
89 42 81 24
89 43 17 24
89 43 21 24
89 43 32 24
89 43 64 24
89 46 25 24
89 46 57 24
89 46 68 24
89 46 72 24
89 47 8 24
89 47 25 24
89 47 34 24
89 47 50 24
89 47 55 24
89 47 57 24
89 47 73 24
89 47 78 24
89 48 23 25
89 48 27 25
89 48 29 25
89 48 41 25
89 48 52 25
89 48 56 25
89 48 59 25
89 48 66 25
89 48 70 25
89 48 74 25
89 50 4 18
89 50 8 27
89 50 16 27
89 50 18 27
89 50 21 27
89 50 23 18
89 50 28 18
89 50 29 18
89 50 31 18
89 50 36 18
89 50 37 18
89 50 38 18
89 50 41 18
89 50 43 18
89 50 45 27
89 50 50 18
89 50 51 18
89 50 54 18
89 50 55 27
89 50 59 18
89 50 61 18
89 50 64 27
89 50 76 18
89 50 81 27
89 50 82 18
89 50 85 27
89 50 86 18
89 51 3 24
89 51 6 24
89 51 7 24
89 51 15 24
89 51 27 24
89 51 28 24
89 51 29 24
89 51 30 24
89 51 33 24
89 51 35 24
89 51 41 24
89 51 43 24
89 51 46 24
89 51 51 24
89 51 60 24
89 51 76 24
89 52 17 24
89 52 21 24
89 52 25 24
89 52 57 24
89 55 5 24
89 55 18 24
89 55 22 24
89 55 36 24
89 55 47 24
89 55 68 24
89 55 72 24
89 55 85 24
89 56 13 24
89 56 14 24
89 56 19 24
89 56 22 24
89 56 28 24
89 56 32 24
89 56 35 24
89 56 40 24
89 56 48 24
89 56 64 24
89 56 69 24
89 56 70 24
89 56 75 24
89 56 79 24
89 56 80 24
89 56 85 24
89 57 12 24
89 57 13 18
89 57 23 24
89 57 31 24
89 57 32 18
89 57 33 18
89 57 35 27
89 57 37 27
89 57 46 27
89 57 51 27
89 57 52 24
89 57 55 18
89 57 62 27
89 57 63 27
89 57 66 27
89 57 67 18
89 57 70 27
89 57 75 18
89 57 86 27
89 59 2 24
89 59 45 24
89 59 71 24
89 59 84 24
89 60 9 25
89 60 17 25
89 60 20 25
89 60 22 25
89 60 40 25
89 60 57 25
89 60 67 25
89 60 72 25
89 60 73 25
89 60 78 25
89 61 4 24
89 61 8 24
89 61 19 24
89 61 37 24
89 61 44 24
89 61 58 24
89 61 59 24
89 61 66 24
89 61 67 24
89 61 71 24
89 61 75 24
89 61 77 24
89 61 78 24
89 61 84 24
89 61 86 24
89 61 87 24
89 62 5 24
89 62 18 24
89 62 25 24
89 62 57 24
89 63 8 24
89 63 11 24
89 63 12 24
89 63 14 24
89 63 16 24
89 63 39 24
89 63 40 24
89 63 52 24
89 63 59 24
89 63 63 24
89 63 65 24
89 63 69 24
89 63 70 24
89 63 78 24
89 63 81 24
89 63 86 24
89 65 32 24
89 65 40 24
89 65 64 24
89 65 69 24
89 66 12 25
89 66 24 25
89 66 31 25
89 66 33 25
89 66 46 25
89 66 51 25
89 66 56 25
89 66 61 25
89 66 66 25
89 66 70 25
89 69 7 25
89 69 13 25
89 69 28 25
89 69 43 25
89 69 46 25
89 69 54 25
89 69 63 25
89 69 66 25
89 69 75 25
89 69 83 25
89 70 13 24
89 70 28 24
89 70 29 24
89 70 35 24
89 70 41 24
89 70 43 24
89 70 46 24
89 70 48 24
89 70 56 24
89 70 60 24
89 70 62 24
89 70 63 24
89 70 65 24
89 70 74 24
89 70 76 24
89 70 83 24
89 71 17 24
89 71 21 24
89 71 34 24
89 71 40 24
89 71 50 24
89 71 55 24
89 71 69 24
89 71 73 24
89 72 10 25
89 72 21 25
89 72 42 25
89 72 50 25
89 72 55 25
89 72 64 25
89 72 68 25
89 72 78 25
89 72 80 25
89 72 85 25
89 75 9 24
89 75 10 24
89 75 22 24
89 75 85 24
89 76 5 24
89 76 16 24
89 76 18 24
89 76 39 24
89 77 3 24
89 77 13 24
89 77 19 27
89 77 26 27
89 77 28 27
89 77 30 24
89 77 32 18
89 77 33 27
89 77 48 24
89 77 49 18
89 77 51 27
89 77 52 18
89 77 61 18
89 77 65 27
89 77 66 27
89 77 68 18
89 77 74 18
89 77 77 27
89 77 82 27
89 79 7 25
89 79 13 25
89 79 14 25
89 79 30 25
89 79 43 25
89 79 46 25
89 79 52 25
89 79 62 25
89 79 65 25
89 79 74 25
89 80 3 25
89 80 13 25
89 80 26 25
89 80 28 25
89 80 29 25
89 80 33 25
89 80 63 25
89 80 66 25
89 80 70 25
89 80 76 25
89 82 3 25
89 82 6 25
89 82 13 25
89 82 26 25
89 82 29 25
89 82 35 25
89 82 38 25
89 82 51 25
89 82 58 25
89 82 61 25
89 83 7 25
89 83 15 25
89 83 23 25
89 83 27 25
89 83 29 25
89 83 30 25
89 83 65 25
89 83 66 25
89 83 77 25
89 83 83 25
89 84 3 24
89 84 4 24
89 84 25 24
89 84 28 24
89 84 30 24
89 84 35 24
89 84 41 24
89 84 57 24
89 84 59 24
89 84 67 24
89 84 71 24
89 84 76 24
89 84 79 24
89 84 80 24
89 84 84 24
89 84 86 24
89 85 24 25
89 85 27 25
89 85 28 25
89 85 30 25
89 85 38 25
89 85 41 25
89 85 51 25
89 85 60 25
89 85 65 25
89 85 86 25
89 86 2 24
89 86 25 24
89 86 36 24
89 86 44 24
89 86 45 24
89 86 47 24
89 86 57 24
89 86 87 24
89 88 8 24
89 88 9 24
89 88 10 24
89 88 78 24
97 1 5 25
97 1 9 24
97 1 15 25
97 1 16 24
97 1 20 25
97 1 21 25
97 1 43 24
97 1 54 24
97 1 56 25
97 1 70 24
97 1 74 25
97 1 76 25
97 1 79 24
97 1 80 25
97 1 87 25
97 1 88 24
97 1 90 25
97 1 91 24
97 5 21 18
97 5 34 18
97 5 51 18
97 5 55 18
97 5 58 18
97 5 68 18
97 5 71 18
97 5 74 18
97 5 82 18
97 7 5 25
97 7 12 24
97 7 14 25
97 7 24 24
97 7 29 25
97 7 38 25
97 7 51 25
97 7 52 25
97 7 55 25
97 7 60 25
97 7 84 25
97 7 89 24
97 7 90 25
97 7 93 24
97 9 10 27
97 9 14 27
97 9 15 18
97 9 19 27
97 9 34 27
97 9 37 18
97 9 42 27
97 9 45 18
97 9 51 27
97 9 63 27
97 9 82 27
97 9 87 27
97 11 2 24
97 11 5 25
97 11 6 24
97 11 13 25
97 11 19 25
97 11 37 25
97 11 40 25
97 11 49 24
97 11 67 25
97 11 69 25
97 11 71 25
97 11 81 24
97 11 83 25
97 11 87 25
97 12 7 18
97 12 8 27
97 12 14 18
97 12 21 18
97 12 22 27
97 12 24 27
97 12 31 27
97 12 33 27
97 12 37 18
97 12 54 27
97 12 61 27
97 12 70 18
97 12 73 27
97 12 81 18
97 12 82 18
97 12 84 18
97 12 89 18
97 12 91 27
97 13 7 27
97 13 13 27
97 13 20 18
97 13 37 18
97 13 38 27
97 13 39 18
97 13 45 27
97 13 46 27
97 13 51 27
97 13 60 27
97 13 63 27
97 13 71 27
97 14 2 24
97 14 4 24
97 14 5 25
97 14 10 25
97 14 13 25
97 14 20 25
97 14 44 24
97 14 49 24
97 14 67 25
97 14 70 24
97 14 71 25
97 14 73 24
97 14 78 25
97 14 79 24
97 14 84 25
97 14 86 24
97 14 90 25
97 14 92 25
97 15 2 25
97 15 3 24
97 15 6 24
97 15 8 25
97 15 23 24
97 15 24 25
97 15 25 25
97 15 29 24
97 15 31 24
97 15 32 25
97 15 38 24
97 15 44 25
97 15 47 24
97 15 53 25
97 15 57 24
97 15 58 24
97 15 62 25
97 15 64 24
97 15 65 24
97 15 72 24
97 15 80 24
97 15 81 24
97 15 87 24
97 15 88 25
97 15 91 25
97 15 92 24
97 20 12 24
97 20 14 25
97 20 17 25
97 20 18 24
97 20 21 25
97 20 27 24
97 20 33 24
97 20 34 25
97 20 45 25
97 20 48 24
97 20 50 24
97 20 56 25
97 20 59 25
97 20 63 25
97 20 78 25
97 20 87 25
97 20 89 24
97 20 95 24
97 22 6 24
97 22 21 25
97 22 23 25
97 22 25 24
97 22 30 25
97 22 34 25
97 22 46 25
97 22 52 25
97 22 56 25
97 22 59 25
97 22 66 24
97 22 67 25
97 22 81 24
97 22 87 25
97 23 5 27
97 23 13 27
97 23 20 18
97 23 23 27
97 23 40 27
97 23 41 18
97 23 45 27
97 23 57 18
97 23 58 27
97 23 74 27
97 23 78 27
97 23 84 27
97 25 14 18
97 25 17 18
97 25 26 18
97 25 39 18
97 25 41 18
97 25 55 18
97 25 67 18
97 25 77 18
97 25 78 18
97 26 17 25
97 26 20 25
97 26 23 25
97 26 29 25
97 26 31 24
97 26 33 24
97 26 50 24
97 26 51 25
97 26 55 25
97 26 67 25
97 26 71 25
97 26 72 24
97 26 77 25
97 26 83 25
97 27 15 27
97 27 17 18
97 27 30 27
97 27 39 27
97 27 41 18
97 27 52 27
97 27 67 27
97 27 74 27
97 27 78 27
97 27 80 27
97 27 87 18
97 27 92 27
97 28 2 18
97 28 6 18
97 28 10 18
97 28 17 18
97 28 19 18
97 28 21 18
97 28 25 18
97 28 27 18
97 28 28 18
97 28 29 18
97 28 30 18
97 28 37 18
97 28 40 18
97 28 41 18
97 28 43 18
97 28 44 18
97 28 46 18
97 28 52 18
97 28 54 18
97 28 55 18
97 28 59 18
97 28 65 18
97 28 68 18
97 28 71 18
97 28 74 18
97 28 87 18
97 28 89 18
97 29 5 24
97 29 7 24
97 29 10 25
97 29 13 25
97 29 14 24
97 29 19 24
97 29 23 25
97 29 26 25
97 29 28 24
97 29 29 24
97 29 37 25
97 29 39 24
97 29 41 24
97 29 42 25
97 29 46 24
97 29 52 24
97 29 55 25
97 29 58 25
97 29 60 25
97 29 63 24
97 29 71 24
97 29 77 24
97 29 80 25
97 29 83 24
97 29 87 24
97 29 90 24
97 31 7 25
97 31 13 25
97 31 22 24
97 31 38 25
97 31 41 25
97 31 44 24
97 31 52 25
97 31 57 25
97 31 63 25
97 31 74 25
97 31 75 24
97 31 78 25
97 31 83 25
97 31 86 24
97 32 3 27
97 32 7 18
97 32 14 18
97 32 22 27
97 32 35 27
97 32 36 18
97 32 41 18
97 32 43 27
97 32 50 27
97 32 53 18
97 32 54 27
97 32 63 18
97 32 71 18
97 32 73 27
97 32 77 18
97 32 81 27
97 32 86 18
97 32 94 27
97 34 14 25
97 34 16 24
97 34 24 24
97 34 26 25
97 34 28 25
97 34 36 24
97 34 37 25
97 34 62 24
97 34 67 25
97 34 68 25
97 34 69 25
97 34 70 24
97 34 77 25
97 34 79 24
97 34 80 25
97 34 83 25
97 34 91 24
97 34 93 24
97 35 13 25
97 35 14 25
97 35 22 24
97 35 32 24
97 35 40 25
97 35 51 25
97 35 56 25
97 35 74 25
97 35 75 24
97 35 76 25
97 35 77 25
97 35 84 25
97 35 90 25
97 35 94 24
97 36 3 24
97 36 5 24
97 36 7 24
97 36 14 24
97 36 16 24
97 36 22 25
97 36 26 24
97 36 27 25
97 36 29 24
97 36 32 25
97 36 35 25
97 36 36 24
97 36 39 24
97 36 44 24
97 36 47 25
97 36 54 25
97 36 56 24
97 36 62 24
97 36 65 24
97 36 70 25
97 36 73 25
97 36 85 25
97 36 86 24
97 36 87 24
97 36 88 25
97 36 91 24
97 41 3 24
97 41 15 25
97 41 30 25
97 41 38 25
97 41 41 25
97 41 43 24
97 41 45 25
97 41 56 25
97 41 65 24
97 41 77 25
97 41 84 25
97 41 87 25
97 41 88 24
97 41 90 25
97 43 2 25
97 43 4 24
97 43 8 24
97 43 9 25
97 43 11 24
97 43 12 25
97 43 16 25
97 43 18 25
97 43 22 25
97 43 23 24
97 43 26 24
97 43 28 24
97 43 31 25
97 43 32 25
97 43 38 24
97 43 44 24
97 43 52 24
97 43 53 24
97 43 56 24
97 43 70 25
97 43 73 24
97 43 82 24
97 43 84 24
97 43 85 24
97 43 86 24
97 43 95 25
97 44 4 25
97 44 8 24
97 44 11 25
97 44 22 25
97 44 26 24
97 44 31 25
97 44 33 24
97 44 36 24
97 44 42 24
97 44 47 24
97 44 50 24
97 44 56 24
97 44 59 24
97 44 60 24
97 44 61 25
97 44 62 24
97 44 64 24
97 44 67 24
97 44 70 25
97 44 74 24
97 44 76 24
97 44 85 24
97 44 89 25
97 44 91 25
97 44 93 25
97 44 94 25
97 46 10 24
97 46 15 25
97 46 17 24
97 46 19 25
97 46 20 24
97 46 21 25
97 46 23 25
97 46 28 25
97 46 30 25
97 46 34 24
97 46 39 25
97 46 40 24
97 46 41 24
97 46 42 25
97 46 59 25
97 46 60 24
97 46 63 24
97 46 68 24
97 46 69 25
97 46 71 24
97 46 76 24
97 46 77 24
97 46 82 24
97 46 83 24
97 46 84 24
97 46 90 24
97 48 2 24
97 48 5 25
97 48 14 25
97 48 29 25
97 48 34 25
97 48 41 25
97 48 42 25
97 48 47 24
97 48 49 24
97 48 59 25
97 48 64 24
97 48 68 25
97 48 78 25
97 48 82 25
97 49 15 25
97 49 19 25
97 49 29 25
97 49 33 24
97 49 38 25
97 49 48 24
97 49 50 24
97 49 55 25
97 49 56 25
97 49 63 25
97 49 68 25
97 49 83 25
97 49 92 25
97 49 95 24
97 51 7 24
97 51 13 24
97 51 14 24
97 51 15 24
97 51 20 24
97 51 21 24
97 51 26 24
97 51 28 25
97 51 29 24
97 51 34 24
97 51 37 24
97 51 38 25
97 51 55 25
97 51 56 24
97 51 57 24
97 51 58 25
97 51 63 24
97 51 67 25
97 51 69 25
97 51 74 25
97 51 76 25
97 51 77 24
97 51 78 25
97 51 80 24
97 51 82 25
97 51 87 24
97 53 3 25
97 53 4 25
97 53 6 25
97 53 8 25
97 53 12 24
97 53 21 24
97 53 23 24
97 53 27 25
97 53 30 24
97 53 33 24
97 53 35 24
97 53 36 25
97 53 37 24
97 53 38 24
97 53 41 24
97 53 47 24
97 53 50 24
97 53 55 24
97 53 61 24
97 53 64 24
97 53 66 25
97 53 71 24
97 53 75 25
97 53 86 25
97 53 89 24
97 53 93 25
97 54 2 25
97 54 11 24
97 54 12 24
97 54 13 24
97 54 15 24
97 54 24 24
97 54 27 25
97 54 41 24
97 54 44 24
97 54 45 24
97 54 53 24
97 54 59 24
97 54 65 25
97 54 66 25
97 54 69 24
97 54 71 24
97 54 74 24
97 54 75 25
97 54 79 25
97 54 81 25
97 54 85 25
97 54 86 24
97 54 88 25
97 54 89 24
97 54 93 24
97 54 95 25
97 56 7 25
97 56 9 24
97 56 10 25
97 56 13 25
97 56 20 25
97 56 32 24
97 56 41 25
97 56 52 25
97 56 54 24
97 56 56 25
97 56 59 25
97 56 67 25
97 56 82 25
97 56 94 24
97 61 6 24
97 61 9 25
97 61 10 24
97 61 11 24
97 61 12 25
97 61 24 25
97 61 27 25
97 61 32 24
97 61 35 24
97 61 41 24
97 61 43 25
97 61 50 25
97 61 53 24
97 61 58 24
97 61 61 24
97 61 62 25
97 61 65 25
97 61 68 24
97 61 70 25
97 61 71 24
97 61 75 25
97 61 81 24
97 61 83 24
97 61 90 24
97 61 92 24
97 61 94 24
97 62 3 24
97 62 7 25
97 62 13 25
97 62 20 25
97 62 21 25
97 62 22 24
97 62 23 25
97 62 41 25
97 62 46 25
97 62 57 25
97 62 65 24
97 62 75 24
97 62 83 25
97 62 84 25
97 63 4 24
97 63 6 24
97 63 14 25
97 63 17 25
97 63 18 24
97 63 20 25
97 63 27 24
97 63 28 25
97 63 29 25
97 63 30 25
97 63 35 24
97 63 60 25
97 63 61 24
97 63 69 25
97 63 71 25
97 63 73 24
97 63 81 24
97 63 83 25
97 65 3 27
97 65 11 18
97 65 16 27
97 65 20 18
97 65 24 27
97 65 26 18
97 65 34 18
97 65 43 27
97 65 44 18
97 65 47 27
97 65 54 27
97 65 56 18
97 65 61 18
97 65 62 27
97 65 75 27
97 65 83 18
97 65 90 18
97 65 94 27
97 66 11 24
97 66 14 25
97 66 19 25
97 66 22 24
97 66 23 25
97 66 34 25
97 66 40 25
97 66 45 25
97 66 53 24
97 66 56 25
97 66 59 25
97 66 75 24
97 66 84 25
97 66 90 25
97 68 7 24
97 68 10 24
97 68 14 24
97 68 17 25
97 68 20 24
97 68 26 24
97 68 34 24
97 68 37 25
97 68 39 25
97 68 42 25
97 68 45 24
97 68 51 24
97 68 55 25
97 68 56 24
97 68 58 24
97 68 60 25
97 68 68 24
97 68 69 24
97 68 71 25
97 68 74 25
97 68 78 24
97 68 83 24
97 68 84 25
97 68 87 25
97 68 90 24
97 68 92 24
97 69 8 18
97 69 10 18
97 69 23 18
97 69 26 18
97 69 29 18
97 69 32 18
97 69 38 18
97 69 42 18
97 69 43 18
97 69 45 18
97 69 51 18
97 69 53 18
97 69 54 18
97 69 56 18
97 69 57 18
97 69 60 18
97 69 67 18
97 69 68 18
97 69 69 18
97 69 70 18
97 69 72 18
97 69 76 18
97 69 78 18
97 69 80 18
97 69 87 18
97 69 91 18
97 69 95 18
97 70 5 27
97 70 10 18
97 70 17 27
97 70 19 27
97 70 23 27
97 70 30 27
97 70 45 27
97 70 56 18
97 70 58 27
97 70 67 27
97 70 80 18
97 70 82 27
97 71 14 25
97 71 20 25
97 71 25 24
97 71 26 25
97 71 30 25
97 71 42 25
97 71 46 25
97 71 47 24
97 71 64 24
97 71 66 24
97 71 68 25
97 71 74 25
97 71 77 25
97 71 80 25
97 72 19 18
97 72 20 18
97 72 30 18
97 72 42 18
97 72 56 18
97 72 58 18
97 72 71 18
97 72 80 18
97 72 83 18
97 74 13 27
97 74 19 27
97 74 23 27
97 74 39 27
97 74 40 18
97 74 52 27
97 74 56 18
97 74 57 27
97 74 74 27
97 74 77 18
97 74 84 27
97 74 92 27
97 75 10 25
97 75 16 24
97 75 30 25
97 75 31 24
97 75 38 25
97 75 41 25
97 75 45 25
97 75 51 25
97 75 63 25
97 75 67 25
97 75 72 24
97 75 74 25
97 75 76 25
97 75 91 24
97 77 2 24
97 77 8 24
97 77 10 25
97 77 19 25
97 77 34 25
97 77 38 25
97 77 41 25
97 77 47 24
97 77 49 24
97 77 52 25
97 77 63 25
97 77 64 24
97 77 70 24
97 77 76 25
97 77 79 24
97 77 80 25
97 77 83 25
97 77 85 24
97 82 5 24
97 82 6 25
97 82 9 25
97 82 10 24
97 82 16 24
97 82 17 24
97 82 25 24
97 82 32 24
97 82 33 24
97 82 35 25
97 82 39 24
97 82 40 24
97 82 44 25
97 82 50 24
97 82 53 25
97 82 59 24
97 82 65 25
97 82 66 24
97 82 68 24
97 82 72 25
97 82 73 25
97 82 74 24
97 82 89 25
97 82 91 24
97 82 94 24
97 82 95 25
97 83 5 25
97 83 7 25
97 83 11 24
97 83 13 25
97 83 18 24
97 83 19 25
97 83 24 24
97 83 26 25
97 83 27 24
97 83 30 25
97 83 48 24
97 83 53 24
97 83 77 25
97 83 84 25
97 83 87 25
97 83 92 25
97 83 93 24
97 83 95 24
97 84 26 27
97 84 34 27
97 84 37 27
97 84 46 27
97 84 51 27
97 84 52 27
97 84 58 18
97 84 59 27
97 84 60 18
97 84 77 18
97 84 84 27
97 84 90 27
97 85 6 27
97 85 8 18
97 85 13 18
97 85 15 18
97 85 16 18
97 85 24 27
97 85 27 18
97 85 36 27
97 85 43 27
97 85 60 18
97 85 64 27
97 85 66 27
97 85 73 27
97 85 75 27
97 85 76 18
97 85 83 18
97 85 89 27
97 85 90 18
97 86 10 25
97 86 14 25
97 86 16 24
97 86 26 25
97 86 28 25
97 86 30 25
97 86 48 24
97 86 57 25
97 86 60 25
97 86 78 25
97 86 84 25
97 86 91 24
97 86 92 25
97 86 95 24
97 88 10 27
97 88 15 27
97 88 34 27
97 88 46 27
97 88 52 18
97 88 55 27
97 88 60 18
97 88 63 27
97 88 78 27
97 88 82 18
97 88 83 27
97 88 87 27
97 90 4 24
97 90 7 25
97 90 8 24
97 90 13 25
97 90 37 25
97 90 42 25
97 90 45 25
97 90 46 25
97 90 59 25
97 90 68 25
97 90 73 24
97 90 83 25
97 90 85 24
97 90 92 25
97 92 15 18
97 92 23 18
97 92 26 18
97 92 29 18
97 92 39 18
97 92 42 18
97 92 46 18
97 92 63 18
97 92 76 18
97 96 6 24
97 96 7 25
97 96 9 24
97 96 10 25
97 96 17 25
97 96 18 24
97 96 21 25
97 96 23 25
97 96 27 24
97 96 41 25
97 96 43 24
97 96 54 24
97 96 76 25
97 96 77 25
97 96 81 24
97 96 82 25
97 96 88 24
97 96 92 25
101 1 15 24
101 1 27 24
101 1 55 24
101 1 90 24
101 3 9 18
101 3 10 27
101 3 16 18
101 3 19 18
101 3 24 24
101 3 28 24
101 3 33 24
101 3 34 18
101 3 36 24
101 3 39 27
101 3 45 18
101 3 46 18
101 3 48 27
101 3 49 24
101 3 50 27
101 3 55 24
101 3 59 27
101 3 62 27
101 3 63 24
101 3 67 27
101 3 69 27
101 3 72 24
101 3 73 18
101 3 74 27
101 3 78 18
101 3 79 18
101 3 80 24
101 3 83 24
101 3 84 24
101 3 87 24
101 3 90 24
101 3 93 24
101 3 94 24
101 3 95 24
101 4 3 27
101 4 12 27
101 4 22 24
101 4 23 24
101 4 27 18
101 4 29 27
101 4 32 32
101 4 38 27
101 4 39 32
101 4 41 32
101 4 51 27
101 4 52 24
101 4 53 32
101 4 55 27
101 4 57 32
101 4 60 32
101 4 61 32
101 4 63 18
101 4 66 27
101 4 68 24
101 4 69 32
101 4 86 18
101 4 89 27
101 4 94 27
101 7 3 27
101 7 4 24
101 7 9 18
101 7 14 18
101 7 20 24
101 7 21 24
101 7 31 24
101 7 32 27
101 7 38 27
101 7 45 18
101 7 51 18
101 7 52 18
101 7 57 27
101 7 62 27
101 7 63 18
101 7 65 18
101 7 68 18
101 7 72 27
101 7 73 18
101 7 76 24
101 7 77 24
101 7 88 24
101 7 90 27
101 7 91 27
101 7 96 24
101 7 99 27
101 9 2 24
101 9 4 24
101 9 8 24
101 9 10 18
101 9 15 24
101 9 23 27
101 9 24 24
101 9 26 18
101 9 27 24
101 9 30 24
101 9 35 18
101 9 38 24
101 9 43 24
101 9 44 18
101 9 47 24
101 9 51 24
101 9 54 27
101 9 55 24
101 9 62 18
101 9 64 24
101 9 65 27
101 9 70 18
101 9 76 24
101 9 77 27
101 9 79 27
101 9 80 24
101 9 81 27
101 9 84 27
101 9 87 18
101 9 90 24
101 9 91 18
101 9 92 18
101 9 96 27
101 9 97 27
101 10 2 24
101 10 3 18
101 10 9 27
101 10 17 27
101 10 19 27
101 10 21 24
101 10 24 27
101 10 32 18
101 10 34 18
101 10 37 27
101 10 40 24
101 10 41 18
101 10 42 24
101 10 43 27
101 10 48 24
101 10 51 24
101 10 52 24
101 10 56 24
101 10 58 18
101 10 60 18
101 10 68 24
101 10 69 18
101 10 74 24
101 10 77 24
101 10 78 24
101 10 79 24
101 10 81 18
101 10 82 27
101 10 84 18
101 10 86 24
101 10 89 24
101 10 92 24
101 10 96 27
101 10 97 27
101 11 2 24
101 11 3 27
101 11 4 18
101 11 7 24
101 11 8 27
101 11 11 24
101 11 12 24
101 11 15 27
101 11 16 18
101 11 18 24
101 11 19 18
101 11 21 18
101 11 29 24
101 11 40 27
101 11 44 24
101 11 46 24
101 11 51 24
101 11 53 24
101 11 55 27
101 11 59 24
101 11 60 18
101 11 61 24
101 11 62 24
101 11 67 18
101 11 72 24
101 11 73 24
101 11 75 27
101 11 76 18
101 11 77 18
101 11 89 27
101 11 91 27
101 11 93 27
101 11 94 24
101 11 99 18
101 14 11 24
101 14 44 24
101 14 46 24
101 14 62 24
101 15 2 24
101 15 3 24
101 15 6 18
101 15 13 18
101 15 15 27
101 15 17 18
101 15 22 18
101 15 23 18
101 15 29 18
101 15 31 24
101 15 33 24
101 15 34 24
101 15 37 24
101 15 38 18
101 15 39 27
101 15 46 27
101 15 48 18
101 15 49 24
101 15 51 24
101 15 53 27
101 15 55 27
101 15 66 27
101 15 67 24
101 15 70 18
101 15 71 24
101 15 72 24
101 15 74 27
101 15 78 24
101 15 79 24
101 15 88 24
101 15 91 27
101 15 94 24
101 15 98 24
101 15 99 27
101 16 2 25
101 16 3 25
101 16 8 25
101 16 11 25
101 16 39 25
101 16 40 25
101 16 42 25
101 16 53 25
101 16 86 25
101 16 90 25
101 17 7 25
101 17 8 25
101 17 18 25
101 17 27 25
101 17 28 25
101 17 32 25
101 17 46 25
101 17 57 25
101 17 75 25
101 17 90 25
101 18 3 27
101 18 6 18
101 18 9 18
101 18 10 27
101 18 11 27
101 18 14 24
101 18 15 27
101 18 17 18
101 18 24 24
101 18 28 27
101 18 33 24
101 18 41 27
101 18 45 18
101 18 49 24
101 18 59 27
101 18 63 27
101 18 65 24
101 18 73 27
101 18 78 18
101 18 79 18
101 18 80 24
101 18 82 24
101 18 85 24
101 18 89 18
101 18 90 18
101 18 94 18
101 19 4 18
101 19 7 27
101 19 8 24
101 19 11 24
101 19 12 18
101 19 15 27
101 19 18 24
101 19 25 18
101 19 36 18
101 19 38 24
101 19 39 24
101 19 40 24
101 19 41 27
101 19 42 24
101 19 44 24
101 19 46 24
101 19 48 24
101 19 50 18
101 19 51 27
101 19 57 24
101 19 61 27
101 19 62 24
101 19 63 18
101 19 67 27
101 19 73 24
101 19 74 24
101 19 75 27
101 19 76 18
101 19 83 27
101 19 86 24
101 19 87 18
101 19 89 24
101 19 90 27
101 19 97 18
101 20 2 27
101 20 3 27
101 20 6 24
101 20 11 32
101 20 17 24
101 20 18 27
101 20 27 27
101 20 39 18
101 20 44 32
101 20 46 32
101 20 48 27
101 20 54 24
101 20 55 32
101 20 58 24
101 20 59 27
101 20 60 27
101 20 62 32
101 20 63 27
101 20 69 27
101 20 72 32
101 20 75 18
101 20 89 18
101 20 90 32
101 20 94 32
101 21 7 27
101 21 14 24
101 21 20 24
101 21 25 18
101 21 32 27
101 21 36 24
101 21 38 27
101 21 40 18
101 21 42 27
101 21 43 18
101 21 44 27
101 21 47 18
101 21 50 27
101 21 51 18
101 21 53 18
101 21 56 24
101 21 65 24
101 21 66 27
101 21 73 27
101 21 84 18
101 21 87 24
101 21 92 24
101 21 94 27
101 21 95 18
101 21 96 24
101 21 97 18
101 24 8 24
101 24 38 24
101 24 53 24
101 24 61 24
101 27 3 32
101 27 4 24
101 27 8 18
101 27 12 27
101 27 13 24
101 27 15 27
101 27 29 27
101 27 34 32
101 27 41 32
101 27 42 27
101 27 50 27
101 27 55 32
101 27 60 27
101 27 62 27
101 27 63 32
101 27 67 27
101 27 69 32
101 27 70 24
101 27 74 18
101 27 75 27
101 27 76 24
101 27 90 32
101 27 91 18
101 27 93 32
101 30 16 25
101 30 37 25
101 30 43 25
101 30 45 25
101 30 64 25
101 30 68 25
101 30 76 25
101 30 82 25
101 30 92 25
101 30 96 25
101 32 3 25
101 32 11 25
101 32 15 25
101 32 28 25
101 32 35 25
101 32 57 25
101 32 59 25
101 32 66 25
101 32 86 25
101 32 89 25
101 33 2 27
101 33 9 24
101 33 11 27
101 33 12 27
101 33 24 24
101 33 27 27
101 33 28 32
101 33 29 27
101 33 35 18
101 33 41 27
101 33 45 24
101 33 50 32
101 33 53 27
101 33 55 32
101 33 62 18
101 33 63 32
101 33 72 27
101 33 75 27
101 33 80 24
101 33 83 32
101 33 89 18
101 33 90 32
101 33 93 32
101 33 99 32
101 34 3 24
101 34 34 24
101 34 41 24
101 34 69 24
101 38 5 24
101 38 7 18
101 38 10 27
101 38 11 32
101 38 14 24
101 38 28 27
101 38 32 27
101 38 34 18
101 38 35 27
101 38 40 32
101 38 44 32
101 38 46 32
101 38 48 32
101 38 51 27
101 38 53 27
101 38 59 27
101 38 62 32
101 38 65 24
101 38 67 32
101 38 81 24
101 38 93 27
101 38 94 27
101 38 98 32
101 38 99 18
101 39 2 32
101 39 11 32
101 39 21 24
101 39 22 24
101 39 23 24
101 39 28 32
101 39 40 27
101 39 41 27
101 39 42 18
101 39 44 27
101 39 46 32
101 39 51 32
101 39 55 27
101 39 57 27
101 39 63 27
101 39 66 32
101 39 67 27
101 39 72 18
101 39 73 27
101 39 75 32
101 39 77 24
101 39 83 32
101 39 86 18
101 39 91 27
101 42 2 18
101 42 6 27
101 42 18 24
101 42 19 18
101 42 23 18
101 42 25 24
101 42 28 18
101 42 31 24
101 42 32 18
101 42 37 27
101 42 41 24
101 42 43 27
101 42 45 18
101 42 49 27
101 42 51 18
101 42 53 24
101 42 54 24
101 42 55 24
101 42 58 24
101 42 60 18
101 42 61 24
101 42 65 27
101 42 69 24
101 42 70 27
101 42 73 24
101 42 78 24
101 42 79 24
101 42 80 27
101 42 83 18
101 42 87 27
101 42 88 24
101 42 90 24
101 42 95 27
101 42 97 24
101 45 2 18
101 45 4 24
101 45 6 24
101 45 9 18
101 45 10 24
101 45 12 27
101 45 16 24
101 45 17 24
101 45 19 24
101 45 20 18
101 45 28 27
101 45 36 18
101 45 37 24
101 45 38 27
101 45 39 27
101 45 41 24
101 45 45 18
101 45 48 18
101 45 50 27
101 45 53 24
101 45 61 24
101 45 62 18
101 45 67 27
101 45 69 24
101 45 71 24
101 45 72 24
101 45 76 24
101 45 86 27
101 45 87 18
101 45 89 27
101 45 90 27
101 45 91 24
101 45 94 24
101 45 96 18
101 46 9 25
101 46 16 25
101 46 68 25
101 46 76 25
101 46 77 25
101 46 79 25
101 46 80 25
101 46 84 25
101 46 87 25
101 46 88 25
101 47 3 24
101 47 7 27
101 47 8 18
101 47 10 24
101 47 11 27
101 47 26 18
101 47 27 27
101 47 30 18
101 47 34 24
101 47 39 18
101 47 41 24
101 47 42 24
101 47 44 24
101 47 50 24
101 47 53 27
101 47 55 27
101 47 60 27
101 47 62 24
101 47 63 24
101 47 64 18
101 47 66 24
101 47 69 24
101 47 72 27
101 47 75 24
101 47 78 18
101 47 79 18
101 47 82 18
101 47 83 27
101 47 85 18
101 47 89 24
101 47 91 24
101 47 93 24
101 47 98 27
101 47 99 24
101 49 15 25
101 49 28 25
101 49 34 25
101 49 53 25
101 49 55 25
101 49 57 25
101 49 60 25
101 49 73 25
101 49 86 25
101 49 98 25
101 52 3 25
101 52 15 25
101 52 28 25
101 52 41 25
101 52 44 25
101 52 46 25
101 52 48 25
101 52 67 25
101 52 73 25
101 52 86 25
101 54 2 24
101 54 3 27
101 54 8 24
101 54 10 24
101 54 12 24
101 54 16 18
101 54 18 27
101 54 19 18
101 54 22 18
101 54 23 18
101 54 26 24
101 54 29 27
101 54 32 24
101 54 35 24
101 54 37 18
101 54 38 24
101 54 39 24
101 54 41 27
101 54 46 27
101 54 48 27
101 54 51 24
101 54 57 24
101 54 59 24
101 54 60 24
101 54 62 18
101 54 67 24
101 54 71 18
101 54 74 27
101 54 75 18
101 54 90 27
101 54 91 24
101 54 93 18
101 54 94 27
101 54 98 24
101 55 13 25
101 55 14 25
101 55 17 25
101 55 21 25
101 55 22 25
101 55 24 25
101 55 25 25
101 55 33 25
101 55 85 25
101 55 92 25
101 56 5 18
101 56 7 24
101 56 10 24
101 56 11 27
101 56 12 27
101 56 14 18
101 56 15 27
101 56 25 24
101 56 29 24
101 56 30 24
101 56 32 24
101 56 34 27
101 56 39 18
101 56 40 24
101 56 48 24
101 56 51 27
101 56 53 18
101 56 56 18
101 56 60 24
101 56 62 27
101 56 63 27
101 56 64 24
101 56 65 18
101 56 73 27
101 56 81 18
101 56 82 24
101 56 84 24
101 56 85 24
101 56 89 27
101 56 91 24
101 56 92 18
101 56 95 24
101 56 97 24
101 56 99 18
101 59 4 24
101 59 6 27
101 59 11 24
101 59 13 24
101 59 14 27
101 59 18 18
101 59 21 27
101 59 22 24
101 59 23 24
101 59 28 24
101 59 31 27
101 59 32 24
101 59 36 27
101 59 40 24
101 59 41 18
101 59 43 24
101 59 46 24
101 59 47 24
101 59 48 24
101 59 50 18
101 59 52 27
101 59 56 18
101 59 58 27
101 59 60 24
101 59 64 27
101 59 69 18
101 59 70 24
101 59 73 18
101 59 76 24
101 59 78 18
101 59 82 18
101 59 83 24
101 59 95 27
101 59 99 18
101 62 10 27
101 62 15 18
101 62 18 32
101 62 24 24
101 62 26 32
101 62 28 27
101 62 29 18
101 62 34 27
101 62 35 32
101 62 38 27
101 62 44 27
101 62 46 27
101 62 50 32
101 62 55 32
101 62 57 27
101 62 59 18
101 62 60 27
101 62 61 27
101 62 73 32
101 62 78 24
101 62 79 24
101 62 80 24
101 62 90 32
101 62 99 32
101 63 2 18
101 63 3 32
101 63 7 27
101 63 8 27
101 63 20 24
101 63 34 32
101 63 36 24
101 63 39 32
101 63 42 27
101 63 48 27
101 63 50 27
101 63 53 32
101 63 55 32
101 63 57 32
101 63 61 32
101 63 66 27
101 63 67 18
101 63 69 27
101 63 73 27
101 63 87 24
101 63 90 32
101 63 91 27
101 63 94 18
101 63 96 24
101 67 32 24
101 67 60 24
101 67 67 24
101 67 98 24
101 68 2 32
101 68 8 32
101 68 11 32
101 68 12 18
101 68 18 32
101 68 21 24
101 68 26 27
101 68 29 27
101 68 38 32
101 68 39 18
101 68 46 32
101 68 48 27
101 68 51 32
101 68 56 24
101 68 60 27
101 68 66 18
101 68 72 27
101 68 73 32
101 68 74 27
101 68 77 24
101 68 89 27
101 68 90 27
101 68 92 24
101 68 99 27
101 69 12 25
101 69 15 25
101 69 35 25
101 69 42 25
101 69 44 25
101 69 66 25
101 69 73 25
101 69 86 25
101 69 90 25
101 69 98 25
101 71 5 25
101 71 9 25
101 71 19 25
101 71 25 25
101 71 33 25
101 71 37 25
101 71 56 25
101 71 58 25
101 71 64 25
101 71 85 25
101 74 8 32
101 74 10 18
101 74 11 32
101 74 25 24
101 74 26 27
101 74 27 18
101 74 31 24
101 74 32 32
101 74 34 27
101 74 38 32
101 74 39 27
101 74 41 27
101 74 46 32
101 74 51 27
101 74 59 27
101 74 60 32
101 74 67 32
101 74 72 27
101 74 86 27
101 74 88 24
101 74 89 27
101 74 93 18
101 74 97 24
101 74 98 32
101 77 40 24
101 77 48 24
101 77 63 24
101 77 93 24
101 80 4 18
101 80 5 24
101 80 6 18
101 80 7 27
101 80 9 24
101 80 14 24
101 80 17 18
101 80 28 27
101 80 35 27
101 80 36 24
101 80 45 24
101 80 48 18
101 80 50 18
101 80 51 27
101 80 54 18
101 80 57 27
101 80 58 18
101 80 59 27
101 80 61 18
101 80 63 27
101 80 65 24
101 80 69 27
101 80 76 18
101 80 81 24
101 80 87 24
101 80 94 27
101 81 7 32
101 81 11 32
101 81 12 18
101 81 26 18
101 81 29 32
101 81 32 27
101 81 38 27
101 81 39 32
101 81 41 27
101 81 42 27
101 81 43 24
101 81 46 32
101 81 47 24
101 81 53 27
101 81 55 32
101 81 57 32
101 81 62 18
101 81 74 27
101 81 83 27
101 81 84 24
101 81 90 32
101 81 95 24
101 81 98 27
101 81 99 27
101 82 4 18
101 82 11 27
101 82 12 24
101 82 14 18
101 82 15 24
101 82 18 27
101 82 25 18
101 82 26 27
101 82 27 24
101 82 28 24
101 82 34 27
101 82 38 18
101 82 39 24
101 82 40 27
101 82 44 24
101 82 50 27
101 82 51 18
101 82 53 24
101 82 55 24
101 82 57 24
101 82 59 24
101 82 60 27
101 82 61 24
101 82 62 24
101 82 63 24
101 82 65 18
101 82 76 18
101 82 83 24
101 82 86 27
101 82 89 18
101 82 90 24
101 82 93 24
101 82 94 27
101 82 97 18
101 83 7 18
101 83 11 18
101 83 12 18
101 83 16 24
101 83 19 24
101 83 21 24
101 83 22 18
101 83 23 18
101 83 28 27
101 83 36 24
101 83 38 27
101 83 42 27
101 83 52 24
101 83 56 18
101 83 60 27
101 83 68 24
101 83 73 27
101 83 77 24
101 83 84 18
101 83 86 27
101 83 87 24
101 83 90 27
101 83 91 27
101 83 92 18
101 83 95 18
101 83 98 27
101 84 11 25
101 84 26 25
101 84 44 25
101 84 55 25
101 84 69 25
101 84 73 25
101 84 74 25
101 84 83 25
101 84 93 25
101 84 94 25
101 85 11 25
101 85 15 25
101 85 48 25
101 85 59 25
101 85 61 25
101 85 62 25
101 85 90 25
101 85 93 25
101 85 98 25
101 85 99 25
101 86 2 27
101 86 3 24
101 86 7 24
101 86 10 27
101 86 13 24
101 86 22 24
101 86 23 24
101 86 27 27
101 86 29 24
101 86 30 24
101 86 31 18
101 86 34 24
101 86 35 27
101 86 46 27
101 86 48 27
101 86 50 24
101 86 52 24
101 86 53 18
101 86 55 27
101 86 62 27
101 86 63 18
101 86 64 24
101 86 67 24
101 86 68 24
101 86 70 24
101 86 72 18
101 86 78 18
101 86 79 18
101 86 84 18
101 86 86 27
101 86 88 18
101 86 95 18
101 86 98 24
101 86 99 24
101 87 39 24
101 87 55 24
101 87 57 24
101 87 90 24
101 90 2 18
101 90 7 24
101 90 8 27
101 90 10 27
101 90 12 27
101 90 24 18
101 90 25 18
101 90 26 27
101 90 28 24
101 90 29 24
101 90 34 18
101 90 39 24
101 90 40 24
101 90 41 18
101 90 42 24
101 90 46 27
101 90 48 24
101 90 50 24
101 90 55 24
101 90 57 24
101 90 61 27
101 90 72 24
101 90 80 18
101 90 82 18
101 90 83 24
101 90 85 18
101 90 86 27
101 90 89 24
101 90 90 24
101 90 93 27
101 90 94 24
101 90 97 18
101 90 98 27
101 90 99 24
101 91 4 27
101 91 5 27
101 91 9 24
101 91 12 24
101 91 15 24
101 91 17 18
101 91 19 27
101 91 20 18
101 91 22 24
101 91 23 24
101 91 24 24
101 91 27 24
101 91 32 18
101 91 33 24
101 91 41 18
101 91 43 18
101 91 45 24
101 91 49 24
101 91 50 24
101 91 53 24
101 91 58 27
101 91 59 24
101 91 60 18
101 91 61 24
101 91 64 27
101 91 67 18
101 91 69 18
101 91 77 27
101 91 80 24
101 91 82 27
101 91 84 27
101 91 92 27
101 91 98 18
101 91 99 24
101 92 4 27
101 92 5 27
101 92 9 18
101 92 10 18
101 92 11 24
101 92 14 18
101 92 17 27
101 92 20 27
101 92 21 24
101 92 22 27
101 92 24 27
101 92 25 24
101 92 31 18
101 92 36 27
101 92 37 24
101 92 39 18
101 92 46 24
101 92 47 27
101 92 50 24
101 92 54 24
101 92 57 18
101 92 58 24
101 92 63 24
101 92 66 18
101 92 71 24
101 92 74 24
101 92 75 18
101 92 77 24
101 92 78 27
101 92 86 24
101 92 91 18
101 92 93 24
101 92 97 24
101 92 99 24
101 94 2 27
101 94 5 24
101 94 10 27
101 94 11 27
101 94 13 24
101 94 24 24
101 94 25 24
101 94 28 18
101 94 29 27
101 94 33 18
101 94 36 18
101 94 38 18
101 94 39 27
101 94 44 27
101 94 49 18
101 94 50 18
101 94 56 18
101 94 63 27
101 94 69 27
101 94 70 24
101 94 80 24
101 94 81 24
101 94 87 18
101 94 92 18
101 94 97 24
101 94 98 27
101 97 7 27
101 97 12 27
101 97 15 18
101 97 32 32
101 97 33 24
101 97 35 27
101 97 38 18
101 97 40 32
101 97 41 32
101 97 44 32
101 97 46 27
101 97 48 32
101 97 49 24
101 97 50 27
101 97 60 32
101 97 62 32
101 97 63 27
101 97 69 32
101 97 72 27
101 97 74 18
101 97 78 24
101 97 79 24
101 97 89 27
101 97 98 27
101 98 6 24
101 98 7 24
101 98 8 24
101 98 11 24
101 98 14 24
101 98 17 24
101 98 18 24
101 98 21 24
101 98 22 18
101 98 23 18
101 98 27 27
101 98 28 18
101 98 29 24
101 98 32 27
101 98 34 27
101 98 38 24
101 98 39 27
101 98 42 27
101 98 46 24
101 98 51 27
101 98 52 24
101 98 53 27
101 98 55 18
101 98 56 18
101 98 62 27
101 98 65 24
101 98 67 18
101 98 68 24
101 98 73 24
101 98 77 24
101 98 82 18
101 98 85 18
101 98 91 27
101 98 92 18
101 100 11 24
101 100 46 24
101 100 74 24
101 100 86 24
103 3 3 18
103 3 10 18
103 3 20 18
103 3 22 18
103 3 26 25
103 3 29 25
103 3 38 25
103 3 50 25
103 3 56 25
103 3 64 25
103 3 70 18
103 3 71 18
103 3 75 18
103 3 79 25
103 3 81 25
103 3 90 18
103 3 96 18
103 3 97 25
103 3 100 25
103 8 4 24
103 8 26 24
103 8 28 24
103 8 46 24
103 8 50 24
103 8 56 24
103 8 68 24
103 8 92 24
103 9 6 27
103 9 8 25
103 9 11 18
103 9 14 25
103 9 15 25
103 9 16 25
103 9 19 25
103 9 23 25
103 9 24 27
103 9 37 27
103 9 40 27
103 9 42 18
103 9 47 27
103 9 52 25
103 9 54 27
103 9 56 25
103 9 64 25
103 9 67 27
103 9 70 18
103 9 74 27
103 9 83 25
103 9 94 27
103 11 15 24
103 11 51 24
103 11 55 24
103 11 64 24
103 11 66 24
103 11 90 24
103 11 95 24
103 11 101 24
103 12 11 32
103 12 30 24
103 12 35 32
103 12 36 24
103 12 44 32
103 12 45 32
103 12 53 32
103 12 75 32
103 12 79 24
103 12 83 24
103 12 87 32
103 12 96 32
103 13 2 24
103 13 52 24
103 13 61 24
103 13 76 24
103 14 14 24
103 14 30 24
103 14 79 24
103 14 81 24
103 17 3 24
103 17 27 24
103 17 42 24
103 17 69 24
103 17 70 24
103 17 77 24
103 17 78 24
103 17 99 24
103 18 3 25
103 18 23 18
103 18 24 25
103 18 25 18
103 18 27 25
103 18 32 18
103 18 35 25
103 18 37 25
103 18 43 25
103 18 48 25
103 18 52 18
103 18 58 18
103 18 60 18
103 18 80 25
103 18 82 18
103 18 83 18
103 18 85 25
103 18 97 18
103 18 101 25
103 19 12 25
103 19 17 27
103 19 19 27
103 19 20 25
103 19 21 25
103 19 22 25
103 19 26 18
103 19 27 25
103 19 28 27
103 19 30 27
103 19 37 25
103 19 41 18
103 19 47 25
103 19 50 27
103 19 56 27
103 19 58 27
103 19 66 27
103 19 72 27
103 19 80 25
103 19 87 25
103 19 90 25
103 19 100 18
103 21 11 24
103 21 17 24
103 21 22 24
103 21 25 24
103 21 33 24
103 21 75 24
103 21 89 24
103 21 97 24
103 22 3 24
103 22 11 24
103 22 16 24
103 22 58 24
103 22 69 24
103 22 72 24
103 22 75 24
103 22 93 24
103 23 18 24
103 23 20 32
103 23 35 32
103 23 45 32
103 23 50 24
103 23 53 32
103 23 63 24
103 23 67 32
103 23 68 24
103 23 87 32
103 23 90 32
103 23 95 32
103 24 37 24
103 24 39 24
103 24 77 24
103 24 99 24
103 25 13 27
103 25 26 18
103 25 33 27
103 25 34 27
103 25 35 25
103 25 36 27
103 25 39 25
103 25 41 27
103 25 42 25
103 25 45 25
103 25 51 25
103 25 52 18
103 25 59 27
103 25 61 27
103 25 66 18
103 25 71 25
103 25 81 27
103 25 84 25
103 25 85 25
103 25 94 25
103 25 96 25
103 25 97 27
103 26 6 32
103 26 7 24
103 26 18 24
103 26 48 32
103 26 59 24
103 26 63 24
103 26 65 32
103 26 71 32
103 26 74 32
103 26 84 32
103 26 86 32
103 26 88 32
103 28 15 24
103 28 22 24
103 28 40 24
103 28 49 24
103 28 55 24
103 28 82 24
103 28 85 24
103 28 89 24
103 29 2 24
103 29 18 24
103 29 28 24
103 29 52 24
103 29 63 24
103 29 64 24
103 29 66 24
103 29 92 24
103 33 14 24
103 33 34 24
103 33 49 24
103 33 64 24
103 33 66 24
103 33 81 24
103 33 82 24
103 33 100 24
103 37 2 24
103 37 18 24
103 37 29 24
103 37 32 24
103 37 46 24
103 37 52 24
103 37 56 24
103 37 63 24
103 38 6 27
103 38 11 18
103 38 13 25
103 38 17 25
103 38 18 25
103 38 20 27
103 38 21 27
103 38 37 18
103 38 44 27
103 38 45 27
103 38 48 18
103 38 49 25
103 38 52 25
103 38 57 27
103 38 58 25
103 38 59 25
103 38 65 27
103 38 71 27
103 38 81 25
103 38 92 25
103 38 93 25
103 38 101 27
103 39 3 32
103 39 28 24
103 39 29 24
103 39 32 24
103 39 40 32
103 39 44 32
103 39 69 32
103 39 71 32
103 39 74 32
103 39 85 32
103 39 92 24
103 39 96 32
103 40 12 18
103 40 13 25
103 40 14 25
103 40 15 25
103 40 23 25
103 40 25 25
103 40 27 18
103 40 30 25
103 40 36 25
103 40 38 25
103 40 41 25
103 40 54 18
103 40 63 25
103 40 65 18
103 40 70 18
103 40 88 18
103 40 89 18
103 40 96 18
103 40 99 18
103 42 8 24
103 42 13 24
103 42 28 24
103 42 36 24
103 42 46 24
103 42 56 24
103 42 83 24
103 42 92 24
103 43 3 27
103 43 8 25
103 43 16 25
103 43 20 18
103 43 28 25
103 43 29 25
103 43 31 27
103 43 47 27
103 43 52 25
103 43 60 25
103 43 65 27
103 43 68 25
103 43 70 27
103 43 72 25
103 43 73 27
103 43 74 18
103 43 80 27
103 43 83 25
103 43 85 27
103 43 89 27
103 43 95 18
103 43 98 25
103 44 8 32
103 44 13 32
103 44 18 32
103 44 34 32
103 44 47 24
103 44 57 24
103 44 63 32
103 44 64 32
103 44 66 32
103 44 70 24
103 44 78 24
103 44 100 32
103 45 4 24
103 45 10 24
103 45 19 24
103 45 24 24
103 45 26 24
103 45 31 24
103 45 38 24
103 45 73 24
103 47 5 24
103 47 14 32
103 47 30 32
103 47 37 24
103 47 39 24
103 47 49 32
103 47 62 24
103 47 64 32
103 47 66 32
103 47 79 32
103 47 81 32
103 47 82 32
103 48 3 24
103 48 19 24
103 48 38 24
103 48 50 24
103 48 51 24
103 48 68 24
103 48 69 24
103 48 101 24
103 50 20 24
103 50 67 24
103 50 90 24
103 50 95 24
103 51 3 25
103 51 7 27
103 51 8 18
103 51 23 18
103 51 26 27
103 51 28 18
103 51 29 27
103 51 34 27
103 51 39 25
103 51 40 25
103 51 44 25
103 51 45 25
103 51 46 27
103 51 48 25
103 51 52 27
103 51 55 27
103 51 63 27
103 51 68 27
103 51 73 25
103 51 78 25
103 51 86 25
103 51 99 25
103 52 4 25
103 52 17 25
103 52 25 25
103 52 30 25
103 52 35 27
103 52 40 27
103 52 48 27
103 52 51 27
103 52 55 25
103 52 57 27
103 52 58 25
103 52 59 25
103 52 63 25
103 52 64 25
103 52 69 27
103 52 74 27
103 52 75 18
103 52 77 27
103 52 80 18
103 52 95 18
103 52 96 27
103 52 100 25
103 53 8 24
103 53 13 24
103 53 36 24
103 53 83 24
103 55 2 24
103 55 34 24
103 55 35 24
103 55 52 24
103 55 53 24
103 55 65 24
103 55 84 24
103 55 100 24
103 56 21 32
103 56 22 32
103 56 24 32
103 56 37 32
103 56 39 32
103 56 41 24
103 56 54 32
103 56 64 24
103 56 66 24
103 56 73 32
103 56 89 32
103 56 98 24
103 58 30 24
103 58 65 24
103 58 72 24
103 58 77 24
103 58 79 24
103 58 84 24
103 58 93 24
103 58 99 24
103 59 3 32
103 59 25 24
103 59 33 24
103 59 37 32
103 59 39 32
103 59 40 32
103 59 46 24
103 59 56 24
103 59 69 32
103 59 85 32
103 59 90 32
103 59 95 32
103 60 5 25
103 60 8 18
103 60 14 27
103 60 18 27
103 60 20 25
103 60 23 27
103 60 29 18
103 60 30 27
103 60 31 25
103 60 33 27
103 60 35 25
103 60 38 27
103 60 43 25
103 60 51 25
103 60 56 27
103 60 72 27
103 60 74 25
103 60 75 25
103 60 83 18
103 60 87 25
103 60 95 25
103 60 100 27
103 61 11 24
103 61 20 24
103 61 47 24
103 61 57 24
103 61 67 24
103 61 75 24
103 61 90 24
103 61 95 24
103 63 4 18
103 63 7 18
103 63 14 18
103 63 15 18
103 63 33 18
103 63 38 18
103 63 40 25
103 63 49 18
103 63 62 25
103 63 65 25
103 63 67 25
103 63 73 25
103 63 76 18
103 63 78 25
103 63 80 25
103 63 88 25
103 63 89 25
103 63 90 25
103 63 91 18
103 64 7 32
103 64 11 24
103 64 18 32
103 64 29 32
103 64 32 32
103 64 34 32
103 64 59 32
103 64 63 32
103 64 71 24
103 64 74 24
103 64 75 24
103 64 100 32
103 65 2 27
103 65 10 25
103 65 11 25
103 65 22 25
103 65 32 27
103 65 38 27
103 65 44 25
103 65 45 25
103 65 46 27
103 65 51 25
103 65 54 25
103 65 55 18
103 65 58 27
103 65 59 27
103 65 66 18
103 65 82 27
103 65 83 27
103 65 85 25
103 65 86 25
103 65 90 25
103 65 92 18
103 65 97 27
103 66 40 24
103 66 47 24
103 66 51 24
103 66 57 24
103 66 71 24
103 66 74 24
103 66 85 24
103 66 101 24
103 70 3 24
103 70 21 24
103 70 22 24
103 70 37 24
103 70 39 24
103 70 54 24
103 70 69 24
103 70 89 24
103 74 11 24
103 74 37 24
103 74 39 24
103 74 40 24
103 74 51 24
103 74 75 24
103 74 85 24
103 74 101 24
103 75 14 24
103 75 18 24
103 75 21 24
103 75 48 24
103 75 54 24
103 75 63 24
103 75 81 24
103 75 88 24
103 77 15 32
103 77 17 32
103 77 19 32
103 77 29 32
103 77 32 32
103 77 38 32
103 77 40 24
103 77 44 24
103 77 55 32
103 77 85 24
103 77 96 24
103 77 97 32
103 78 6 27
103 78 7 25
103 78 9 25
103 78 18 25
103 78 19 25
103 78 22 27
103 78 32 25
103 78 37 18
103 78 42 27
103 78 44 27
103 78 51 18
103 78 52 25
103 78 58 25
103 78 61 25
103 78 62 27
103 78 64 25
103 78 67 27
103 78 68 25
103 78 69 27
103 78 70 27
103 78 77 18
103 78 90 27
103 79 4 24
103 79 26 24
103 79 64 24
103 79 66 24
103 80 8 32
103 80 13 32
103 80 16 32
103 80 35 24
103 80 36 32
103 80 40 24
103 80 50 32
103 80 53 24
103 80 58 32
103 80 68 32
103 80 83 32
103 80 85 24
103 81 10 24
103 81 28 24
103 81 31 24
103 81 34 24
103 81 45 24
103 81 87 24
103 81 92 24
103 81 100 24
103 82 6 24
103 82 14 24
103 82 28 24
103 82 70 24
103 82 78 24
103 82 81 24
103 82 86 24
103 82 92 24
103 84 3 18
103 84 13 25
103 84 16 25
103 84 23 25
103 84 31 27
103 84 37 27
103 84 45 27
103 84 47 27
103 84 53 27
103 84 56 25
103 84 62 18
103 84 66 25
103 84 73 27
103 84 75 27
103 84 76 25
103 84 77 18
103 84 81 25
103 84 82 25
103 84 83 25
103 84 84 27
103 84 86 27
103 84 91 25
103 85 2 25
103 85 6 18
103 85 18 25
103 85 20 18
103 85 21 18
103 85 23 25
103 85 43 18
103 85 45 18
103 85 51 18
103 85 55 25
103 85 60 25
103 85 66 25
103 85 68 25
103 85 71 18
103 85 76 25
103 85 78 18
103 85 79 25
103 85 80 18
103 85 100 25
103 86 4 24
103 86 25 24
103 86 26 24
103 86 33 24
103 86 34 24
103 86 61 24
103 86 76 24
103 86 100 24
103 89 22 24
103 89 24 24
103 89 73 24
103 89 89 24
103 90 27 24
103 90 42 24
103 90 51 24
103 90 101 24
103 91 7 32
103 91 16 32
103 91 20 24
103 91 24 24
103 91 28 32
103 91 50 32
103 91 58 32
103 91 59 32
103 91 67 24
103 91 68 32
103 91 73 24
103 91 92 32
103 92 2 24
103 92 8 24
103 92 13 24
103 92 37 24
103 92 39 24
103 92 48 24
103 92 52 24
103 92 88 24
103 94 9 27
103 94 20 25
103 94 29 27
103 94 33 18
103 94 36 27
103 94 39 25
103 94 47 25
103 94 49 27
103 94 51 25
103 94 56 27
103 94 61 18
103 94 63 27
103 94 66 27
103 94 79 27
103 94 80 25
103 94 84 25
103 94 87 25
103 94 88 25
103 94 89 25
103 94 92 18
103 94 95 25
103 94 97 27
103 95 11 24
103 95 35 24
103 95 47 24
103 95 53 24
103 95 57 24
103 95 75 24
103 95 77 24
103 95 99 24
103 100 3 25
103 100 6 25
103 100 7 18
103 100 13 18
103 100 22 25
103 100 24 25
103 100 28 18
103 100 32 18
103 100 33 18
103 100 39 25
103 100 47 25
103 100 53 25
103 100 65 25
103 100 74 25
103 100 77 25
103 100 81 18
103 100 83 18
103 100 93 18
103 100 100 18
107 0 3 27
107 0 6 27
107 0 19 18
107 0 21 27
107 0 23 18
107 0 24 27
107 0 28 27
107 0 32 18
107 0 34 27
107 0 37 27
107 0 44 27
107 0 52 27
107 0 55 27
107 0 63 27
107 0 70 27
107 0 73 27
107 0 75 18
107 0 79 27
107 0 83 27
107 0 84 18
107 0 86 27
107 0 88 18
107 0 101 27
107 0 104 27
107 1 4 24
107 1 5 32
107 1 11 24
107 1 24 32
107 1 27 24
107 1 39 24
107 1 43 32
107 1 53 24
107 1 56 24
107 1 58 32
107 1 74 32
107 1 86 24
107 1 94 32
107 1 95 32
107 1 98 32
107 1 105 24
107 3 4 27
107 3 8 27
107 3 11 27
107 3 15 27
107 3 20 18
107 3 22 27
107 3 23 18
107 3 33 27
107 3 35 18
107 3 36 27
107 3 38 18
107 3 43 18
107 3 54 27
107 3 61 27
107 3 64 27
107 3 65 27
107 3 66 27
107 3 69 18
107 3 71 27
107 3 81 27
107 3 82 27
107 3 84 27
107 3 90 27
107 3 101 27
107 6 4 18
107 6 11 18
107 6 13 27
107 6 15 27
107 6 21 18
107 6 25 27
107 6 29 27
107 6 32 27
107 6 43 27
107 6 45 27
107 6 46 18
107 6 62 27
107 6 71 27
107 6 72 27
107 6 76 27
107 6 80 27
107 6 82 27
107 6 86 27
107 6 89 27
107 6 90 27
107 6 92 18
107 6 94 18
107 6 96 27
107 6 105 27
107 8 2 32
107 8 8 32
107 8 24 32
107 8 35 24
107 8 37 24
107 8 45 32
107 8 52 24
107 8 54 32
107 8 56 24
107 8 58 32
107 8 61 24
107 8 67 32
107 8 81 24
107 8 86 24
107 8 88 32
107 8 100 24
107 12 8 24
107 12 41 24
107 12 47 24
107 12 56 24
107 12 67 24
107 12 68 24
107 12 86 24
107 12 96 24
107 13 4 25
107 13 12 25
107 13 36 25
107 13 44 25
107 13 48 25
107 13 79 25
107 13 85 25
107 13 86 25
107 13 87 25
107 13 105 25
107 14 17 24
107 14 22 24
107 14 24 24
107 14 58 24
107 14 63 24
107 14 73 24
107 14 84 24
107 14 93 24
107 16 10 25
107 16 12 25
107 16 13 25
107 16 23 25
107 16 27 25
107 16 79 25
107 16 81 25
107 16 87 25
107 16 99 25
107 16 102 25
107 18 4 27
107 18 5 27
107 18 8 27
107 18 9 27
107 18 13 27
107 18 16 27
107 18 20 27
107 18 26 27
107 18 34 18
107 18 35 27
107 18 36 27
107 18 37 27
107 18 46 27
107 18 54 18
107 18 56 18
107 18 62 18
107 18 63 27
107 18 69 27
107 18 72 27
107 18 73 27
107 18 77 18
107 18 84 18
107 18 95 27
107 18 105 27
107 19 4 32
107 19 6 32
107 19 7 32
107 19 8 32
107 19 18 32
107 19 27 32
107 19 28 32
107 19 29 32
107 19 46 32
107 19 48 32
107 19 56 32
107 19 61 32
107 19 65 32
107 19 67 32
107 19 86 32
107 19 100 32
107 21 22 24
107 21 35 24
107 21 44 24
107 21 45 24
107 21 52 24
107 21 73 24
107 21 88 24
107 21 90 24
107 22 16 24
107 22 28 24
107 22 65 24
107 22 69 24
107 22 76 24
107 22 80 24
107 22 87 24
107 22 103 24
107 25 7 24
107 25 21 24
107 25 46 24
107 25 51 24
107 25 55 24
107 25 72 24
107 25 77 24
107 25 82 24
107 26 10 24
107 26 11 24
107 26 37 24
107 26 39 24
107 26 56 24
107 26 75 24
107 26 81 24
107 26 86 24
107 28 5 32
107 28 7 32
107 28 9 24
107 28 10 24
107 28 12 24
107 28 13 24
107 28 28 32
107 28 33 24
107 28 43 32
107 28 46 32
107 28 64 24
107 28 65 32
107 28 74 32
107 28 75 24
107 28 94 32
107 28 102 24
107 29 11 25
107 29 19 25
107 29 33 25
107 29 37 25
107 29 41 25
107 29 52 25
107 29 56 25
107 29 87 25
107 29 90 25
107 29 100 25
107 30 6 24
107 30 11 24
107 30 14 24
107 30 18 24
107 30 23 24
107 30 39 24
107 30 80 24
107 30 103 24
107 31 6 24
107 31 15 24
107 31 18 24
107 31 21 24
107 31 26 24
107 31 50 24
107 31 51 24
107 31 70 24
107 32 9 24
107 32 12 24
107 32 41 24
107 32 47 24
107 32 59 24
107 32 71 24
107 32 78 24
107 32 104 24
107 33 2 24
107 33 3 32
107 33 15 24
107 33 25 32
107 33 30 32
107 33 36 32
107 33 40 32
107 33 50 24
107 33 53 32
107 33 54 24
107 33 71 24
107 33 80 24
107 33 99 32
107 33 103 24
107 33 104 24
107 33 105 32
107 34 3 24
107 34 7 32
107 34 19 24
107 34 24 32
107 34 25 24
107 34 30 24
107 34 36 24
107 34 46 32
107 34 56 24
107 34 58 32
107 34 59 32
107 34 62 24
107 34 71 32
107 34 78 32
107 34 86 24
107 34 104 32
107 36 9 25
107 36 10 25
107 36 39 25
107 36 49 25
107 36 52 25
107 36 53 25
107 36 62 25
107 36 81 25
107 36 85 25
107 36 100 25
107 37 8 24
107 37 26 24
107 37 31 24
107 37 32 24
107 37 38 24
107 37 67 24
107 37 70 24
107 37 97 24
107 39 13 24
107 39 16 24
107 39 21 24
107 39 28 24
107 39 33 24
107 39 51 24
107 39 65 24
107 39 87 24
107 40 3 24
107 40 6 32
107 40 9 24
107 40 12 24
107 40 15 32
107 40 18 32
107 40 36 24
107 40 42 24
107 40 50 32
107 40 57 24
107 40 71 32
107 40 79 24
107 40 80 32
107 40 92 24
107 40 103 32
107 40 104 32
107 41 10 25
107 41 12 25
107 41 16 25
107 41 29 25
107 41 33 25
107 41 53 25
107 41 57 25
107 41 69 25
107 41 86 25
107 41 102 25
107 42 2 32
107 42 6 32
107 42 7 32
107 42 18 32
107 42 24 32
107 42 26 32
107 42 28 32
107 42 46 32
107 42 54 32
107 42 58 32
107 42 65 32
107 42 70 32
107 42 74 32
107 42 84 32
107 42 93 32
107 42 94 32
107 44 6 27
107 44 14 27
107 44 17 27
107 44 27 27
107 44 30 27
107 44 31 27
107 44 32 27
107 44 34 27
107 44 36 27
107 44 46 27
107 44 47 27
107 44 48 18
107 44 49 18
107 44 50 27
107 44 56 27
107 44 59 18
107 44 60 27
107 44 73 18
107 44 77 27
107 44 87 18
107 44 92 27
107 44 93 18
107 44 99 27
107 44 104 27
107 45 9 24
107 45 12 24
107 45 16 24
107 45 20 32
107 45 26 32
107 45 53 24
107 45 57 24
107 45 60 32
107 45 66 32
107 45 70 32
107 45 80 32
107 45 87 24
107 45 91 32
107 45 92 24
107 45 103 32
107 45 105 24
107 46 16 24
107 46 26 24
107 46 29 24
107 46 48 24
107 46 70 24
107 46 87 24
107 46 95 24
107 46 98 24
107 47 5 32
107 47 17 32
107 47 43 32
107 47 45 32
107 47 63 32
107 47 71 32
107 47 88 32
107 47 104 32
107 49 8 25
107 49 15 25
107 49 17 25
107 49 18 25
107 49 43 25
107 49 66 25
107 49 68 25
107 49 97 25
107 49 98 25
107 49 103 25
107 51 17 24
107 51 32 24
107 51 45 24
107 51 63 24
107 51 77 24
107 51 82 24
107 51 88 24
107 51 97 24
107 52 41 24
107 52 44 24
107 52 47 24
107 52 56 24
107 52 64 24
107 52 86 24
107 52 90 24
107 52 102 24
107 55 5 24
107 55 17 24
107 55 21 24
107 55 43 24
107 55 51 24
107 55 60 24
107 55 63 24
107 55 66 24
107 56 10 24
107 56 19 24
107 56 25 24
107 56 30 24
107 56 44 24
107 56 62 24
107 56 75 24
107 56 90 24
107 58 4 25
107 58 9 25
107 58 10 25
107 58 39 25
107 58 41 25
107 58 64 25
107 58 89 25
107 58 90 25
107 58 92 25
107 58 99 25
107 60 3 32
107 60 19 32
107 60 36 32
107 60 44 32
107 60 62 32
107 60 64 32
107 60 90 32
107 60 102 32
107 61 9 24
107 61 12 24
107 61 20 24
107 61 37 24
107 61 59 24
107 61 78 24
107 61 81 24
107 61 91 24
107 62 2 24
107 62 4 32
107 62 15 24
107 62 16 32
107 62 20 24
107 62 27 32
107 62 37 32
107 62 41 32
107 62 47 32
107 62 50 24
107 62 54 24
107 62 81 32
107 62 87 32
107 62 91 24
107 62 95 24
107 62 98 24
107 63 3 27
107 63 8 27
107 63 14 18
107 63 15 27
107 63 20 18
107 63 30 27
107 63 34 18
107 63 47 27
107 63 48 18
107 63 51 27
107 63 57 27
107 63 58 18
107 63 59 18
107 63 60 27
107 63 61 27
107 63 71 27
107 63 73 27
107 63 75 27
107 63 76 27
107 63 77 27
107 63 80 27
107 63 90 27
107 63 93 27
107 63 101 27
107 65 13 32
107 65 14 32
107 65 23 32
107 65 33 32
107 65 37 32
107 65 42 32
107 65 49 32
107 65 53 32
107 65 61 32
107 65 79 32
107 65 81 32
107 65 83 32
107 65 89 32
107 65 100 32
107 65 101 32
107 65 105 32
107 66 5 25
107 66 21 25
107 66 38 25
107 66 50 25
107 66 54 25
107 66 74 25
107 66 78 25
107 66 91 25
107 66 95 25
107 66 97 25
107 67 3 32
107 67 4 32
107 67 15 24
107 67 27 32
107 67 28 24
107 67 36 32
107 67 50 24
107 67 57 32
107 67 65 24
107 67 71 24
107 67 89 32
107 67 92 32
107 67 95 24
107 67 98 24
107 67 101 32
107 67 104 24
107 68 20 24
107 68 42 24
107 68 56 24
107 68 74 24
107 68 79 24
107 68 86 24
107 68 91 24
107 68 94 24
107 70 10 24
107 70 37 24
107 70 40 24
107 70 69 24
107 70 75 24
107 70 76 24
107 70 81 24
107 70 99 24
107 71 7 25
107 71 22 25
107 71 26 25
107 71 45 25
107 71 54 25
107 71 55 25
107 71 58 25
107 71 68 25
107 71 97 25
107 71 98 25
107 73 3 32
107 73 21 24
107 73 29 32
107 73 36 32
107 73 45 24
107 73 48 32
107 73 49 32
107 73 51 24
107 73 61 32
107 73 71 24
107 73 77 24
107 73 82 24
107 73 83 32
107 73 88 24
107 73 100 32
107 73 104 24
107 74 2 32
107 74 3 24
107 74 4 24
107 74 8 32
107 74 27 24
107 74 36 24
107 74 53 24
107 74 54 32
107 74 57 24
107 74 67 32
107 74 71 32
107 74 77 32
107 74 82 32
107 74 92 24
107 74 104 32
107 74 105 24
107 75 3 24
107 75 29 24
107 75 36 24
107 75 48 24
107 75 60 24
107 75 66 24
107 75 95 24
107 75 98 24
107 76 37 24
107 76 56 24
107 76 57 24
107 76 81 24
107 76 86 24
107 76 89 24
107 76 92 24
107 76 101 24
107 77 4 24
107 77 27 24
107 77 68 24
107 77 84 24
107 77 89 24
107 77 93 24
107 77 96 24
107 77 101 24
107 78 7 25
107 78 17 25
107 78 20 25
107 78 51 25
107 78 55 25
107 78 66 25
107 78 70 25
107 78 74 25
107 78 88 25
107 78 96 25
107 79 5 24
107 79 13 32
107 79 32 24
107 79 33 32
107 79 42 32
107 79 43 24
107 79 61 32
107 79 64 32
107 79 74 24
107 79 79 32
107 79 94 24
107 79 95 24
107 79 97 24
107 79 98 24
107 79 100 32
107 79 102 32
107 81 21 24
107 81 26 24
107 81 32 24
107 81 51 24
107 81 68 24
107 81 70 24
107 81 96 24
107 81 97 24
107 82 25 24
107 82 30 24
107 82 35 24
107 82 52 24
107 82 56 24
107 82 61 24
107 82 86 24
107 82 100 24
107 85 4 24
107 85 20 24
107 85 27 24
107 85 31 24
107 85 38 24
107 85 42 24
107 85 79 24
107 85 91 24
107 86 17 24
107 86 19 24
107 86 34 24
107 86 55 24
107 86 62 24
107 86 63 24
107 86 72 24
107 86 85 24
107 88 7 32
107 88 21 32
107 88 40 32
107 88 42 32
107 88 46 32
107 88 51 32
107 88 59 32
107 88 61 32
107 88 78 32
107 88 79 32
107 88 80 32
107 88 89 32
107 88 99 32
107 88 100 32
107 88 101 32
107 88 103 32
107 89 2 27
107 89 12 27
107 89 23 18
107 89 30 18
107 89 34 27
107 89 35 27
107 89 38 27
107 89 44 27
107 89 45 18
107 89 51 18
107 89 53 18
107 89 61 27
107 89 70 27
107 89 71 27
107 89 72 27
107 89 73 18
107 89 81 27
107 89 87 27
107 89 91 27
107 89 94 27
107 89 98 27
107 89 99 27
107 89 102 27
107 89 103 27
107 91 5 25
107 91 8 25
107 91 20 25
107 91 26 25
107 91 28 25
107 91 80 25
107 91 84 25
107 91 94 25
107 91 95 25
107 91 97 25
107 93 14 24
107 93 23 24
107 93 34 24
107 93 44 24
107 93 49 24
107 93 83 24
107 93 85 24
107 93 90 24
107 94 2 25
107 94 20 25
107 94 21 25
107 94 22 25
107 94 28 25
107 94 59 25
107 94 63 25
107 94 71 25
107 94 95 25
107 94 103 25
107 95 11 24
107 95 21 24
107 95 39 24
107 95 40 24
107 95 51 24
107 95 60 24
107 95 66 24
107 95 99 24
107 99 7 24
107 99 19 32
107 99 21 24
107 99 26 24
107 99 40 32
107 99 46 24
107 99 49 32
107 99 51 24
107 99 53 32
107 99 55 24
107 99 62 32
107 99 70 24
107 99 72 24
107 99 83 32
107 99 99 32
107 99 105 32
107 101 2 27
107 101 11 27
107 101 13 18
107 101 15 18
107 101 17 27
107 101 18 27
107 101 21 27
107 101 25 27
107 101 27 27
107 101 31 27
107 101 35 27
107 101 36 27
107 101 45 27
107 101 61 18
107 101 62 27
107 101 64 27
107 101 75 27
107 101 78 27
107 101 82 27
107 101 86 18
107 101 92 27
107 101 94 27
107 101 96 18
107 101 103 18
107 104 6 27
107 104 17 27
107 104 23 27
107 104 25 27
107 104 26 27
107 104 36 27
107 104 38 18
107 104 41 27
107 104 42 27
107 104 43 27
107 104 46 27
107 104 53 27
107 104 64 18
107 104 69 18
107 104 71 27
107 104 72 18
107 104 74 27
107 104 84 18
107 104 85 27
107 104 87 18
107 104 92 27
107 104 96 27
107 104 99 27
107 104 103 27
107 106 2 24
107 106 9 32
107 106 12 32
107 106 13 32
107 106 21 24
107 106 33 32
107 106 49 32
107 106 51 24
107 106 54 24
107 106 64 32
107 106 68 24
107 106 80 24
107 106 83 32
107 106 96 24
107 106 102 32
107 106 103 24
109 1 6 27
109 1 8 27
109 1 14 18
109 1 28 18
109 1 34 18
109 1 43 18
109 1 53 27
109 1 55 27
109 1 67 18
109 1 71 18
109 1 74 18
109 1 77 27
109 1 79 18
109 1 86 27
109 1 93 18
109 1 95 27
109 1 103 27
109 1 107 27
109 3 18 24
109 3 30 24
109 3 33 24
109 3 40 24
109 3 44 24
109 3 47 24
109 3 51 24
109 3 57 24
109 3 58 24
109 3 59 24
109 3 62 24
109 3 68 24
109 3 76 24
109 3 85 24
109 3 101 24
109 3 103 24
109 4 29 24
109 4 32 24
109 4 36 24
109 4 49 24
109 4 51 24
109 4 54 24
109 4 61 24
109 4 62 24
109 4 67 24
109 4 84 24
109 4 89 24
109 4 92 24
109 4 94 24
109 4 96 24
109 4 106 24
109 4 107 24
109 5 6 24
109 5 10 24
109 5 11 24
109 5 13 24
109 5 32 24
109 5 33 24
109 5 42 24
109 5 44 24
109 5 57 24
109 5 70 24
109 5 76 24
109 5 91 24
109 5 92 24
109 5 95 24
109 5 98 24
109 5 99 24
109 7 2 32
109 7 4 32
109 7 5 32
109 7 6 32
109 7 9 32
109 7 15 32
109 7 19 32
109 7 20 32
109 7 22 32
109 7 23 32
109 7 24 32
109 7 32 32
109 7 33 32
109 7 34 32
109 7 37 32
109 7 44 32
109 7 50 32
109 7 55 32
109 7 56 32
109 7 57 32
109 7 60 32
109 7 61 32
109 7 76 32
109 7 80 32
109 7 82 32
109 7 84 32
109 7 87 32
109 7 91 32
109 7 92 32
109 7 93 32
109 7 97 32
109 7 104 32
109 8 12 24
109 8 19 24
109 8 21 24
109 8 23 24
109 8 26 24
109 8 31 24
109 8 32 24
109 8 37 24
109 8 56 24
109 8 69 24
109 8 79 24
109 8 83 24
109 8 88 24
109 8 92 24
109 8 100 24
109 8 102 24
109 9 8 18
109 9 19 18
109 9 40 18
109 9 51 18
109 9 77 18
109 9 85 18
109 9 86 18
109 9 95 18
109 9 101 18
109 10 9 24
109 10 14 32
109 10 32 32
109 10 39 32
109 10 59 32
109 10 61 24
109 10 70 32
109 10 84 24
109 10 85 32
109 10 92 32
109 10 95 32
109 10 97 24
109 11 4 32
109 11 27 32
109 11 29 32
109 11 82 32
109 11 83 32
109 11 88 32
109 11 94 32
109 11 105 32
109 12 7 27
109 12 9 27
109 12 27 27
109 12 28 27
109 12 31 27
109 12 32 18
109 12 36 18
109 12 66 27
109 12 67 18
109 12 73 18
109 12 84 27
109 12 88 27
109 12 92 18
109 12 94 27
109 12 96 18
109 12 98 18
109 12 99 18
109 12 104 18
109 13 2 25
109 13 8 25
109 13 17 25
109 13 19 25
109 13 33 25
109 13 37 24
109 13 54 25
109 13 56 24
109 13 59 24
109 13 67 25
109 13 69 25
109 13 85 24
109 13 95 25
109 13 99 25
109 14 5 18
109 14 13 27
109 14 22 18
109 14 23 27
109 14 27 18
109 14 39 27
109 14 56 27
109 14 58 18
109 14 62 27
109 14 67 27
109 14 69 27
109 14 72 27
109 14 76 18
109 14 83 18
109 14 88 18
109 14 91 27
109 14 95 18
109 14 105 18
109 15 16 25
109 15 29 25
109 15 43 25
109 15 46 25
109 15 48 25
109 15 78 25
109 15 80 25
109 15 81 25
109 15 97 25
109 15 104 25
109 16 7 32
109 16 8 32
109 16 10 32
109 16 11 32
109 16 20 32
109 16 27 32
109 16 29 32
109 16 30 32
109 16 31 32
109 16 35 32
109 16 40 32
109 16 41 32
109 16 44 32
109 16 52 32
109 16 53 32
109 16 57 32
109 16 59 32
109 16 60 32
109 16 61 32
109 16 65 32
109 16 68 32
109 16 72 32
109 16 78 32
109 16 81 32
109 16 84 32
109 16 85 32
109 16 87 32
109 16 94 32
109 16 101 32
109 16 102 32
109 16 104 32
109 16 105 32
109 17 13 27
109 17 23 27
109 17 24 27
109 17 32 27
109 17 33 27
109 17 39 18
109 17 53 27
109 17 58 18
109 17 69 27
109 17 77 18
109 17 101 27
109 17 107 27
109 18 3 24
109 18 9 24
109 18 15 24
109 18 73 24
109 18 80 24
109 18 83 24
109 18 88 24
109 18 97 24
109 19 2 25
109 19 6 24
109 19 10 25
109 19 39 25
109 19 41 25
109 19 47 24
109 19 57 25
109 19 58 24
109 19 62 25
109 19 68 25
109 19 79 25
109 19 85 25
109 19 91 24
109 19 98 25
109 20 2 25
109 20 6 25
109 20 11 25
109 20 13 24
109 20 18 25
109 20 23 25
109 20 30 25
109 20 42 24
109 20 53 24
109 20 54 25
109 20 59 25
109 20 72 24
109 20 79 25
109 20 95 25
109 22 18 24
109 22 24 25
109 22 32 25
109 22 37 25
109 22 40 25
109 22 42 25
109 22 44 25
109 22 55 25
109 22 59 25
109 22 65 25
109 22 69 24
109 22 79 24
109 22 96 25
109 22 103 24
109 23 2 24
109 23 15 24
109 23 27 24
109 23 37 24
109 23 43 24
109 23 45 24
109 23 51 24
109 23 54 24
109 23 55 24
109 23 56 24
109 23 62 24
109 23 63 24
109 23 71 24
109 23 80 24
109 23 105 24
109 23 107 24
109 24 2 32
109 24 6 32
109 24 8 32
109 24 10 32
109 24 11 32
109 24 17 32
109 24 18 32
109 24 19 32
109 24 23 32
109 24 30 32
109 24 40 32
109 24 41 32
109 24 44 32
109 24 47 32
109 24 51 32
109 24 55 32
109 24 57 32
109 24 58 32
109 24 62 32
109 24 67 32
109 24 68 32
109 24 69 32
109 24 70 32
109 24 77 32
109 24 79 32
109 24 91 32
109 24 95 32
109 24 96 32
109 24 98 32
109 24 99 32
109 24 101 32
109 24 103 32
109 26 6 27
109 26 11 27
109 26 14 18
109 26 19 27
109 26 32 27
109 26 37 18
109 26 53 18
109 26 57 27
109 26 62 27
109 26 69 27
109 26 77 27
109 26 101 27
109 27 4 32
109 27 7 32
109 27 16 32
109 27 25 32
109 27 28 32
109 27 34 32
109 27 36 32
109 27 48 32
109 27 74 32
109 27 75 32
109 27 78 32
109 27 82 32
109 27 83 32
109 27 88 32
109 27 93 32
109 27 106 32
109 28 12 32
109 28 20 32
109 28 34 32
109 28 45 32
109 28 60 32
109 28 63 32
109 28 93 32
109 28 100 32
109 29 3 24
109 29 15 24
109 29 35 24
109 29 43 24
109 29 71 24
109 29 73 24
109 29 80 24
109 29 81 24
109 30 6 25
109 30 8 25
109 30 10 25
109 30 13 25
109 30 14 24
109 30 33 25
109 30 39 24
109 30 44 24
109 30 56 25
109 30 57 24
109 30 59 25
109 30 68 25
109 30 69 25
109 30 70 25
109 31 6 25
109 31 8 24
109 31 11 25
109 31 30 25
109 31 33 24
109 31 41 24
109 31 42 25
109 31 53 25
109 31 57 25
109 31 65 25
109 31 67 25
109 31 76 24
109 31 98 25
109 31 101 25
109 32 11 27
109 32 17 27
109 32 18 27
109 32 33 27
109 32 39 18
109 32 52 18
109 32 57 27
109 32 85 27
109 32 86 18
109 32 92 27
109 32 96 27
109 32 98 27
109 33 9 18
109 33 11 27
109 33 14 27
109 33 24 18
109 33 31 18
109 33 40 27
109 33 49 18
109 33 54 27
109 33 55 27
109 33 56 27
109 33 59 27
109 33 62 27
109 33 65 27
109 33 69 18
109 33 77 18
109 33 89 18
109 33 97 18
109 33 102 18
109 34 11 27
109 34 17 27
109 34 37 27
109 34 54 27
109 34 55 27
109 34 58 27
109 34 59 18
109 34 65 27
109 34 70 18
109 34 72 18
109 34 86 27
109 34 99 27
109 35 4 25
109 35 12 25
109 35 15 25
109 35 21 25
109 35 25 25
109 35 28 25
109 35 29 25
109 35 45 25
109 35 49 25
109 35 88 25
109 36 4 18
109 36 12 18
109 36 13 18
109 36 16 18
109 36 29 18
109 36 32 18
109 36 36 18
109 36 41 18
109 36 43 18
109 36 46 18
109 36 49 18
109 36 51 18
109 36 52 18
109 36 53 18
109 36 64 18
109 36 68 18
109 36 71 18
109 36 75 18
109 36 82 18
109 36 83 18
109 36 86 18
109 36 88 18
109 36 89 18
109 36 94 18
109 36 96 18
109 36 100 18
109 36 106 18
109 37 2 32
109 37 17 32
109 37 27 24
109 37 44 32
109 37 55 32
109 37 57 32
109 37 61 24
109 37 77 32
109 37 84 24
109 37 98 32
109 37 99 32
109 37 105 24
109 39 4 27
109 39 5 27
109 39 9 27
109 39 31 27
109 39 38 18
109 39 45 27
109 39 47 18
109 39 48 18
109 39 58 18
109 39 61 27
109 39 69 18
109 39 75 27
109 39 78 27
109 39 79 18
109 39 81 18
109 39 86 18
109 39 90 18
109 39 104 27
109 40 13 18
109 40 18 27
109 40 32 27
109 40 33 27
109 40 44 18
109 40 53 18
109 40 56 27
109 40 79 27
109 40 90 27
109 40 95 27
109 40 98 27
109 40 107 27
109 41 9 24
109 41 19 32
109 41 23 32
109 41 36 24
109 41 51 32
109 41 62 32
109 41 69 32
109 41 79 32
109 41 97 24
109 41 98 32
109 41 99 32
109 41 106 24
109 44 4 24
109 44 8 32
109 44 37 32
109 44 41 32
109 44 44 32
109 44 45 24
109 44 53 32
109 44 56 32
109 44 57 32
109 44 63 24
109 44 72 32
109 44 82 24
109 45 6 25
109 45 8 24
109 45 24 25
109 45 30 25
109 45 41 24
109 45 44 25
109 45 52 25
109 45 53 24
109 45 58 25
109 45 67 25
109 45 72 24
109 45 77 25
109 45 95 25
109 45 99 25
109 47 13 24
109 47 14 24
109 47 21 24
109 47 24 24
109 47 26 24
109 47 31 24
109 47 36 24
109 47 39 24
109 47 42 24
109 47 46 24
109 47 50 24
109 47 59 24
109 47 64 24
109 47 85 24
109 47 102 24
109 47 106 24
109 48 10 25
109 48 14 25
109 48 17 25
109 48 19 25
109 48 32 24
109 48 33 24
109 48 37 25
109 48 47 25
109 48 52 25
109 48 57 25
109 48 62 25
109 48 76 24
109 48 86 25
109 48 92 24
109 49 3 18
109 49 9 18
109 49 13 18
109 49 14 18
109 49 15 18
109 49 16 18
109 49 17 18
109 49 18 18
109 49 29 18
109 49 32 18
109 49 36 18
109 49 39 18
109 49 42 18
109 49 47 18
109 49 49 18
109 49 58 18
109 49 70 18
109 49 77 18
109 49 78 18
109 49 86 18
109 49 87 18
109 49 90 18
109 49 92 18
109 49 95 18
109 49 98 18
109 49 99 18
109 49 103 18
109 50 2 18
109 50 30 27
109 50 32 27
109 50 33 27
109 50 39 27
109 50 41 27
109 50 51 27
109 50 52 27
109 50 57 18
109 50 85 27
109 50 90 18
109 50 103 27
109 51 11 18
109 51 33 18
109 51 52 18
109 51 58 18
109 51 62 18
109 51 70 18
109 51 91 18
109 51 98 18
109 51 107 18
109 52 4 18
109 52 7 27
109 52 9 27
109 52 10 18
109 52 11 18
109 52 16 18
109 52 27 27
109 52 29 27
109 52 47 18
109 52 48 27
109 52 52 18
109 52 58 18
109 52 65 18
109 52 74 18
109 52 80 27
109 52 84 27
109 52 89 27
109 52 104 27
109 53 21 25
109 53 22 25
109 53 34 25
109 53 49 25
109 53 61 25
109 53 66 25
109 53 73 25
109 53 74 25
109 53 75 25
109 53 104 25
109 54 4 25
109 54 16 25
109 54 20 25
109 54 22 25
109 54 35 25
109 54 38 25
109 54 49 25
109 54 73 25
109 54 87 25
109 54 102 25
109 55 7 25
109 55 22 25
109 55 36 25
109 55 60 25
109 55 71 25
109 55 74 25
109 55 87 25
109 55 89 25
109 55 93 25
109 55 105 25
109 56 5 25
109 56 34 25
109 56 35 25
109 56 36 25
109 56 43 25
109 56 48 25
109 56 60 25
109 56 75 25
109 56 87 25
109 56 88 25
109 57 5 27
109 57 20 27
109 57 25 27
109 57 29 27
109 57 35 18
109 57 44 18
109 57 51 18
109 57 57 18
109 57 61 27
109 57 62 18
109 57 80 27
109 57 82 27
109 57 93 18
109 57 98 18
109 57 99 18
109 57 100 27
109 57 102 27
109 57 105 18
109 58 2 18
109 58 11 18
109 58 18 18
109 58 39 18
109 58 47 18
109 58 51 18
109 58 57 18
109 58 76 18
109 58 98 18
109 59 6 27
109 59 19 18
109 59 24 27
109 59 52 18
109 59 57 27
109 59 58 27
109 59 68 27
109 59 70 27
109 59 76 27
109 59 77 27
109 59 79 27
109 59 107 18
109 60 6 18
109 60 10 18
109 60 11 18
109 60 14 18
109 60 17 18
109 60 19 18
109 60 22 18
109 60 23 18
109 60 31 18
109 60 32 18
109 60 39 18
109 60 51 18
109 60 60 18
109 60 62 18
109 60 67 18
109 60 70 18
109 60 73 18
109 60 77 18
109 60 80 18
109 60 91 18
109 60 92 18
109 60 93 18
109 60 94 18
109 60 95 18
109 60 96 18
109 60 100 18
109 60 106 18
109 61 17 24
109 61 23 25
109 61 33 24
109 61 47 25
109 61 52 25
109 61 57 25
109 61 62 25
109 61 72 25
109 61 76 24
109 61 77 24
109 61 90 25
109 61 92 25
109 61 95 25
109 61 99 25
109 62 3 24
109 62 7 24
109 62 24 24
109 62 45 24
109 62 50 24
109 62 59 24
109 62 63 24
109 62 67 24
109 62 70 24
109 62 73 24
109 62 78 24
109 62 83 24
109 62 85 24
109 62 88 24
109 62 95 24
109 62 96 24
109 64 10 25
109 64 14 25
109 64 32 25
109 64 37 24
109 64 42 25
109 64 51 25
109 64 56 24
109 64 57 25
109 64 65 25
109 64 68 24
109 64 79 25
109 64 85 25
109 64 101 24
109 64 103 25
109 65 27 24
109 65 37 32
109 65 46 24
109 65 52 32
109 65 53 32
109 65 56 32
109 65 64 24
109 65 65 32
109 65 68 32
109 65 72 32
109 65 101 32
109 65 105 24
109 68 3 24
109 68 10 32
109 68 11 32
109 68 12 24
109 68 30 32
109 68 40 32
109 68 47 32
109 68 58 32
109 68 73 24
109 68 86 32
109 68 90 32
109 68 100 24
109 69 2 27
109 69 11 27
109 69 14 27
109 69 19 27
109 69 30 27
109 69 53 27
109 69 56 18
109 69 65 18
109 69 76 27
109 69 77 27
109 69 91 27
109 69 96 18
109 70 5 27
109 70 19 18
109 70 23 18
109 70 28 18
109 70 30 18
109 70 31 27
109 70 34 27
109 70 40 18
109 70 48 27
109 70 51 18
109 70 61 18
109 70 62 18
109 70 64 27
109 70 71 18
109 70 78 27
109 70 100 27
109 70 104 27
109 70 105 27
109 72 4 24
109 72 10 32
109 72 11 32
109 72 25 24
109 72 32 32
109 72 48 24
109 72 52 32
109 72 54 32
109 72 65 32
109 72 82 24
109 72 92 32
109 72 107 32
109 73 3 18
109 73 9 18
109 73 13 18
109 73 15 18
109 73 20 18
109 73 21 18
109 73 23 18
109 73 26 18
109 73 27 18
109 73 34 18
109 73 38 18
109 73 41 18
109 73 45 18
109 73 56 18
109 73 57 18
109 73 58 18
109 73 60 18
109 73 63 18
109 73 66 18
109 73 68 18
109 73 73 18
109 73 77 18
109 73 80 18
109 73 93 18
109 73 96 18
109 73 97 18
109 73 105 18
109 74 21 25
109 74 60 25
109 74 64 25
109 74 80 25
109 74 81 25
109 74 84 25
109 74 88 25
109 74 94 25
109 74 97 25
109 74 105 25
109 75 10 27
109 75 23 27
109 75 37 18
109 75 39 18
109 75 44 27
109 75 50 18
109 75 51 27
109 75 54 27
109 75 55 27
109 75 72 27
109 75 92 27
109 75 98 27
109 76 7 18
109 76 12 18
109 76 20 18
109 76 32 18
109 76 40 18
109 76 44 27
109 76 47 27
109 76 50 27
109 76 53 27
109 76 54 27
109 76 55 27
109 76 60 18
109 76 69 27
109 76 78 18
109 76 85 18
109 76 95 27
109 76 98 27
109 76 100 18
109 77 11 27
109 77 13 27
109 77 17 27
109 77 23 18
109 77 24 27
109 77 52 27
109 77 57 18
109 77 70 18
109 77 76 27
109 77 91 27
109 77 92 27
109 77 98 27
109 78 8 25
109 78 11 25
109 78 33 24
109 78 42 25
109 78 44 25
109 78 52 25
109 78 56 25
109 78 67 25
109 78 68 24
109 78 76 24
109 78 79 25
109 78 98 25
109 78 101 24
109 78 103 25
109 79 39 25
109 79 40 25
109 79 41 25
109 79 50 25
109 79 52 24
109 79 53 25
109 79 65 24
109 79 70 24
109 79 76 25
109 79 95 24
109 79 96 25
109 79 99 25
109 79 101 25
109 79 103 25
109 80 28 24
109 80 29 24
109 80 36 24
109 80 38 24
109 80 66 24
109 80 74 24
109 80 94 24
109 80 106 24
109 81 9 32
109 81 16 32
109 81 46 32
109 81 49 32
109 81 64 32
109 81 75 32
109 81 89 32
109 81 97 32
109 82 3 32
109 82 16 32
109 82 21 32
109 82 26 32
109 82 27 32
109 82 31 32
109 82 34 32
109 82 35 32
109 82 61 32
109 82 73 32
109 82 75 32
109 82 81 32
109 82 84 32
109 82 93 32
109 82 102 32
109 82 105 32
109 83 8 27
109 83 32 27
109 83 40 27
109 83 47 27
109 83 52 27
109 83 56 18
109 83 72 18
109 83 77 27
109 83 90 27
109 83 95 18
109 83 98 27
109 83 103 27
109 85 6 32
109 85 8 32
109 85 10 32
109 85 11 32
109 85 13 32
109 85 14 32
109 85 18 32
109 85 30 32
109 85 32 32
109 85 39 32
109 85 40 32
109 85 41 32
109 85 42 32
109 85 47 32
109 85 51 32
109 85 52 32
109 85 54 32
109 85 58 32
109 85 62 32
109 85 65 32
109 85 68 32
109 85 69 32
109 85 79 32
109 85 86 32
109 85 90 32
109 85 91 32
109 85 92 32
109 85 98 32
109 85 99 32
109 85 101 32
109 85 103 32
109 85 107 32
109 86 2 24
109 86 4 24
109 86 29 24
109 86 38 24
109 86 46 24
109 86 47 24
109 86 53 24
109 86 54 24
109 86 55 24
109 86 58 24
109 86 64 24
109 86 66 24
109 86 72 24
109 86 82 24
109 86 94 24
109 86 107 24
109 87 6 24
109 87 13 25
109 87 30 24
109 87 40 24
109 87 44 25
109 87 50 25
109 87 54 25
109 87 65 25
109 87 67 25
109 87 69 25
109 87 72 25
109 87 77 25
109 87 85 25
109 87 91 24
109 89 14 25
109 89 30 25
109 89 37 24
109 89 50 25
109 89 55 25
109 89 56 24
109 89 67 24
109 89 79 25
109 89 86 25
109 89 91 25
109 89 96 24
109 89 98 25
109 89 103 25
109 89 107 25
109 90 11 25
109 90 18 24
109 90 24 25
109 90 30 25
109 90 41 25
109 90 47 25
109 90 51 24
109 90 52 25
109 90 62 24
109 90 68 25
109 90 70 25
109 90 99 25
109 90 103 24
109 90 107 25
109 91 12 24
109 91 21 24
109 91 26 24
109 91 29 24
109 91 36 24
109 91 94 24
109 91 100 24
109 91 106 24
109 92 2 27
109 92 8 27
109 92 32 18
109 92 40 27
109 92 51 18
109 92 56 27
109 92 70 18
109 92 76 27
109 92 77 27
109 92 85 27
109 92 86 27
109 92 96 27
109 93 4 32
109 93 5 32
109 93 7 32
109 93 8 32
109 93 15 32
109 93 22 32
109 93 24 32
109 93 25 32
109 93 28 32
109 93 31 32
109 93 37 32
109 93 41 32
109 93 44 32
109 93 48 32
109 93 49 32
109 93 50 32
109 93 52 32
109 93 56 32
109 93 57 32
109 93 65 32
109 93 68 32
109 93 69 32
109 93 74 32
109 93 78 32
109 93 79 32
109 93 80 32
109 93 82 32
109 93 89 32
109 93 98 32
109 93 99 32
109 93 101 32
109 93 102 32
109 94 5 25
109 94 12 25
109 94 28 25
109 94 29 25
109 94 31 25
109 94 61 25
109 94 63 25
109 94 66 25
109 94 80 25
109 94 93 25
109 95 4 18
109 95 14 18
109 95 18 27
109 95 21 18
109 95 26 18
109 95 33 18
109 95 37 27
109 95 40 27
109 95 42 27
109 95 47 27
109 95 51 18
109 95 53 27
109 95 70 27
109 95 82 18
109 95 86 27
109 95 87 18
109 95 96 27
109 95 104 18
109 96 10 25
109 96 14 25
109 96 24 24
109 96 40 25
109 96 42 25
109 96 50 24
109 96 53 24
109 96 55 25
109 96 72 24
109 96 76 25
109 96 90 25
109 96 92 25
109 96 101 25
109 96 107 25
109 97 5 18
109 97 10 18
109 97 11 18
109 97 13 18
109 97 15 27
109 97 17 18
109 97 21 27
109 97 25 27
109 97 36 18
109 97 42 18
109 97 43 27
109 97 73 18
109 97 77 18
109 97 78 27
109 97 81 27
109 97 82 27
109 97 100 27
109 97 102 27
109 98 4 32
109 98 15 32
109 98 21 32
109 98 26 32
109 98 27 32
109 98 80 32
109 98 82 32
109 98 105 32
109 99 12 24
109 99 14 32
109 99 17 32
109 99 24 32
109 99 25 24
109 99 39 32
109 99 48 24
109 99 50 32
109 99 70 32
109 99 77 32
109 99 95 32
109 99 100 24
109 100 8 18
109 100 14 18
109 100 23 18
109 100 24 18
109 100 32 18
109 100 58 18
109 100 69 18
109 100 90 18
109 100 101 18
109 101 7 24
109 101 9 24
109 101 17 24
109 101 21 24
109 101 26 24
109 101 30 24
109 101 40 24
109 101 53 24
109 101 72 24
109 101 77 24
109 101 78 24
109 101 83 24
109 101 86 24
109 101 88 24
109 101 90 24
109 101 97 24
109 102 5 32
109 102 12 32
109 102 16 32
109 102 17 32
109 102 18 32
109 102 22 32
109 102 25 32
109 102 27 32
109 102 29 32
109 102 33 32
109 102 48 32
109 102 49 32
109 102 52 32
109 102 53 32
109 102 54 32
109 102 59 32
109 102 65 32
109 102 72 32
109 102 75 32
109 102 76 32
109 102 77 32
109 102 85 32
109 102 86 32
109 102 87 32
109 102 89 32
109 102 90 32
109 102 94 32
109 102 100 32
109 102 103 32
109 102 104 32
109 102 105 32
109 102 107 32
109 104 10 24
109 104 11 24
109 104 14 24
109 104 17 24
109 104 18 24
109 104 33 24
109 104 39 24
109 104 52 24
109 104 65 24
109 104 67 24
109 104 76 24
109 104 77 24
109 104 96 24
109 104 98 24
109 104 99 24
109 104 103 24
109 105 2 24
109 105 3 24
109 105 13 24
109 105 15 24
109 105 17 24
109 105 20 24
109 105 25 24
109 105 42 24
109 105 47 24
109 105 48 24
109 105 55 24
109 105 58 24
109 105 60 24
109 105 73 24
109 105 77 24
109 105 80 24
109 106 6 24
109 106 8 24
109 106 24 24
109 106 33 24
109 106 41 24
109 106 47 24
109 106 50 24
109 106 51 24
109 106 52 24
109 106 58 24
109 106 62 24
109 106 65 24
109 106 69 24
109 106 76 24
109 106 79 24
109 106 91 24
109 108 2 27
109 108 6 27
109 108 14 27
109 108 16 18
109 108 23 27
109 108 30 18
109 108 32 27
109 108 35 18
109 108 38 18
109 108 42 18
109 108 54 27
109 108 56 27
109 108 66 18
109 108 75 18
109 108 81 18
109 108 95 18
109 108 101 27
109 108 103 27
113 0 5 25
113 0 12 25
113 0 20 25
113 0 39 25
113 0 55 25
113 0 58 25
113 0 74 25
113 0 93 25
113 0 101 25
113 0 108 25
113 1 26 24
113 1 40 32
113 1 47 32
113 1 48 32
113 1 58 32
113 1 65 32
113 1 69 24
113 1 73 32
113 1 76 32
113 1 95 24
113 1 100 24
113 1 101 32
113 3 3 32
113 3 6 32
113 3 14 24
113 3 19 32
113 3 23 32
113 3 38 32
113 3 56 24
113 3 59 32
113 3 79 32
113 3 103 32
113 3 105 24
113 3 111 24
113 5 7 32
113 5 14 32
113 5 16 32
113 5 17 25
113 5 38 25
113 5 39 25
113 5 51 32
113 5 65 25
113 5 70 25
113 5 82 32
113 5 86 25
113 5 92 25
113 5 97 32
113 5 101 25
113 5 105 32
113 5 106 32
113 5 107 25
113 5 108 25
113 6 3 25
113 6 6 32
113 6 10 32
113 6 19 32
113 6 20 25
113 6 21 32
113 6 23 32
113 6 24 32
113 6 27 32
113 6 29 25
113 6 33 32
113 6 34 32
113 6 35 32
113 6 37 32
113 6 40 32
113 6 42 32
113 6 43 32
113 6 45 25
113 6 46 32
113 6 47 32
113 6 48 32
113 6 54 25
113 6 55 32
113 6 59 32
113 6 65 32
113 6 66 25
113 6 67 32
113 6 70 32
113 6 73 32
113 6 74 32
113 6 75 25
113 6 76 25
113 6 79 25
113 6 80 32
113 6 84 32
113 6 86 32
113 6 89 32
113 6 92 32
113 6 93 32
113 6 94 25
113 6 96 32
113 6 101 32
113 7 10 24
113 7 29 27
113 7 34 24
113 7 38 27
113 7 42 27
113 7 43 27
113 7 46 24
113 7 47 27
113 7 59 27
113 7 67 27
113 7 68 27
113 7 75 18
113 7 78 18
113 7 86 24
113 7 90 27
113 7 108 18
113 8 4 27
113 8 8 27
113 8 9 27
113 8 27 18
113 8 30 18
113 8 35 18
113 8 42 18
113 8 51 27
113 8 56 27
113 8 67 18
113 8 80 18
113 8 81 27
113 8 89 18
113 8 91 27
113 8 97 27
113 8 98 18
113 8 105 18
113 8 109 27
113 9 9 32
113 9 13 32
113 9 14 32
113 9 15 32
113 9 19 25
113 9 26 32
113 9 27 25
113 9 30 32
113 9 31 32
113 9 42 25
113 9 49 32
113 9 54 25
113 9 55 25
113 9 62 32
113 9 69 32
113 9 73 25
113 9 74 25
113 9 78 25
113 9 80 25
113 9 87 32
113 9 88 32
113 9 95 32
113 9 98 32
113 9 100 32
113 9 103 25
113 9 105 32
113 11 6 24
113 11 19 24
113 11 21 24
113 11 27 24
113 11 35 24
113 11 42 24
113 11 45 24
113 11 46 24
113 11 67 24
113 11 70 24
113 11 74 24
113 11 75 24
113 11 84 24
113 11 86 24
113 11 108 24
113 11 110 24
113 14 17 32
113 14 20 32
113 14 21 32
113 14 25 24
113 14 35 32
113 14 42 32
113 14 70 32
113 14 71 32
113 14 77 24
113 14 78 32
113 14 91 24
113 14 104 24
113 15 10 18
113 15 37 27
113 15 42 18
113 15 43 27
113 15 45 27
113 15 46 27
113 15 47 24
113 15 54 27
113 15 66 27
113 15 73 27
113 15 79 18
113 15 89 27
113 15 93 24
113 15 94 27
113 15 96 24
113 15 101 24
113 18 15 24
113 18 23 32
113 18 27 32
113 18 30 24
113 18 47 32
113 18 48 32
113 18 49 24
113 18 59 32
113 18 67 32
113 18 73 32
113 18 98 24
113 18 101 32
113 20 65 25
113 20 68 25
113 20 74 25
113 20 79 25
113 20 86 25
113 20 89 25
113 20 96 25
113 20 101 25
113 20 107 25
113 20 110 25
113 21 11 27
113 21 13 18
113 21 18 18
113 21 27 18
113 21 41 27
113 21 51 27
113 21 53 27
113 21 60 18
113 21 62 27
113 21 63 27
113 21 67 18
113 21 69 27
113 21 71 18
113 21 78 18
113 21 93 18
113 21 96 18
113 21 99 27
113 21 106 27
113 23 5 27
113 23 6 27
113 23 10 18
113 23 12 27
113 23 23 24
113 23 24 27
113 23 43 27
113 23 47 18
113 23 59 24
113 23 78 27
113 23 79 27
113 23 84 27
113 23 86 18
113 23 90 27
113 23 94 24
113 23 107 24
113 25 6 18
113 25 7 27
113 25 9 27
113 25 14 18
113 25 18 18
113 25 19 18
113 25 22 27
113 25 24 18
113 25 25 27
113 25 30 27
113 25 33 18
113 25 37 18
113 25 52 18
113 25 55 18
113 25 63 27
113 25 81 27
113 25 85 27
113 25 98 27
113 26 3 25
113 26 4 32
113 26 11 32
113 26 29 25
113 26 37 25
113 26 42 25
113 26 45 25
113 26 48 25
113 26 50 32
113 26 52 32
113 26 59 25
113 26 72 32
113 26 76 25
113 26 77 32
113 26 84 25
113 26 85 32
113 26 91 32
113 26 92 25
113 27 3 18
113 27 6 24
113 27 10 18
113 27 12 24
113 27 19 24
113 27 24 27
113 27 37 27
113 27 48 27
113 27 58 27
113 27 65 27
113 27 66 24
113 27 70 27
113 27 86 27
113 27 90 27
113 27 103 27
113 27 108 18
113 28 2 32
113 28 5 25
113 28 8 32
113 28 13 32
113 28 15 32
113 28 20 25
113 28 25 32
113 28 28 32
113 28 57 32
113 28 59 25
113 28 60 32
113 28 70 25
113 28 74 25
113 28 77 32
113 28 80 25
113 28 81 32
113 28 86 25
113 28 87 32
113 28 90 25
113 28 91 32
113 28 98 32
113 28 99 32
113 28 104 32
113 28 107 25
113 28 108 25
113 28 109 32
113 29 3 18
113 29 17 27
113 29 19 27
113 29 27 27
113 29 33 27
113 29 34 27
113 29 40 27
113 29 45 24
113 29 47 24
113 29 48 27
113 29 66 27
113 29 78 18
113 29 84 27
113 29 101 24
113 29 108 24
113 29 110 18
113 31 7 27
113 31 9 27
113 31 15 27
113 31 24 18
113 31 26 18
113 31 31 27
113 31 33 18
113 31 46 18
113 31 51 27
113 31 54 18
113 31 72 27
113 31 86 18
113 31 87 27
113 31 90 18
113 31 95 27
113 31 99 18
113 31 102 18
113 31 111 27
113 32 8 32
113 32 10 25
113 32 12 25
113 32 21 25
113 32 32 32
113 32 33 25
113 32 38 25
113 32 51 32
113 32 53 32
113 32 60 32
113 32 71 25
113 32 73 25
113 32 81 32
113 32 82 32
113 32 96 25
113 32 99 32
113 32 101 25
113 32 103 25
113 33 3 18
113 33 10 24
113 33 19 27
113 33 20 27
113 33 29 27
113 33 33 27
113 33 34 24
113 33 35 27
113 33 43 27
113 33 45 27
113 33 47 27
113 33 55 27
113 33 79 24
113 33 84 18
113 33 89 18
113 33 103 24
113 34 7 24
113 34 8 24
113 34 9 24
113 34 41 24
113 34 88 24
113 34 97 24
113 34 99 24
113 34 102 24
113 35 2 32
113 35 3 32
113 35 4 25
113 35 5 32
113 35 9 32
113 35 10 32
113 35 13 25
113 35 14 25
113 35 15 32
113 35 16 25
113 35 22 32
113 35 25 25
113 35 30 25
113 35 34 32
113 35 36 32
113 35 38 32
113 35 40 32
113 35 41 32
113 35 48 32
113 35 50 32
113 35 51 32
113 35 52 32
113 35 57 32
113 35 62 25
113 35 64 25
113 35 65 32
113 35 68 32
113 35 73 32
113 35 74 32
113 35 75 32
113 35 77 32
113 35 81 25
113 35 82 32
113 35 84 32
113 35 88 32
113 35 91 32
113 35 94 32
113 35 97 25
113 35 98 32
113 35 102 32
113 35 107 32
113 35 110 32
113 38 20 18
113 38 23 24
113 38 35 24
113 38 38 27
113 38 42 24
113 38 45 27
113 38 47 27
113 38 48 27
113 38 55 27
113 38 58 27
113 38 59 24
113 38 66 18
113 38 71 18
113 38 75 27
113 38 79 27
113 38 89 27
113 40 4 27
113 40 16 27
113 40 18 27
113 40 25 18
113 40 26 18
113 40 36 27
113 40 43 18
113 40 57 27
113 40 61 27
113 40 69 27
113 40 74 18
113 40 79 18
113 40 82 27
113 40 84 18
113 40 91 18
113 40 92 18
113 40 103 18
113 40 109 27
113 41 6 24
113 41 12 24
113 41 19 24
113 41 23 24
113 41 26 24
113 41 31 24
113 41 59 24
113 41 62 24
113 41 64 24
113 41 66 24
113 41 77 24
113 41 79 24
113 41 83 24
113 41 91 24
113 41 100 24
113 41 103 24
113 42 3 24
113 42 6 27
113 42 20 27
113 42 34 27
113 42 37 27
113 42 38 24
113 42 39 27
113 42 40 27
113 42 58 24
113 42 67 27
113 42 70 27
113 42 76 24
113 42 78 18
113 42 90 18
113 42 94 18
113 42 96 27
113 43 3 18
113 43 5 27
113 43 10 24
113 43 19 18
113 43 20 27
113 43 21 18
113 43 27 27
113 43 34 24
113 43 46 24
113 43 47 27
113 43 54 27
113 43 59 27
113 43 71 27
113 43 86 24
113 43 92 27
113 43 96 27
113 44 2 24
113 44 28 24
113 44 47 24
113 44 54 24
113 44 57 24
113 44 61 24
113 44 63 24
113 44 64 24
113 44 71 24
113 44 75 24
113 44 78 24
113 44 83 24
113 44 90 24
113 44 101 24
113 44 109 24
113 44 110 24
113 45 3 32
113 45 7 25
113 45 8 32
113 45 9 32
113 45 11 25
113 45 13 25
113 45 14 25
113 45 21 32
113 45 25 25
113 45 26 32
113 45 28 25
113 45 30 25
113 45 31 25
113 45 32 32
113 45 37 32
113 45 38 32
113 45 40 32
113 45 41 32
113 45 43 32
113 45 47 32
113 45 50 32
113 45 52 32
113 45 53 32
113 45 54 32
113 45 55 32
113 45 57 25
113 45 64 32
113 45 65 32
113 45 69 32
113 45 70 32
113 45 80 32
113 45 83 32
113 45 88 32
113 45 89 32
113 45 90 32
113 45 91 25
113 45 92 32
113 45 95 32
113 45 99 32
113 45 100 32
113 45 101 32
113 45 102 32
113 47 9 32
113 47 18 32
113 47 20 25
113 47 22 32
113 47 30 32
113 47 36 32
113 47 44 32
113 47 46 25
113 47 49 32
113 47 54 25
113 47 58 25
113 47 65 25
113 47 66 25
113 47 84 25
113 47 88 32
113 47 89 25
113 47 96 25
113 47 110 25
113 50 5 27
113 50 6 27
113 50 24 27
113 50 34 18
113 50 35 24
113 50 39 27
113 50 42 24
113 50 48 18
113 50 55 27
113 50 65 18
113 50 71 27
113 50 76 27
113 50 80 24
113 50 89 24
113 50 103 27
113 50 108 27
113 52 3 27
113 52 12 27
113 52 20 27
113 52 34 27
113 52 43 18
113 52 46 27
113 52 47 24
113 52 58 27
113 52 59 18
113 52 67 27
113 52 75 24
113 52 89 18
113 52 94 27
113 52 101 24
113 52 108 27
113 52 110 24
113 53 5 24
113 53 19 27
113 53 20 27
113 53 27 27
113 53 33 18
113 53 38 27
113 53 42 27
113 53 45 27
113 53 58 18
113 53 65 27
113 53 68 24
113 53 71 18
113 53 74 24
113 53 84 24
113 53 90 27
113 53 110 27
113 54 13 24
113 54 14 24
113 54 22 24
113 54 32 24
113 54 36 24
113 54 53 24
113 54 87 24
113 54 105 24
113 56 3 18
113 56 8 27
113 56 10 18
113 56 11 27
113 56 22 27
113 56 26 27
113 56 32 27
113 56 34 18
113 56 38 18
113 56 48 18
113 56 49 27
113 56 57 18
113 56 73 18
113 56 77 27
113 56 85 27
113 56 98 18
113 56 104 18
113 56 105 27
113 57 8 27
113 57 9 18
113 57 15 18
113 57 28 27
113 57 36 27
113 57 40 18
113 57 56 18
113 57 64 27
113 57 65 18
113 57 75 18
113 57 79 18
113 57 81 27
113 57 87 27
113 57 91 27
113 57 102 27
113 57 103 18
113 57 105 27
113 57 110 18
113 59 8 24
113 59 26 24
113 59 60 24
113 59 77 24
113 59 81 24
113 59 91 24
113 59 99 24
113 59 100 24
113 60 3 27
113 60 23 27
113 60 29 24
113 60 39 24
113 60 42 18
113 60 45 24
113 60 48 27
113 60 55 18
113 60 68 27
113 60 71 27
113 60 75 27
113 60 80 18
113 60 86 27
113 60 93 27
113 60 94 27
113 60 108 24
113 61 3 24
113 61 5 27
113 61 12 24
113 61 19 27
113 61 24 18
113 61 38 24
113 61 46 27
113 61 54 18
113 61 55 27
113 61 66 24
113 61 67 27
113 61 70 18
113 61 79 27
113 61 93 27
113 61 101 27
113 61 110 27
113 63 5 27
113 63 10 27
113 63 24 24
113 63 33 24
113 63 37 27
113 63 42 27
113 63 48 18
113 63 58 27
113 63 65 18
113 63 71 24
113 63 74 27
113 63 78 24
113 63 79 18
113 63 89 27
113 63 107 27
113 63 108 27
113 66 3 25
113 66 17 25
113 66 24 25
113 66 25 32
113 66 29 25
113 66 47 25
113 66 48 25
113 66 55 25
113 66 59 25
113 66 64 32
113 66 67 25
113 66 69 32
113 66 77 32
113 66 83 32
113 66 91 32
113 66 93 25
113 66 95 32
113 66 104 32
113 68 11 32
113 68 12 32
113 68 13 32
113 68 14 32
113 68 18 32
113 68 21 32
113 68 22 25
113 68 23 32
113 68 24 32
113 68 25 32
113 68 30 32
113 68 33 32
113 68 43 32
113 68 44 32
113 68 48 32
113 68 49 32
113 68 56 25
113 68 58 32
113 68 59 32
113 68 60 32
113 68 61 32
113 68 63 32
113 68 66 32
113 68 70 32
113 68 72 32
113 68 73 32
113 68 75 32
113 68 76 32
113 68 81 32
113 68 82 25
113 68 83 25
113 68 85 25
113 68 87 32
113 68 88 25
113 68 92 32
113 68 99 25
113 68 100 25
113 68 102 25
113 68 104 32
113 68 105 32
113 68 106 25
113 68 110 32
113 69 3 24
113 69 4 24
113 69 12 24
113 69 23 24
113 69 30 24
113 69 35 24
113 69 38 24
113 69 42 24
113 69 49 24
113 69 50 24
113 69 52 24
113 69 56 24
113 69 59 24
113 69 66 24
113 69 85 24
113 69 111 24
113 70 17 27
113 70 21 27
113 70 27 24
113 70 42 27
113 70 54 27
113 70 59 27
113 70 66 27
113 70 67 24
113 70 79 24
113 70 86 27
113 70 92 18
113 70 93 27
113 70 94 18
113 70 103 24
113 70 108 27
113 70 110 18
113 71 17 27
113 71 19 18
113 71 23 18
113 71 35 18
113 71 37 24
113 71 43 27
113 71 46 27
113 71 55 24
113 71 73 27
113 71 74 27
113 71 75 24
113 71 76 27
113 71 79 27
113 71 93 27
113 71 107 27
113 71 110 24
113 72 10 24
113 72 13 24
113 72 22 24
113 72 30 24
113 72 34 24
113 72 36 24
113 72 47 24
113 72 49 24
113 72 51 24
113 72 54 24
113 72 82 24
113 72 87 24
113 72 90 24
113 72 94 24
113 72 101 24
113 72 107 24
113 73 4 27
113 73 10 18
113 73 21 18
113 73 22 18
113 73 29 18
113 73 31 27
113 73 34 18
113 73 39 18
113 73 44 27
113 73 52 27
113 73 56 27
113 73 70 18
113 73 77 27
113 73 87 18
113 73 88 18
113 73 95 27
113 73 97 27
113 73 109 27
113 75 24 27
113 75 34 27
113 75 38 27
113 75 42 18
113 75 47 18
113 75 54 24
113 75 55 27
113 75 58 27
113 75 65 27
113 75 66 27
113 75 68 27
113 75 71 24
113 75 75 27
113 75 78 24
113 75 90 24
113 75 93 18
113 78 3 32
113 78 6 32
113 78 11 32
113 78 15 32
113 78 16 25
113 78 19 32
113 78 22 32
113 78 25 32
113 78 29 32
113 78 31 32
113 78 32 25
113 78 36 32
113 78 38 32
113 78 39 32
113 78 40 32
113 78 45 32
113 78 48 32
113 78 49 25
113 78 51 25
113 78 56 32
113 78 61 32
113 78 62 32
113 78 63 32
113 78 65 32
113 78 72 32
113 78 73 32
113 78 75 32
113 78 77 32
113 78 79 32
113 78 83 25
113 78 88 25
113 78 91 32
113 78 97 25
113 78 98 32
113 78 99 25
113 78 100 25
113 78 103 32
113 78 104 32
113 78 108 32
113 78 109 25
113 78 110 32
113 78 111 32
113 79 11 24
113 79 14 24
113 79 16 24
113 79 25 24
113 79 72 24
113 79 104 24
113 79 105 24
113 79 106 24
113 80 10 24
113 80 24 18
113 80 29 18
113 80 34 24
113 80 58 27
113 80 66 27
113 80 68 27
113 80 70 27
113 80 78 27
113 80 79 24
113 80 80 27
113 80 84 27
113 80 93 27
113 80 94 27
113 80 103 24
113 80 110 18
113 81 10 25
113 81 12 25
113 81 14 32
113 81 17 25
113 81 31 32
113 81 32 32
113 81 40 25
113 81 42 25
113 81 53 32
113 81 60 32
113 81 62 32
113 81 75 25
113 81 80 25
113 81 81 32
113 81 92 25
113 81 101 25
113 81 103 25
113 81 105 32
113 82 2 27
113 82 11 18
113 82 14 18
113 82 18 27
113 82 23 18
113 82 26 27
113 82 27 18
113 82 41 27
113 82 59 18
113 82 62 27
113 82 67 18
113 82 80 18
113 82 82 27
113 82 87 18
113 82 89 18
113 82 98 27
113 82 104 27
113 82 106 27
113 84 3 18
113 84 5 24
113 84 12 24
113 84 29 27
113 84 35 18
113 84 47 27
113 84 65 27
113 84 66 24
113 84 68 24
113 84 73 27
113 84 79 27
113 84 80 27
113 84 86 27
113 84 94 27
113 84 96 27
113 84 110 18
113 85 4 32
113 85 5 25
113 85 6 25
113 85 9 32
113 85 14 32
113 85 15 32
113 85 22 32
113 85 23 25
113 85 26 32
113 85 27 25
113 85 32 32
113 85 33 25
113 85 36 32
113 85 39 25
113 85 43 25
113 85 53 32
113 85 54 25
113 85 56 32
113 85 85 32
113 85 88 32
113 85 93 25
113 85 98 32
113 85 100 32
113 85 105 32
113 85 108 25
113 85 111 32
113 86 5 18
113 86 10 27
113 86 23 27
113 86 27 27
113 86 43 27
113 86 47 24
113 86 48 27
113 86 55 27
113 86 65 27
113 86 76 27
113 86 89 27
113 86 94 24
113 86 101 24
113 86 103 18
113 86 107 24
113 86 110 18
113 87 21 25
113 87 22 32
113 87 28 32
113 87 29 25
113 87 36 32
113 87 37 25
113 87 41 32
113 87 54 25
113 87 61 32
113 87 63 32
113 87 65 25
113 87 68 25
113 87 71 25
113 87 76 25
113 87 84 25
113 87 102 32
113 87 109 32
113 87 110 25
113 88 15 27
113 88 28 27
113 88 32 27
113 88 50 27
113 88 58 18
113 88 61 18
113 88 76 18
113 88 80 18
113 88 83 27
113 88 88 27
113 88 89 18
113 88 91 27
113 88 94 18
113 88 95 18
113 88 99 18
113 88 104 27
113 88 106 27
113 88 107 18
113 90 6 24
113 90 19 24
113 90 23 27
113 90 27 18
113 90 29 27
113 90 34 27
113 90 35 27
113 90 54 24
113 90 66 18
113 90 70 27
113 90 89 27
113 90 90 24
113 90 101 27
113 90 103 18
113 90 107 27
113 90 108 27
113 92 7 27
113 92 14 27
113 92 17 18
113 92 20 18
113 92 35 18
113 92 42 18
113 92 44 27
113 92 46 18
113 92 50 27
113 92 51 27
113 92 53 18
113 92 60 27
113 92 62 27
113 92 72 27
113 92 86 18
113 92 95 18
113 92 100 18
113 92 102 27
113 93 3 25
113 93 6 25
113 93 12 25
113 93 17 25
113 93 24 25
113 93 27 25
113 93 34 25
113 93 39 25
113 93 45 25
113 93 48 25
113 95 12 32
113 95 15 24
113 95 40 32
113 95 46 32
113 95 54 32
113 95 64 24
113 95 65 32
113 95 66 32
113 95 83 24
113 95 86 32
113 95 90 32
113 95 98 24
113 98 12 24
113 98 17 24
113 98 19 27
113 98 20 24
113 98 24 27
113 98 34 18
113 98 40 27
113 98 47 27
113 98 59 27
113 98 66 24
113 98 67 27
113 98 68 27
113 98 70 27
113 98 71 18
113 98 76 27
113 98 103 18
113 99 9 24
113 99 22 24
113 99 35 32
113 99 36 24
113 99 42 32
113 99 43 32
113 99 71 32
113 99 78 32
113 99 88 24
113 99 92 32
113 99 93 32
113 99 96 32
113 102 3 24
113 102 5 24
113 102 27 24
113 102 29 24
113 102 38 24
113 102 39 24
113 102 43 24
113 102 46 24
113 102 67 24
113 102 68 24
113 102 71 24
113 102 78 24
113 102 86 24
113 102 92 24
113 102 94 24
113 102 107 24
113 104 8 32
113 104 10 25
113 104 13 32
113 104 15 32
113 104 18 32
113 104 25 32
113 104 26 32
113 104 33 25
113 104 35 25
113 104 39 25
113 104 40 25
113 104 44 32
113 104 51 32
113 104 58 25
113 104 59 25
113 104 64 32
113 104 71 25
113 104 82 32
113 104 83 32
113 104 86 25
113 104 87 32
113 104 94 25
113 104 98 32
113 104 99 32
113 104 100 32
113 104 104 32
113 105 4 27
113 105 8 18
113 105 15 18
113 105 16 27
113 105 22 27
113 105 24 18
113 105 32 27
113 105 33 18
113 105 46 18
113 105 57 27
113 105 62 27
113 105 71 18
113 105 78 18
113 105 83 18
113 105 86 18
113 105 104 27
113 105 105 27
113 105 109 27
113 106 5 18
113 106 23 27
113 106 27 24
113 106 35 18
113 106 38 18
113 106 45 27
113 106 46 27
113 106 54 27
113 106 66 27
113 106 67 24
113 106 70 27
113 106 71 27
113 106 75 27
113 106 79 24
113 106 84 27
113 106 103 24
113 107 12 32
113 107 17 32
113 107 19 25
113 107 20 32
113 107 21 32
113 107 24 32
113 107 27 32
113 107 29 32
113 107 33 32
113 107 34 25
113 107 37 25
113 107 38 25
113 107 39 32
113 107 40 32
113 107 43 32
113 107 46 32
113 107 47 25
113 107 48 32
113 107 54 32
113 107 58 32
113 107 59 25
113 107 65 32
113 107 66 32
113 107 67 32
113 107 68 25
113 107 70 32
113 107 71 32
113 107 73 32
113 107 76 32
113 107 78 32
113 107 79 32
113 107 80 32
113 107 84 25
113 107 86 32
113 107 89 32
113 107 90 32
113 107 92 32
113 107 93 25
113 107 94 32
113 107 103 32
113 107 107 32
113 107 110 25
113 108 5 25
113 108 6 25
113 108 7 32
113 108 8 32
113 108 12 25
113 108 16 32
113 108 21 25
113 108 27 25
113 108 31 32
113 108 43 25
113 108 48 25
113 108 62 32
113 108 74 25
113 108 75 25
113 108 96 25
113 108 97 32
113 108 99 32
113 108 106 32
113 110 2 24
113 110 8 24
113 110 10 32
113 110 34 32
113 110 54 32
113 110 57 24
113 110 75 32
113 110 90 32
113 110 94 32
113 110 99 24
113 110 107 32
113 110 110 32
113 112 12 32
113 112 13 24
113 112 18 24
113 112 37 32
113 112 40 32
113 112 44 24
113 112 48 32
113 112 55 32
113 112 65 32
113 112 66 32
113 112 73 32
113 112 87 24
127 0 4 32
127 0 7 32
127 0 12 32
127 0 18 32
127 0 32 32
127 0 33 32
127 0 50 32
127 0 53 32
127 0 74 32
127 0 77 32
127 0 94 32
127 0 95 32
127 0 109 32
127 0 115 32
127 0 120 32
127 0 123 32
127 4 2 27
127 4 17 27
127 4 37 27
127 4 41 27
127 4 60 27
127 4 79 27
127 4 87 27
127 4 94 27
127 4 99 27
127 6 3 32
127 6 6 32
127 6 9 32
127 6 10 32
127 6 14 32
127 6 15 32
127 6 17 32
127 6 26 32
127 6 28 32
127 6 39 32
127 6 43 32
127 6 44 32
127 6 46 32
127 6 47 32
127 6 56 32
127 6 57 32
127 6 58 32
127 6 59 32
127 6 63 32
127 6 65 32
127 6 78 32
127 6 85 32
127 6 86 32
127 6 89 32
127 6 93 32
127 6 96 32
127 6 100 32
127 6 106 32
127 6 113 32
127 6 114 32
127 6 118 32
127 6 125 32
127 7 25 24
127 7 49 24
127 7 61 24
127 7 70 24
127 8 20 24
127 8 57 24
127 8 66 24
127 8 78 24
127 8 95 24
127 8 102 24
127 8 108 24
127 8 123 24
127 9 7 32
127 9 9 32
127 9 14 32
127 9 15 32
127 9 17 32
127 9 24 32
127 9 29 32
127 9 38 32
127 9 73 32
127 9 87 32
127 9 90 32
127 9 92 32
127 9 109 32
127 9 113 32
127 9 117 32
127 9 118 32
127 10 5 27
127 10 7 27
127 10 58 27
127 10 59 27
127 10 66 27
127 10 75 27
127 10 96 27
127 10 101 27
127 10 110 27
127 11 3 32
127 11 4 32
127 11 5 32
127 11 14 32
127 11 18 32
127 11 20 32
127 11 24 32
127 11 29 32
127 11 32 32
127 11 40 32
127 11 43 32
127 11 46 32
127 11 51 32
127 11 54 32
127 11 56 32
127 11 58 32
127 11 65 32
127 11 66 32
127 11 69 32
127 11 76 32
127 11 81 32
127 11 85 32
127 11 90 32
127 11 92 32
127 11 93 32
127 11 102 32
127 11 108 32
127 11 110 32
127 11 112 32
127 11 118 32
127 11 120 32
127 11 122 32
127 13 2 24
127 13 8 24
127 13 9 24
127 13 11 24
127 13 14 24
127 13 16 24
127 13 22 24
127 13 28 24
127 13 30 24
127 13 38 24
127 13 40 24
127 13 46 24
127 13 52 24
127 13 54 24
127 13 55 24
127 13 56 24
127 13 58 24
127 13 59 24
127 13 64 24
127 13 72 24
127 13 79 24
127 13 82 24
127 13 86 24
127 13 93 24
127 13 95 24
127 13 96 24
127 13 97 24
127 13 104 24
127 13 113 24
127 13 117 24
127 13 118 24
127 13 123 24
127 14 15 24
127 14 17 24
127 14 62 24
127 14 84 24
127 15 4 24
127 15 8 24
127 15 9 24
127 15 11 24
127 15 13 24
127 15 16 24
127 15 19 24
127 15 22 24
127 15 25 24
127 15 32 24
127 15 36 24
127 15 38 24
127 15 42 24
127 15 49 24
127 15 52 24
127 15 60 24
127 15 61 24
127 15 68 24
127 15 70 24
127 15 73 24
127 15 74 24
127 15 76 24
127 15 87 24
127 15 88 24
127 15 99 24
127 15 104 24
127 15 107 24
127 15 113 24
127 15 115 24
127 15 117 24
127 15 122 24
127 15 124 24
127 16 2 24
127 16 4 24
127 16 13 24
127 16 31 24
127 16 32 24
127 16 41 24
127 16 49 24
127 16 62 24
127 16 64 24
127 16 70 24
127 16 76 24
127 16 79 24
127 16 82 24
127 16 84 24
127 16 88 24
127 16 122 24
127 22 5 24
127 22 15 24
127 22 17 24
127 22 20 24
127 22 51 24
127 22 73 24
127 22 87 24
127 22 108 24
127 23 35 24
127 23 38 24
127 23 50 24
127 23 74 24
127 23 94 24
127 23 98 24
127 23 115 24
127 23 117 24
127 24 3 32
127 24 12 32
127 24 14 32
127 24 18 32
127 24 20 32
127 24 26 32
127 24 33 32
127 24 34 32
127 24 40 32
127 24 43 32
127 24 44 32
127 24 46 32
127 24 53 32
127 24 54 32
127 24 55 32
127 24 56 32
127 24 57 32
127 24 58 32
127 24 65 32
127 24 67 32
127 24 68 32
127 24 71 32
127 24 77 32
127 24 78 32
127 24 85 32
127 24 91 32
127 24 93 32
127 24 97 32
127 24 99 32
127 24 108 32
127 24 118 32
127 24 120 32
127 25 15 24
127 25 17 24
127 25 26 24
127 25 39 24
127 25 44 24
127 25 67 24
127 25 91 24
127 25 114 24
127 29 4 24
127 29 32 24
127 29 74 24
127 29 115 24
127 30 21 24
127 30 36 24
127 30 60 24
127 30 121 24
127 31 40 24
127 31 47 24
127 31 54 24
127 31 74 24
127 31 86 24
127 31 96 24
127 31 100 24
127 31 115 24
127 32 4 32
127 32 12 32
127 32 15 32
127 32 17 32
127 32 21 32
127 32 24 32
127 32 27 32
127 32 28 32
127 32 32 32
127 32 33 32
127 32 35 32
127 32 39 32
127 32 53 32
127 32 55 32
127 32 59 32
127 32 63 32
127 32 67 32
127 32 75 32
127 32 77 32
127 32 80 32
127 32 86 32
127 32 90 32
127 32 91 32
127 32 96 32
127 32 97 32
127 32 98 32
127 32 105 32
127 32 111 32
127 32 114 32
127 32 119 32
127 32 121 32
127 32 125 32
127 33 12 24
127 33 36 24
127 33 50 24
127 33 53 24
127 33 60 24
127 33 94 24
127 33 111 24
127 33 119 24
127 35 27 24
127 35 75 24
127 35 80 24
127 35 105 24
127 40 11 24
127 40 31 24
127 40 35 24
127 40 41 24
127 40 50 24
127 40 94 24
127 40 98 24
127 40 104 24
127 41 6 24
127 41 28 24
127 41 43 24
127 41 59 24
127 41 65 24
127 41 66 24
127 41 102 24
127 41 106 24
127 42 47 24
127 42 68 24
127 42 99 24
127 42 100 24
127 43 6 27
127 43 23 27
127 43 28 27
127 43 43 27
127 43 53 27
127 43 54 27
127 43 80 27
127 43 93 27
127 43 95 27
127 45 15 24
127 45 17 24
127 45 34 24
127 45 71 24
127 47 22 24
127 47 52 24
127 47 68 24
127 47 99 24
127 48 38 24
127 48 42 24
127 48 117 24
127 48 124 24
127 50 8 24
127 50 16 24
127 50 69 24
127 50 81 24
127 55 5 32
127 55 8 32
127 55 9 32
127 55 13 32
127 55 15 32
127 55 16 32
127 55 17 32
127 55 20 32
127 55 21 32
127 55 22 32
127 55 23 32
127 55 34 32
127 55 35 32
127 55 38 32
127 55 50 32
127 55 51 32
127 55 52 32
127 55 55 32
127 55 62 32
127 55 71 32
127 55 79 32
127 55 82 32
127 55 84 32
127 55 88 32
127 55 94 32
127 55 97 32
127 55 98 32
127 55 108 32
127 55 113 32
127 55 116 32
127 55 117 32
127 55 121 32
127 58 15 24
127 58 17 24
127 58 36 24
127 58 60 24
127 59 8 24
127 59 16 24
127 59 19 24
127 59 107 24
127 60 12 32
127 60 38 32
127 60 42 32
127 60 49 32
127 60 53 32
127 60 62 32
127 60 66 32
127 60 67 32
127 60 70 32
127 60 84 32
127 60 91 32
127 60 102 32
127 60 110 32
127 60 112 32
127 60 117 32
127 60 124 32
127 67 3 32
127 67 10 32
127 67 15 32
127 67 17 32
127 67 25 32
127 67 36 32
127 67 43 32
127 67 57 32
127 67 60 32
127 67 61 32
127 67 65 32
127 67 74 32
127 67 78 32
127 67 85 32
127 67 89 32
127 67 115 32
127 68 20 24
127 68 108 24
127 68 111 24
127 68 119 24
127 69 67 24
127 69 91 24
127 69 110 24
127 69 112 24
127 72 6 32
127 72 10 32
127 72 11 32
127 72 14 32
127 72 19 32
127 72 29 32
127 72 30 32
127 72 33 32
127 72 39 32
127 72 43 32
127 72 45 32
127 72 48 32
127 72 56 32
127 72 65 32
127 72 72 32
127 72 75 32
127 72 76 32
127 72 77 32
127 72 89 32
127 72 92 32
127 72 93 32
127 72 104 32
127 72 105 32
127 72 106 32
127 72 107 32
127 72 110 32
127 72 111 32
127 72 112 32
127 72 114 32
127 72 118 32
127 72 119 32
127 72 122 32
127 77 46 24
127 77 58 24
127 77 111 24
127 77 119 24
127 79 3 24
127 79 10 24
127 79 85 24
127 79 89 24
127 80 28 24
127 80 59 24
127 80 75 24
127 80 105 24
127 82 56 24
127 82 93 24
127 82 110 24
127 82 112 24
127 84 32 27
127 84 34 27
127 84 47 27
127 84 73 27
127 84 74 27
127 84 84 27
127 84 99 27
127 84 104 27
127 84 121 27
127 85 27 24
127 85 28 24
127 85 59 24
127 85 80 24
127 86 21 24
127 86 25 24
127 86 61 24
127 86 62 24
127 86 68 24
127 86 84 24
127 86 99 24
127 86 121 24
127 87 23 24
127 87 29 24
127 87 33 24
127 87 77 24
127 87 86 24
127 87 92 24
127 87 96 24
127 87 116 24
127 92 22 24
127 92 47 24
127 92 52 24
127 92 100 24
127 94 8 24
127 94 16 24
127 94 33 24
127 94 67 24
127 94 74 24
127 94 77 24
127 94 91 24
127 94 115 24
127 95 2 32
127 95 6 32
127 95 8 32
127 95 13 32
127 95 16 32
127 95 22 32
127 95 29 32
127 95 30 32
127 95 31 32
127 95 36 32
127 95 37 32
127 95 41 32
127 95 47 32
127 95 50 32
127 95 52 32
127 95 60 32
127 95 64 32
127 95 68 32
127 95 72 32
127 95 74 32
127 95 88 32
127 95 92 32
127 95 94 32
127 95 95 32
127 95 99 32
127 95 100 32
127 95 103 32
127 95 106 32
127 95 110 32
127 95 112 32
127 95 115 32
127 95 123 32
127 96 12 24
127 96 27 24
127 96 31 24
127 96 41 24
127 96 53 24
127 96 73 24
127 96 80 24
127 96 87 24
127 97 6 24
127 97 67 24
127 97 91 24
127 97 106 24
127 98 12 24
127 98 53 24
127 98 95 24
127 98 123 24
127 102 13 24
127 102 36 24
127 102 60 24
127 102 83 24
127 102 88 24
127 102 101 24
127 102 110 24
127 102 112 24
127 103 7 32
127 103 9 32
127 103 19 32
127 103 28 32
127 103 30 32
127 103 34 32
127 103 36 32
127 103 42 32
127 103 49 32
127 103 50 32
127 103 56 32
127 103 59 32
127 103 60 32
127 103 62 32
127 103 69 32
127 103 70 32
127 103 71 32
127 103 72 32
127 103 73 32
127 103 74 32
127 103 81 32
127 103 83 32
127 103 84 32
127 103 87 32
127 103 93 32
127 103 94 32
127 103 101 32
127 103 107 32
127 103 109 32
127 103 113 32
127 103 115 32
127 103 124 32
127 104 10 24
127 104 12 24
127 104 29 24
127 104 33 24
127 104 53 24
127 104 77 24
127 104 89 24
127 104 92 24
127 105 19 24
127 105 40 24
127 105 54 24
127 105 76 24
127 105 107 24
127 105 110 24
127 105 112 24
127 105 122 24
127 111 5 24
127 111 39 24
127 111 43 24
127 111 45 24
127 111 48 24
127 111 51 24
127 111 57 24
127 111 63 24
127 111 65 24
127 111 78 24
127 111 86 24
127 111 95 24
127 111 96 24
127 111 114 24
127 111 123 24
127 111 125 24
127 112 3 24
127 112 5 24
127 112 10 24
127 112 12 24
127 112 14 24
127 112 20 24
127 112 23 24
127 112 28 24
127 112 39 24
127 112 40 24
127 112 51 24
127 112 53 24
127 112 54 24
127 112 57 24
127 112 59 24
127 112 66 24
127 112 67 24
127 112 75 24
127 112 78 24
127 112 85 24
127 112 89 24
127 112 91 24
127 112 95 24
127 112 102 24
127 112 105 24
127 112 108 24
127 112 111 24
127 112 114 24
127 112 116 24
127 112 118 24
127 112 119 24
127 112 123 24
127 113 43 24
127 113 65 24
127 113 110 24
127 113 112 24
127 114 4 24
127 114 9 24
127 114 10 24
127 114 14 24
127 114 23 24
127 114 30 24
127 114 31 24
127 114 32 24
127 114 34 24
127 114 41 24
127 114 45 24
127 114 48 24
127 114 55 24
127 114 63 24
127 114 68 24
127 114 69 24
127 114 71 24
127 114 72 24
127 114 73 24
127 114 75 24
127 114 81 24
127 114 87 24
127 114 89 24
127 114 97 24
127 114 99 24
127 114 105 24
127 114 111 24
127 114 113 24
127 114 116 24
127 114 118 24
127 114 119 24
127 114 125 24
127 116 5 32
127 116 7 32
127 116 9 32
127 116 15 32
127 116 17 32
127 116 19 32
127 116 25 32
127 116 34 32
127 116 35 32
127 116 37 32
127 116 42 32
127 116 46 32
127 116 51 32
127 116 58 32
127 116 61 32
127 116 62 32
127 116 69 32
127 116 71 32
127 116 73 32
127 116 76 32
127 116 81 32
127 116 84 32
127 116 87 32
127 116 95 32
127 116 98 32
127 116 103 32
127 116 107 32
127 116 109 32
127 116 113 32
127 116 122 32
127 116 123 32
127 116 124 32
127 117 17 27
127 117 26 27
127 117 31 27
127 117 52 27
127 117 61 27
127 117 68 27
127 117 69 27
127 117 120 27
127 117 122 27
127 118 9 32
127 118 10 32
127 118 14 32
127 118 18 32
127 118 35 32
127 118 37 32
127 118 40 32
127 118 54 32
127 118 89 32
127 118 98 32
127 118 103 32
127 118 110 32
127 118 112 32
127 118 113 32
127 118 118 32
127 118 120 32
127 119 4 24
127 119 19 24
127 119 25 24
127 119 32 24
127 119 49 24
127 119 61 24
127 119 70 24
127 119 107 24
127 120 57 24
127 120 66 24
127 120 78 24
127 120 102 24
127 121 2 32
127 121 9 32
127 121 13 32
127 121 14 32
127 121 21 32
127 121 27 32
127 121 31 32
127 121 34 32
127 121 38 32
127 121 41 32
127 121 42 32
127 121 49 32
127 121 62 32
127 121 64 32
127 121 68 32
127 121 69 32
127 121 70 32
127 121 71 32
127 121 80 32
127 121 81 32
127 121 83 32
127 121 84 32
127 121 88 32
127 121 99 32
127 121 101 32
127 121 110 32
127 121 112 32
127 121 113 32
127 121 117 32
127 121 118 32
127 121 121 32
127 121 124 32
127 123 28 27
127 123 33 27
127 123 40 27
127 123 48 27
127 123 67 27
127 123 86 27
127 123 90 27
127 123 110 27
127 123 125 27
131 1 4 32
131 1 9 32
131 1 27 32
131 1 33 32
131 1 34 32
131 1 74 32
131 1 102 32
131 1 108 32
131 3 36 24
131 3 38 24
131 3 39 24
131 3 65 24
131 3 84 24
131 3 91 24
131 3 100 24
131 3 129 24
131 4 5 32
131 4 13 32
131 4 27 32
131 4 34 32
131 4 38 32
131 4 46 32
131 4 49 32
131 4 55 32
131 4 81 32
131 4 94 32
131 4 100 32
131 4 105 32
131 4 109 32
131 4 121 32
131 4 123 32
131 4 125 32
131 5 7 24
131 5 13 24
131 5 28 24
131 5 65 24
131 5 75 24
131 5 117 24
131 5 121 24
131 5 129 24
131 7 2 32
131 7 5 32
131 7 21 32
131 7 25 32
131 7 32 32
131 7 43 32
131 7 64 32
131 7 66 32
131 7 72 32
131 7 74 32
131 7 86 32
131 7 90 32
131 7 105 32
131 7 108 32
131 7 111 32
131 7 115 32
131 9 9 24
131 9 11 24
131 9 12 24
131 9 52 24
131 9 63 24
131 9 65 24
131 9 102 24
131 9 129 24
131 10 48 32
131 10 53 32
131 10 55 32
131 10 74 32
131 10 81 32
131 10 89 32
131 10 101 32
131 10 108 32
131 11 13 24
131 11 45 24
131 11 58 24
131 11 61 24
131 11 62 24
131 11 99 24
131 11 112 24
131 11 121 24
131 13 13 32
131 13 15 32
131 13 17 32
131 13 35 32
131 13 54 32
131 13 60 32
131 13 72 32
131 13 80 32
131 13 98 32
131 13 107 32
131 13 111 32
131 13 113 32
131 13 119 32
131 13 120 32
131 13 121 32
131 13 127 32
131 14 2 32
131 14 8 32
131 14 17 32
131 14 18 32
131 14 30 32
131 14 47 32
131 14 51 32
131 14 54 32
131 14 66 32
131 14 68 32
131 14 79 32
131 14 82 32
131 14 83 32
131 14 92 32
131 14 96 32
131 14 116 32
131 16 7 24
131 16 49 24
131 16 67 24
131 16 68 24
131 16 75 24
131 16 79 24
131 16 88 24
131 16 123 24
131 18 3 24
131 18 10 24
131 18 14 24
131 18 44 24
131 18 80 24
131 18 103 24
131 18 113 24
131 18 118 24
131 19 30 24
131 19 50 24
131 19 67 24
131 19 76 24
131 19 83 24
131 19 88 24
131 19 119 24
131 19 120 24
131 20 6 24
131 20 22 24
131 20 26 24
131 20 31 24
131 20 93 24
131 20 96 24
131 20 116 24
131 20 126 24
131 21 9 32
131 21 11 32
131 21 12 32
131 21 28 32
131 21 38 32
131 21 48 32
131 21 49 32
131 21 52 32
131 21 63 32
131 21 77 32
131 21 100 32
131 21 101 32
131 21 102 32
131 21 114 32
131 21 117 32
131 21 123 32
131 23 14 24
131 23 20 24
131 23 55 24
131 23 59 24
131 23 81 24
131 23 98 24
131 23 103 24
131 23 127 24
131 24 2 32
131 24 20 32
131 24 21 32
131 24 25 32
131 24 31 32
131 24 48 32
131 24 55 32
131 24 59 32
131 24 66 32
131 24 72 32
131 24 81 32
131 24 90 32
131 24 93 32
131 24 101 32
131 24 111 32
131 24 115 32
131 25 28 24
131 25 53 24
131 25 65 24
131 25 74 24
131 25 89 24
131 25 108 24
131 25 117 24
131 25 129 24
131 28 17 24
131 28 24 24
131 28 26 24
131 28 29 24
131 28 54 24
131 28 71 24
131 28 122 24
131 28 126 24
131 31 4 24
131 31 20 24
131 31 28 24
131 31 33 24
131 31 45 24
131 31 59 24
131 31 99 24
131 31 117 24
131 32 7 24
131 32 21 24
131 32 25 24
131 32 27 24
131 32 34 24
131 32 62 24
131 32 75 24
131 32 112 24
131 33 5 32
131 33 39 32
131 33 45 32
131 33 58 32
131 33 61 32
131 33 84 32
131 33 99 32
131 33 105 32
131 34 21 32
131 34 25 32
131 34 48 32
131 34 49 32
131 34 53 32
131 34 89 32
131 34 101 32
131 34 123 32
131 37 2 24
131 37 36 24
131 37 43 24
131 37 64 24
131 37 66 24
131 37 72 24
131 37 91 24
131 37 111 24
131 42 18 24
131 42 19 24
131 42 26 24
131 42 51 24
131 42 69 24
131 42 98 24
131 42 126 24
131 42 127 24
131 43 13 32
131 43 29 32
131 43 55 32
131 43 70 32
131 43 73 32
131 43 74 32
131 43 80 32
131 43 81 32
131 43 90 32
131 43 97 32
131 43 104 32
131 43 108 32
131 43 113 32
131 43 115 32
131 43 121 32
131 43 122 32
131 44 7 24
131 44 20 24
131 44 36 24
131 44 48 24
131 44 59 24
131 44 75 24
131 44 91 24
131 44 101 24
131 46 9 24
131 46 11 24
131 46 12 24
131 46 36 24
131 46 55 24
131 46 81 24
131 46 91 24
131 46 102 24
131 47 4 32
131 47 9 32
131 47 33 32
131 47 37 32
131 47 47 32
131 47 55 32
131 47 70 32
131 47 73 32
131 47 77 32
131 47 81 32
131 47 85 32
131 47 90 32
131 47 92 32
131 47 102 32
131 47 114 32
131 47 115 32
131 49 5 32
131 49 36 32
131 49 43 32
131 49 45 32
131 49 52 32
131 49 53 32
131 49 63 32
131 49 64 32
131 49 65 32
131 49 77 32
131 49 89 32
131 49 91 32
131 49 99 32
131 49 105 32
131 49 114 32
131 49 129 32
131 50 36 24
131 50 53 24
131 50 87 24
131 50 89 24
131 50 91 24
131 50 98 24
131 50 127 24
131 50 128 24
131 51 40 24
131 51 46 24
131 51 74 24
131 51 94 24
131 51 95 24
131 51 108 24
131 51 119 24
131 51 120 24
131 53 4 24
131 53 7 24
131 53 11 24
131 53 12 24
131 53 33 24
131 53 75 24
131 53 109 24
131 53 125 24
131 58 7 32
131 58 15 32
131 58 35 32
131 58 38 32
131 58 55 32
131 58 75 32
131 58 81 32
131 58 100 32
131 59 23 24
131 59 31 24
131 59 40 24
131 59 47 24
131 59 57 24
131 59 92 24
131 59 93 24
131 59 95 24
131 60 36 24
131 60 48 24
131 60 74 24
131 60 77 24
131 60 91 24
131 60 101 24
131 60 108 24
131 60 114 24
131 61 13 24
131 61 39 24
131 61 84 24
131 61 96 24
131 61 116 24
131 61 119 24
131 61 120 24
131 61 121 24
131 62 3 24
131 62 44 24
131 62 65 24
131 62 87 24
131 62 106 24
131 62 110 24
131 62 128 24
131 62 129 24
131 63 8 32
131 63 31 32
131 63 32 32
131 63 68 32
131 63 72 32
131 63 79 32
131 63 82 32
131 63 86 32
131 63 90 32
131 63 93 32
131 63 106 32
131 63 110 32
131 63 111 32
131 63 115 32
131 63 119 32
131 63 120 32
131 68 11 32
131 68 12 32
131 68 16 32
131 68 20 32
131 68 21 32
131 68 25 32
131 68 38 32
131 68 41 32
131 68 45 32
131 68 49 32
131 68 52 32
131 68 59 32
131 68 63 32
131 68 99 32
131 68 100 32
131 68 123 32
131 69 2 24
131 69 3 24
131 69 21 24
131 69 25 24
131 69 44 24
131 69 66 24
131 69 87 24
131 69 128 24
131 70 10 24
131 70 11 24
131 70 12 24
131 70 15 24
131 70 35 24
131 70 47 24
131 70 92 24
131 70 118 24
131 71 17 24
131 71 23 24
131 71 30 24
131 71 40 24
131 71 54 24
131 71 57 24
131 71 83 24
131 71 95 24
131 72 36 24
131 72 38 24
131 72 39 24
131 72 74 24
131 72 84 24
131 72 91 24
131 72 100 24
131 72 108 24
131 73 31 32
131 73 50 32
131 73 56 32
131 73 76 32
131 73 93 32
131 73 96 32
131 73 116 32
131 73 124 32
131 78 6 24
131 78 22 24
131 78 56 24
131 78 98 24
131 78 119 24
131 78 120 24
131 78 124 24
131 78 127 24
131 80 11 24
131 80 12 24
131 80 23 24
131 80 36 24
131 80 37 24
131 80 57 24
131 80 85 24
131 80 91 24
131 81 3 24
131 81 4 24
131 81 33 24
131 81 40 24
131 81 42 24
131 81 44 24
131 81 78 24
131 81 95 24
131 82 2 32
131 82 17 32
131 82 26 32
131 82 32 32
131 82 40 32
131 82 42 32
131 82 54 32
131 82 66 32
131 82 67 32
131 82 68 32
131 82 78 32
131 82 79 32
131 82 86 32
131 82 88 32
131 82 95 32
131 82 126 32
131 84 16 32
131 84 17 32
131 84 29 32
131 84 39 32
131 84 41 32
131 84 46 32
131 84 50 32
131 84 54 32
131 84 58 32
131 84 61 32
131 84 76 32
131 84 84 32
131 84 94 32
131 84 98 32
131 84 122 32
131 84 127 32
131 85 29 24
131 85 40 24
131 85 50 24
131 85 76 24
131 85 95 24
131 85 119 24
131 85 120 24
131 85 122 24
131 87 30 24
131 87 40 24
131 87 56 24
131 87 72 24
131 87 83 24
131 87 95 24
131 87 111 24
131 87 124 24
131 88 9 32
131 88 10 32
131 88 16 32
131 88 18 32
131 88 23 32
131 88 27 32
131 88 34 32
131 88 41 32
131 88 50 32
131 88 51 32
131 88 57 32
131 88 58 32
131 88 61 32
131 88 76 32
131 88 102 32
131 88 118 32
131 89 4 24
131 89 5 24
131 89 33 24
131 89 62 24
131 89 80 24
131 89 105 24
131 89 112 24
131 89 113 24
131 94 20 24
131 94 40 24
131 94 59 24
131 94 65 24
131 94 67 24
131 94 88 24
131 94 95 24
131 94 129 24
131 97 8 32
131 97 30 32
131 97 42 32
131 97 78 32
131 97 82 32
131 97 83 32
131 97 106 32
131 97 110 32
131 98 26 32
131 98 32 32
131 98 47 32
131 98 70 32
131 98 73 32
131 98 86 32
131 98 92 32
131 98 126 32
131 99 19 24
131 99 56 24
131 99 69 24
131 99 97 24
131 99 104 24
131 99 106 24
131 99 110 24
131 99 124 24
131 100 14 24
131 100 32 24
131 100 72 24
131 100 86 24
131 100 98 24
131 100 103 24
131 100 111 24
131 100 127 24
131 103 5 24
131 103 9 24
131 103 60 24
131 103 77 24
131 103 102 24
131 103 105 24
131 103 107 24
131 103 114 24
131 106 2 24
131 106 14 24
131 106 23 24
131 106 42 24
131 106 57 24
131 106 66 24
131 106 78 24
131 106 103 24
131 107 16 32
131 107 20 32
131 107 30 32
131 107 38 32
131 107 41 32
131 107 50 32
131 107 59 32
131 107 65 32
131 107 72 32
131 107 76 32
131 107 83 32
131 107 100 32
131 107 106 32
131 107 110 32
131 107 111 32
131 107 129 32
131 108 4 24
131 108 28 24
131 108 33 24
131 108 50 24
131 108 72 24
131 108 76 24
131 108 111 24
131 108 117 24
131 110 8 32
131 110 14 32
131 110 17 32
131 110 29 32
131 110 30 32
131 110 31 32
131 110 54 32
131 110 68 32
131 110 79 32
131 110 82 32
131 110 83 32
131 110 93 32
131 110 103 32
131 110 119 32
131 110 120 32
131 110 122 32
131 111 5 24
131 111 15 24
131 111 35 24
131 111 38 24
131 111 100 24
131 111 105 24
131 111 109 24
131 111 125 24
131 112 11 24
131 112 12 24
131 112 43 24
131 112 48 24
131 112 55 24
131 112 64 24
131 112 81 24
131 112 101 24
131 113 13 24
131 113 18 24
131 113 28 24
131 113 51 24
131 113 87 24
131 113 117 24
131 113 121 24
131 113 128 24
131 115 8 24
131 115 43 24
131 115 52 24
131 115 56 24
131 115 63 24
131 115 64 24
131 115 82 24
131 115 124 24
131 117 15 32
131 117 35 32
131 117 39 32
131 117 48 32
131 117 49 32
131 117 52 32
131 117 63 32
131 117 65 32
131 117 77 32
131 117 80 32
131 117 84 32
131 117 101 32
131 117 113 32
131 117 114 32
131 117 123 32
131 117 129 32
131 118 4 32
131 118 10 32
131 118 11 32
131 118 12 32
131 118 18 32
131 118 20 32
131 118 24 32
131 118 33 32
131 118 51 32
131 118 59 32
131 118 71 32
131 118 77 32
131 118 96 32
131 118 114 32
131 118 116 32
131 118 118 32
131 120 10 24
131 120 19 24
131 120 32 24
131 120 69 24
131 120 70 24
131 120 73 24
131 120 86 24
131 120 118 24
131 121 23 32
131 121 30 32
131 121 42 32
131 121 50 32
131 121 57 32
131 121 76 32
131 121 78 32
131 121 83 32
131 122 2 24
131 122 29 24
131 122 66 24
131 122 68 24
131 122 79 24
131 122 119 24
131 122 120 24
131 122 122 24
131 124 16 32
131 124 20 32
131 124 23 32
131 124 26 32
131 124 41 32
131 124 45 32
131 124 57 32
131 124 59 32
131 124 65 32
131 124 67 32
131 124 88 32
131 124 99 32
131 124 106 32
131 124 110 32
131 124 126 32
131 124 129 32
131 126 2 24
131 126 10 24
131 126 14 24
131 126 56 24
131 126 66 24
131 126 103 24
131 126 118 24
131 126 124 24
131 127 6 32
131 127 8 32
131 127 10 32
131 127 22 32
131 127 26 32
131 127 31 32
131 127 37 32
131 127 50 32
131 127 76 32
131 127 82 32
131 127 85 32
131 127 93 32
131 127 97 32
131 127 104 32
131 127 118 32
131 127 126 32
131 128 2 24
131 128 31 24
131 128 40 24
131 128 47 24
131 128 66 24
131 128 92 24
131 128 93 24
131 128 95 24
131 130 23 32
131 130 29 32
131 130 57 32
131 130 97 32
131 130 98 32
131 130 104 32
131 130 122 32
131 130 127 32
137 1 8 24
137 1 36 24
137 1 118 24
137 1 120 24
137 3 9 32
137 3 11 32
137 3 25 32
137 3 30 32
137 3 32 32
137 3 61 32
137 3 105 32
137 3 107 32
137 4 82 24
137 4 89 24
137 4 117 24
137 4 132 24
137 10 53 24
137 10 91 24
137 10 106 24
137 10 134 24
137 12 18 32
137 12 28 32
137 12 50 32
137 12 74 32
137 12 93 32
137 12 99 32
137 12 105 32
137 12 107 32
137 13 8 32
137 13 14 32
137 13 17 32
137 13 36 32
137 13 49 32
137 13 59 32
137 13 65 32
137 13 72 32
137 13 77 32
137 13 78 32
137 13 105 32
137 13 107 32
137 13 118 32
137 13 120 32
137 13 121 32
137 13 129 32
137 14 14 24
137 14 34 24
137 14 49 24
137 14 133 24
137 17 10 24
137 17 13 24
137 17 21 24
137 17 42 24
137 17 62 24
137 17 96 24
137 17 116 24
137 17 124 24
137 18 19 32
137 18 28 32
137 18 44 32
137 18 93 32
137 18 101 32
137 18 109 32
137 18 112 32
137 18 126 32
137 21 5 24
137 21 43 24
137 21 51 24
137 21 55 24
137 23 12 24
137 23 24 24
137 23 40 24
137 23 80 24
137 24 16 24
137 24 39 24
137 24 60 24
137 24 130 24
137 26 29 24
137 26 42 24
137 26 52 24
137 26 62 24
137 31 3 32
137 31 15 32
137 31 22 32
137 31 24 32
137 31 27 32
137 31 35 32
137 31 36 32
137 31 37 32
137 31 40 32
137 31 46 32
137 31 47 32
137 31 64 32
137 31 66 32
137 31 68 32
137 31 71 32
137 31 77 32
137 31 79 32
137 31 81 32
137 31 82 32
137 31 97 32
137 31 100 32
137 31 105 32
137 31 107 32
137 31 110 32
137 31 111 32
137 31 112 32
137 31 113 32
137 31 118 32
137 31 121 32
137 31 126 32
137 31 132 32
137 31 135 32
137 32 3 24
137 32 42 24
137 32 46 24
137 32 62 24
137 32 71 24
137 32 82 24
137 32 110 24
137 32 132 24
137 35 42 24
137 35 62 24
137 35 75 24
137 35 95 24
137 37 26 24
137 37 58 24
137 37 71 24
137 37 110 24
137 40 14 32
137 40 49 32
137 40 77 32
137 40 105 32
137 40 107 32
137 40 112 32
137 40 121 32
137 40 126 32
137 46 13 24
137 46 97 24
137 46 113 24
137 46 116 24
137 47 12 32
137 47 13 32
137 47 29 32
137 47 45 32
137 47 52 32
137 47 67 32
137 47 80 32
137 47 116 32
137 48 36 24
137 48 77 24
137 48 118 24
137 48 121 24
137 51 9 24
137 51 15 24
137 51 61 24
137 51 64 24
137 52 3 32
137 52 6 32
137 52 23 32
137 52 29 32
137 52 46 32
137 52 52 32
137 52 53 32
137 52 106 32
137 54 28 24
137 54 38 24
137 54 93 24
137 54 119 24
137 56 2 32
137 56 8 32
137 56 13 32
137 56 16 32
137 56 20 32
137 56 27 32
137 56 33 32
137 56 34 32
137 56 43 32
137 56 45 32
137 56 48 32
137 56 50 32
137 56 51 32
137 56 54 32
137 56 56 32
137 56 60 32
137 56 66 32
137 56 67 32
137 56 69 32
137 56 74 32
137 56 77 32
137 56 89 32
137 56 90 32
137 56 102 32
137 56 112 32
137 56 115 32
137 56 116 32
137 56 117 32
137 56 120 32
137 56 121 32
137 56 126 32
137 56 133 32
137 57 15 24
137 57 30 24
137 57 32 24
137 57 64 24
137 61 5 32
137 61 10 32
137 61 12 32
137 61 20 32
137 61 21 32
137 61 26 32
137 61 27 32
137 61 31 32
137 61 33 32
137 61 42 32
137 61 43 32
137 61 45 32
137 61 48 32
137 61 51 32
137 61 54 32
137 61 55 32
137 61 58 32
137 61 62 32
137 61 66 32
137 61 67 32
137 61 71 32
137 61 80 32
137 61 82 32
137 61 84 32
137 61 89 32
137 61 96 32
137 61 110 32
137 61 114 32
137 61 117 32
137 61 124 32
137 61 131 32
137 61 132 32
137 63 11 32
137 63 14 32
137 63 17 32
137 63 25 32
137 63 37 32
137 63 49 32
137 63 63 32
137 63 65 32
137 63 73 32
137 63 76 32
137 63 78 32
137 63 87 32
137 63 100 32
137 63 122 32
137 63 128 32
137 63 129 32
137 65 2 24
137 65 15 24
137 65 64 24
137 65 69 24
137 66 21 24
137 66 27 24
137 66 31 24
137 66 35 24
137 66 47 24
137 66 66 24
137 66 84 24
137 66 124 24
137 67 42 24
137 67 57 24
137 67 62 24
137 67 82 24
137 67 90 24
137 67 102 24
137 67 125 24
137 67 132 24
137 70 5 24
137 70 12 24
137 70 35 24
137 70 47 24
137 70 55 24
137 70 75 24
137 70 80 24
137 70 95 24
137 71 13 24
137 71 53 24
137 71 71 24
137 71 90 24
137 71 102 24
137 71 106 24
137 71 110 24
137 71 116 24
137 72 68 24
137 72 73 24
137 72 122 24
137 72 135 24
137 74 8 32
137 74 9 32
137 74 15 32
137 74 37 32
137 74 50 32
137 74 59 32
137 74 61 32
137 74 64 32
137 74 72 32
137 74 74 32
137 74 88 32
137 74 100 32
137 74 112 32
137 74 120 32
137 74 123 32
137 74 126 32
137 76 5 32
137 76 6 32
137 76 13 32
137 76 20 32
137 76 23 32
137 76 27 32
137 76 41 32
137 76 48 32
137 76 53 32
137 76 55 32
137 76 57 32
137 76 66 32
137 76 70 32
137 76 71 32
137 76 75 32
137 76 79 32
137 76 82 32
137 76 83 32
137 76 86 32
137 76 89 32
137 76 92 32
137 76 94 32
137 76 95 32
137 76 104 32
137 76 106 32
137 76 110 32
137 76 111 32
137 76 116 32
137 76 117 32
137 76 125 32
137 76 127 32
137 76 132 32
137 80 73 24
137 80 105 24
137 80 107 24
137 80 122 24
137 81 4 32
137 81 11 32
137 81 16 32
137 81 17 32
137 81 20 32
137 81 21 32
137 81 22 32
137 81 25 32
137 81 35 32
137 81 47 32
137 81 48 32
137 81 60 32
137 81 63 32
137 81 68 32
137 81 70 32
137 81 71 32
137 81 77 32
137 81 81 32
137 81 83 32
137 81 86 32
137 81 87 32
137 81 89 32
137 81 92 32
137 81 94 32
137 81 103 32
137 81 104 32
137 81 110 32
137 81 117 32
137 81 121 32
137 81 124 32
137 81 129 32
137 81 135 32
137 83 18 24
137 83 44 24
137 83 99 24
137 83 109 24
137 85 31 32
137 85 84 32
137 85 85 32
137 85 91 32
137 85 108 32
137 85 114 32
137 85 131 32
137 85 134 32
137 86 73 24
137 86 76 24
137 86 122 24
137 86 128 24
137 89 16 24
137 89 19 24
137 89 60 24
137 89 101 24
137 90 21 32
137 90 57 32
137 90 70 32
137 90 85 32
137 90 92 32
137 90 108 32
137 90 124 32
137 90 125 32
137 91 21 24
137 91 24 24
137 91 40 24
137 91 124 24
137 97 11 32
137 97 16 32
137 97 25 32
137 97 30 32
137 97 32 32
137 97 60 32
137 97 88 32
137 97 123 32
137 100 27 24
137 100 66 24
137 100 79 24
137 100 111 24
137 102 42 24
137 102 62 24
137 102 75 24
137 102 95 24
137 105 5 24
137 105 27 24
137 105 55 24
137 105 66 24
137 105 75 24
137 105 91 24
137 105 95 24
137 105 134 24
137 106 2 32
137 106 5 32
137 106 11 32
137 106 16 32
137 106 19 32
137 106 24 32
137 106 25 32
137 106 26 32
137 106 27 32
137 106 30 32
137 106 32 32
137 106 37 32
137 106 40 32
137 106 55 32
137 106 56 32
137 106 58 32
137 106 60 32
137 106 66 32
137 106 69 32
137 106 71 32
137 106 73 32
137 106 90 32
137 106 91 32
137 106 97 32
137 106 100 32
137 106 101 32
137 106 102 32
137 106 110 32
137 106 113 32
137 106 115 32
137 106 122 32
137 106 134 32
137 111 75 24
137 111 85 24
137 111 95 24
137 111 108 24
137 113 7 24
137 113 77 24
137 113 98 24
137 113 121 24
137 114 57 24
137 114 97 24
137 114 113 24
137 114 125 24
137 116 82 24
137 116 86 24
137 116 94 24
137 116 132 24
137 119 11 32
137 119 25 32
137 119 28 32
137 119 36 32
137 119 44 32
137 119 93 32
137 119 109 32
137 119 118 32
137 120 13 24
137 120 21 24
137 120 41 24
137 120 75 24
137 120 95 24
137 120 116 24
137 120 124 24
137 120 127 24
137 123 4 24
137 123 88 24
137 123 103 24
137 123 123 24
137 124 8 32
137 124 16 32
137 124 17 32
137 124 19 32
137 124 30 32
137 124 32 32
137 124 59 32
137 124 60 32
137 124 65 32
137 124 72 32
137 124 78 32
137 124 88 32
137 124 101 32
137 124 120 32
137 124 123 32
137 124 129 32
137 125 30 32
137 125 32 32
137 125 38 32
137 125 44 32
137 125 63 32
137 125 87 32
137 125 109 32
137 125 119 32
137 127 3 24
137 127 31 24
137 127 46 24
137 127 84 24
137 133 5 24
137 133 20 24
137 133 48 24
137 133 55 24
137 134 30 32
137 134 32 32
137 134 76 32
137 134 105 32
137 134 107 32
137 134 112 32
137 134 126 32
137 134 128 32
137 136 17 24
137 136 19 24
137 136 101 24
137 136 129 24
139 1 5 32
139 1 28 32
139 1 34 32
139 1 41 32
139 1 45 32
139 1 52 32
139 1 54 32
139 1 65 32
139 1 77 32
139 1 78 32
139 1 86 32
139 1 117 32
139 1 118 32
139 1 120 32
139 1 121 32
139 1 131 32
139 3 4 32
139 3 6 32
139 3 18 32
139 3 35 32
139 3 41 32
139 3 47 32
139 3 56 32
139 3 71 32
139 3 72 32
139 3 78 32
139 3 85 32
139 3 94 32
139 3 105 32
139 3 110 32
139 3 115 32
139 3 116 32
139 4 33 32
139 4 37 24
139 4 48 32
139 4 52 24
139 4 59 32
139 4 75 32
139 4 76 32
139 4 84 32
139 4 94 32
139 4 105 32
139 4 124 24
139 4 131 24
139 5 60 24
139 5 95 24
139 5 101 24
139 5 128 24
139 7 11 24
139 7 38 24
139 7 41 24
139 7 46 24
139 7 54 24
139 7 78 24
139 7 121 24
139 7 136 24
139 9 7 24
139 9 20 24
139 9 62 24
139 9 66 24
139 9 68 24
139 9 74 24
139 9 92 24
139 9 99 24
139 11 4 24
139 11 6 24
139 11 11 24
139 11 30 24
139 11 35 24
139 11 37 24
139 11 38 24
139 11 41 24
139 11 42 24
139 11 44 24
139 11 51 24
139 11 55 24
139 11 63 24
139 11 64 24
139 11 65 24
139 11 67 24
139 11 77 24
139 11 78 24
139 11 79 24
139 11 80 24
139 11 83 24
139 11 86 24
139 11 91 24
139 11 96 24
139 11 106 24
139 11 116 24
139 11 117 24
139 11 118 24
139 11 120 24
139 11 124 24
139 11 125 24
139 11 129 24
139 12 2 24
139 12 25 24
139 12 54 24
139 12 61 24
139 12 70 24
139 12 89 24
139 12 98 24
139 12 121 24
139 14 50 32
139 14 88 32
139 14 104 32
139 14 109 32
139 14 114 32
139 14 119 32
139 14 132 32
139 14 135 32
139 16 6 24
139 16 7 24
139 16 9 24
139 16 17 24
139 16 18 24
139 16 20 24
139 16 21 24
139 16 26 24
139 16 31 24
139 16 46 24
139 16 52 24
139 16 53 24
139 16 60 24
139 16 65 24
139 16 67 24
139 16 77 24
139 16 83 24
139 16 85 24
139 16 88 24
139 16 90 24
139 16 95 24
139 16 108 24
139 16 109 24
139 16 110 24
139 16 115 24
139 16 116 24
139 16 117 24
139 16 120 24
139 16 123 24
139 16 130 24
139 16 131 24
139 16 136 24
139 17 5 32
139 17 24 32
139 17 27 32
139 17 28 32
139 17 29 32
139 17 54 32
139 17 62 32
139 17 74 32
139 17 88 32
139 17 103 32
139 17 109 32
139 17 110 32
139 17 115 32
139 17 117 32
139 17 120 32
139 17 121 32
139 18 2 32
139 18 3 32
139 18 15 32
139 18 19 32
139 18 22 32
139 18 43 32
139 18 62 32
139 18 68 32
139 18 70 32
139 18 74 32
139 18 92 32
139 18 93 32
139 18 97 32
139 18 101 32
139 18 102 32
139 18 128 32
139 19 12 24
139 19 26 24
139 19 58 24
139 19 62 24
139 19 74 24
139 19 75 24
139 19 76 24
139 19 123 24
139 20 5 24
139 20 8 24
139 20 28 24
139 20 63 24
139 20 64 24
139 20 87 24
139 20 108 24
139 20 130 24
139 21 8 24
139 21 50 24
139 21 87 24
139 21 88 24
139 21 108 24
139 21 109 24
139 21 114 24
139 21 130 24
139 23 17 24
139 23 21 24
139 23 33 24
139 23 53 24
139 23 56 24
139 23 59 24
139 23 60 24
139 23 72 24
139 23 90 24
139 23 95 24
139 23 104 24
139 23 110 24
139 23 115 24
139 23 119 24
139 23 132 24
139 23 135 24
139 24 17 24
139 24 26 24
139 24 40 24
139 24 43 24
139 24 73 24
139 24 90 24
139 24 97 24
139 24 123 24
139 27 12 32
139 27 18 32
139 27 19 32
139 27 21 32
139 27 22 32
139 27 33 32
139 27 53 32
139 27 58 32
139 27 59 32
139 27 60 32
139 27 75 32
139 27 76 32
139 27 85 32
139 27 94 32
139 27 95 32
139 27 105 32
139 28 4 24
139 28 35 24
139 28 36 24
139 28 112 24
139 29 9 32
139 29 31 32
139 29 69 32
139 29 117 32
139 29 120 32
139 29 125 32
139 29 129 32
139 29 137 32
139 32 6 24
139 32 7 24
139 32 9 24
139 32 16 24
139 32 20 24
139 32 24 24
139 32 29 24
139 32 31 24
139 32 34 24
139 32 41 24
139 32 45 24
139 32 46 24
139 32 52 24
139 32 54 24
139 32 57 24
139 32 66 24
139 32 67 24
139 32 78 24
139 32 83 24
139 32 86 24
139 32 99 24
139 32 100 24
139 32 113 24
139 32 116 24
139 32 117 24
139 32 118 24
139 32 120 24
139 32 121 24
139 32 125 24
139 32 129 24
139 32 131 24
139 32 136 24
139 33 5 24
139 33 21 24
139 33 28 24
139 33 53 24
139 33 67 24
139 33 83 24
139 33 88 24
139 33 109 24
139 34 52 32
139 34 57 32
139 34 67 32
139 34 83 32
139 34 86 32
139 34 100 32
139 34 118 32
139 34 131 32
139 35 13 32
139 35 30 32
139 35 37 32
139 35 51 32
139 35 86 32
139 35 107 32
139 35 118 32
139 35 124 32
139 36 8 32
139 36 19 32
139 36 22 32
139 36 24 32
139 36 25 32
139 36 29 32
139 36 48 32
139 36 60 32
139 36 63 32
139 36 64 32
139 36 67 32
139 36 83 32
139 36 84 32
139 36 87 32
139 36 89 32
139 36 95 32
139 39 26 24
139 39 33 24
139 39 49 24
139 39 59 24
139 39 66 24
139 39 99 24
139 39 122 24
139 39 123 24
139 40 6 24
139 40 24 24
139 40 25 24
139 40 29 24
139 40 37 24
139 40 89 24
139 40 116 24
139 40 124 24
139 41 12 24
139 41 24 24
139 41 29 24
139 41 32 24
139 41 41 24
139 41 58 24
139 41 78 24
139 41 126 24
139 42 3 24
139 42 17 24
139 42 27 24
139 42 32 24
139 42 43 24
139 42 62 24
139 42 74 24
139 42 90 24
139 42 93 24
139 42 94 24
139 42 97 24
139 42 103 24
139 42 105 24
139 42 119 24
139 42 126 24
139 42 132 24
139 43 9 32
139 43 17 32
139 43 18 32
139 43 31 32
139 43 37 32
139 43 43 32
139 43 54 32
139 43 67 32
139 43 83 32
139 43 85 32
139 43 90 32
139 43 97 32
139 43 104 32
139 43 121 32
139 43 124 32
139 43 135 32
139 44 34 24
139 44 36 24
139 44 45 24
139 44 49 24
139 44 57 24
139 44 100 24
139 44 112 24
139 44 122 24
139 45 8 32
139 45 18 32
139 45 26 32
139 45 32 32
139 45 81 24
139 45 85 32
139 45 87 32
139 45 123 32
139 45 125 24
139 45 126 32
139 45 127 24
139 45 129 24
139 50 11 24
139 50 38 24
139 50 54 24
139 50 121 24
139 52 6 24
139 52 116 24
139 52 125 24
139 52 129 24
139 55 43 32
139 55 61 32
139 55 97 32
139 55 98 32
139 55 108 32
139 55 111 32
139 55 130 32
139 55 134 32
139 58 3 24
139 58 4 24
139 58 7 24
139 58 8 24
139 58 9 24
139 58 12 24
139 58 13 24
139 58 16 24
139 58 18 24
139 58 20 24
139 58 31 24
139 58 35 24
139 58 39 24
139 58 43 24
139 58 46 24
139 58 58 24
139 58 60 24
139 58 65 24
139 58 66 24
139 58 75 24
139 58 76 24
139 58 77 24
139 58 82 24
139 58 85 24
139 58 87 24
139 58 93 24
139 58 95 24
139 58 97 24
139 58 99 24
139 58 107 24
139 58 113 24
139 58 136 24
139 60 3 32
139 60 10 32
139 60 11 32
139 60 14 32
139 60 38 32
139 60 47 32
139 60 48 32
139 60 63 32
139 60 64 32
139 60 71 32
139 60 84 32
139 60 93 32
139 60 104 32
139 60 117 32
139 60 120 32
139 60 135 32
139 61 9 32
139 61 23 24
139 61 27 24
139 61 31 32
139 61 36 32
139 61 42 32
139 61 86 32
139 61 96 32
139 61 103 24
139 61 112 32
139 61 118 32
139 61 133 24
139 62 30 24
139 62 51 24
139 62 55 24
139 62 91 24
139 63 75 24
139 63 76 24
139 63 94 24
139 63 105 24
139 64 8 32
139 64 18 32
139 64 23 32
139 64 52 24
139 64 80 24
139 64 85 32
139 64 87 32
139 64 106 24
139 64 108 32
139 64 130 32
139 64 131 24
139 64 133 32
139 67 8 32
139 67 19 32
139 67 22 32
139 67 23 32
139 67 27 32
139 67 50 32
139 67 56 32
139 67 72 32
139 67 87 32
139 67 103 32
139 67 108 32
139 67 110 32
139 67 114 32
139 67 115 32
139 67 130 32
139 67 133 32
139 69 2 32
139 69 3 32
139 69 27 32
139 69 43 32
139 69 48 32
139 69 50 32
139 69 56 32
139 69 60 32
139 69 70 32
139 69 72 32
139 69 84 32
139 69 93 32
139 69 95 32
139 69 97 32
139 69 103 32
139 69 114 32
139 70 25 32
139 70 36 32
139 70 42 32
139 70 44 32
139 70 46 32
139 70 55 32
139 70 67 32
139 70 69 32
139 70 79 32
139 70 83 32
139 70 89 32
139 70 91 32
139 70 96 32
139 70 112 32
139 70 136 32
139 70 137 32
139 72 6 32
139 72 9 32
139 72 24 32
139 72 25 32
139 72 29 32
139 72 31 32
139 72 36 32
139 72 52 32
139 72 67 32
139 72 83 32
139 72 89 32
139 72 112 32
139 72 116 32
139 72 117 32
139 72 120 32
139 72 131 32
139 75 6 32
139 75 8 24
139 75 9 32
139 75 31 32
139 75 33 24
139 75 52 32
139 75 54 32
139 75 59 24
139 75 87 24
139 75 116 32
139 75 121 32
139 75 131 32
139 76 34 24
139 76 45 24
139 76 63 24
139 76 64 24
139 77 48 24
139 77 84 24
139 77 88 24
139 77 109 24
139 78 6 24
139 78 21 32
139 78 27 32
139 78 36 24
139 78 43 32
139 78 53 32
139 78 97 32
139 78 103 32
139 78 108 32
139 78 112 24
139 78 116 24
139 78 130 32
139 79 4 32
139 79 19 32
139 79 22 32
139 79 35 32
139 79 46 32
139 79 55 32
139 79 68 32
139 79 75 32
139 79 76 32
139 79 91 32
139 79 92 32
139 79 101 32
139 79 125 32
139 79 128 32
139 79 129 32
139 79 136 32
139 81 3 24
139 81 26 24
139 81 32 24
139 81 40 24
139 81 42 24
139 81 44 24
139 81 46 24
139 81 52 24
139 81 54 24
139 81 57 24
139 81 62 24
139 81 63 24
139 81 64 24
139 81 73 24
139 81 74 24
139 81 79 24
139 81 81 24
139 81 93 24
139 81 96 24
139 81 100 24
139 81 104 24
139 81 108 24
139 81 119 24
139 81 121 24
139 81 123 24
139 81 126 24
139 81 127 24
139 81 130 24
139 81 131 24
139 81 132 24
139 81 135 24
139 81 136 24
139 84 5 32
139 84 9 32
139 84 28 32
139 84 31 32
139 84 41 32
139 84 42 32
139 84 78 32
139 84 96 32
139 87 10 24
139 87 14 24
139 87 23 24
139 87 133 24
139 89 18 24
139 89 85 24
139 89 101 24
139 89 128 24
139 94 10 24
139 94 12 24
139 94 13 32
139 94 14 24
139 94 16 32
139 94 52 32
139 94 54 32
139 94 58 24
139 94 107 32
139 94 113 32
139 94 121 32
139 94 131 32
139 95 17 24
139 95 27 24
139 95 39 24
139 95 82 24
139 95 90 24
139 95 94 24
139 95 103 24
139 95 105 24
139 96 4 32
139 96 15 32
139 96 18 32
139 96 35 32
139 96 42 32
139 96 49 32
139 96 54 32
139 96 56 32
139 96 72 32
139 96 85 32
139 96 96 32
139 96 102 32
139 96 108 32
139 96 121 32
139 96 122 32
139 96 130 32
139 97 7 24
139 97 13 24
139 97 20 24
139 97 34 24
139 97 36 24
139 97 42 24
139 97 45 24
139 97 46 24
139 97 49 24
139 97 65 24
139 97 77 24
139 97 96 24
139 97 107 24
139 97 112 24
139 97 122 24
139 97 136 24
139 98 13 24
139 98 61 24
139 98 81 24
139 98 98 24
139 98 107 24
139 98 110 24
139 98 115 24
139 98 127 24
139 99 15 24
139 99 23 24
139 99 50 24
139 99 102 24
139 99 110 24
139 99 114 24
139 99 115 24
139 99 133 24
139 100 16 24
139 100 17 24
139 100 40 24
139 100 73 24
139 100 80 24
139 100 90 24
139 100 106 24
139 100 113 24
139 103 44 32
139 103 50 32
139 103 52 32
139 103 55 32
139 103 56 32
139 103 72 32
139 103 75 32
139 103 76 32
139 103 79 32
139 103 91 32
139 103 110 32
139 103 114 32
139 103 115 32
139 103 117 32
139 103 120 32
139 103 131 32
139 104 15 32
139 104 21 32
139 104 32 32
139 104 53 32
139 104 88 32
139 104 102 32
139 104 109 32
139 104 126 32
139 105 8 32
139 105 21 32
139 105 39 32
139 105 53 32
139 105 56 32
139 105 72 32
139 105 82 32
139 105 87 32
139 106 30 24
139 106 51 24
139 106 56 24
139 106 72 24
139 106 86 24
139 106 111 24
139 106 118 24
139 106 134 24
139 107 3 24
139 107 8 24
139 107 10 24
139 107 14 24
139 107 18 24
139 107 19 24
139 107 21 24
139 107 22 24
139 107 23 24
139 107 26 24
139 107 39 24
139 107 40 24
139 107 53 24
139 107 56 24
139 107 61 24
139 107 72 24
139 107 73 24
139 107 82 24
139 107 85 24
139 107 87 24
139 107 93 24
139 107 94 24
139 107 98 24
139 107 105 24
139 107 108 24
139 107 110 24
139 107 115 24
139 107 119 24
139 107 123 24
139 107 130 24
139 107 132 24
139 107 133 24
139 110 2 32
139 110 10 32
139 110 14 32
139 110 19 32
139 110 22 32
139 110 70 32
139 110 108 32
139 110 130 32
139 111 27 24
139 111 103 24
139 111 104 24
139 111 135 24
139 112 34 32
139 112 44 32
139 112 45 32
139 112 54 32
139 112 63 32
139 112 64 32
139 112 79 32
139 112 80 32
139 112 81 32
139 112 86 32
139 112 106 32
139 112 117 32
139 112 118 32
139 112 120 32
139 112 121 32
139 112 127 32
139 115 16 24
139 115 42 24
139 115 49 24
139 115 66 24
139 115 96 24
139 115 99 24
139 115 113 24
139 115 122 24
139 116 4 24
139 116 7 24
139 116 20 24
139 116 24 24
139 116 29 24
139 116 35 24
139 116 44 24
139 116 49 24
139 116 67 24
139 116 79 24
139 116 80 24
139 116 83 24
139 116 86 24
139 116 106 24
139 116 118 24
139 116 122 24
139 118 9 24
139 118 25 24
139 118 30 24
139 118 31 24
139 118 51 24
139 118 52 24
139 118 89 24
139 118 131 24
139 119 9 24
139 119 31 24
139 119 52 24
139 119 75 24
139 119 76 24
139 119 111 24
139 119 131 24
139 119 134 24
139 120 16 24
139 120 63 24
139 120 64 24
139 120 65 24
139 120 77 24
139 120 81 24
139 120 113 24
139 120 127 24
139 121 11 32
139 121 37 32
139 121 38 32
139 121 42 32
139 121 46 32
139 121 47 32
139 121 65 32
139 121 69 32
139 121 71 32
139 121 77 32
139 121 96 32
139 121 117 32
139 121 120 32
139 121 124 32
139 121 136 32
139 121 137 32
139 122 18 32
139 122 19 32
139 122 22 32
139 122 24 32
139 122 29 32
139 122 30 32
139 122 36 32
139 122 51 32
139 122 65 32
139 122 77 32
139 122 85 32
139 122 110 32
139 122 111 32
139 122 112 32
139 122 115 32
139 122 134 32
139 123 3 24
139 123 8 24
139 123 9 24
139 123 16 24
139 123 19 24
139 123 22 24
139 123 23 24
139 123 24 24
139 123 29 24
139 123 30 24
139 123 31 24
139 123 44 24
139 123 49 24
139 123 51 24
139 123 54 24
139 123 56 24
139 123 62 24
139 123 72 24
139 123 74 24
139 123 79 24
139 123 86 24
139 123 87 24
139 123 93 24
139 123 108 24
139 123 113 24
139 123 118 24
139 123 119 24
139 123 121 24
139 123 122 24
139 123 130 24
139 123 132 24
139 123 133 24
139 125 4 32
139 125 7 32
139 125 20 32
139 125 25 32
139 125 30 32
139 125 35 32
139 125 51 32
139 125 89 32
139 127 18 24
139 127 41 24
139 127 50 24
139 127 69 24
139 127 78 24
139 127 85 24
139 127 114 24
139 127 137 24
139 128 10 24
139 128 14 24
139 128 15 24
139 128 19 24
139 128 21 24
139 128 22 24
139 128 23 24
139 128 33 24
139 128 43 24
139 128 48 24
139 128 53 24
139 128 56 24
139 128 59 24
139 128 60 24
139 128 61 24
139 128 62 24
139 128 72 24
139 128 74 24
139 128 75 24
139 128 76 24
139 128 84 24
139 128 88 24
139 128 95 24
139 128 97 24
139 128 98 24
139 128 101 24
139 128 102 24
139 128 104 24
139 128 109 24
139 128 128 24
139 128 133 24
139 128 135 24
139 130 40 24
139 130 47 24
139 130 65 24
139 130 71 24
139 130 73 24
139 130 77 24
139 130 119 24
139 130 132 24
139 132 3 24
139 132 18 24
139 132 61 24
139 132 85 24
139 132 93 24
139 132 98 24
139 132 101 24
139 132 128 24
139 134 11 24
139 134 38 24
139 134 44 24
139 134 79 24
139 135 8 24
139 135 15 24
139 135 34 32
139 135 45 32
139 135 55 32
139 135 63 32
139 135 64 32
139 135 80 32
139 135 87 24
139 135 91 32
139 135 102 24
139 135 106 32
139 136 23 32
139 136 24 32
139 136 29 32
139 136 34 32
139 136 45 32
139 136 54 32
139 136 61 32
139 136 67 32
139 136 68 32
139 136 83 32
139 136 92 32
139 136 98 32
139 136 104 32
139 136 121 32
139 136 133 32
139 136 135 32
139 138 8 32
139 138 18 32
139 138 19 32
139 138 21 32
139 138 22 32
139 138 53 32
139 138 61 32
139 138 62 32
139 138 74 32
139 138 85 32
139 138 87 32
139 138 94 32
139 138 98 32
139 138 105 32
139 138 111 32
139 138 134 32
149 4 40 24
149 4 41 24
149 4 78 24
149 4 128 24
149 5 7 36
149 5 16 36
149 5 28 36
149 5 47 36
149 5 64 36
149 5 121 24
149 5 124 24
149 5 130 36
149 5 133 24
149 5 143 24
149 8 4 36
149 8 6 24
149 8 25 24
149 8 29 24
149 8 36 24
149 8 63 36
149 8 85 36
149 8 112 36
149 8 123 36
149 8 142 36
149 9 11 24
149 9 44 24
149 9 105 24
149 9 122 24
149 11 38 24
149 11 51 24
149 11 62 24
149 11 137 24
149 17 13 24
149 17 23 24
149 17 79 24
149 17 83 24
149 19 34 32
149 19 43 32
149 19 52 32
149 19 57 32
149 19 72 32
149 19 78 32
149 19 89 32
149 19 128 32
149 20 16 24
149 20 26 36
149 20 28 24
149 20 39 24
149 20 76 36
149 20 86 36
149 20 100 36
149 20 107 24
149 20 121 36
149 20 133 36
149 21 20 24
149 21 29 36
149 21 36 36
149 21 42 24
149 21 54 36
149 21 67 36
149 21 69 36
149 21 82 24
149 21 110 24
149 21 129 36
149 24 8 32
149 24 10 32
149 24 12 32
149 24 15 32
149 24 18 32
149 24 21 32
149 24 38 32
149 24 43 32
149 24 44 32
149 24 51 32
149 24 52 32
149 24 56 32
149 24 58 32
149 24 71 32
149 24 72 32
149 24 74 32
149 24 78 32
149 24 79 32
149 24 83 32
149 24 87 32
149 24 89 32
149 24 92 32
149 24 99 32
149 24 105 32
149 24 115 32
149 24 117 32
149 24 128 32
149 24 134 32
149 24 135 32
149 24 139 32
149 24 146 32
149 24 147 32
149 26 4 36
149 26 24 36
149 26 40 24
149 26 41 24
149 26 46 36
149 26 48 24
149 26 59 24
149 26 63 36
149 26 76 36
149 26 79 24
149 26 81 36
149 26 83 24
149 26 98 24
149 26 100 36
149 26 111 24
149 26 112 36
149 26 113 36
149 26 118 36
149 26 120 36
149 26 123 36
149 28 5 36
149 28 18 24
149 28 26 36
149 28 30 36
149 28 42 36
149 28 58 24
149 28 80 36
149 28 86 36
149 28 95 36
149 28 97 24
149 28 98 24
149 28 99 24
149 28 106 24
149 28 110 36
149 28 111 24
149 28 113 36
149 28 120 36
149 28 121 36
149 28 133 36
149 28 146 24
149 29 3 24
149 29 43 24
149 29 50 24
149 29 52 24
149 30 6 36
149 30 22 36
149 30 25 36
149 30 31 24
149 30 42 36
149 30 61 36
149 30 110 36
149 30 124 24
149 30 125 24
149 30 143 24
149 32 3 32
149 32 11 32
149 32 50 32
149 32 62 32
149 32 122 32
149 32 126 32
149 32 136 32
149 32 137 32
149 33 5 32
149 33 6 32
149 33 7 32
149 33 9 32
149 33 19 32
149 33 22 32
149 33 25 32
149 33 26 32
149 33 30 32
149 33 61 32
149 33 64 32
149 33 67 32
149 33 86 32
149 33 102 32
149 33 116 32
149 33 129 32
149 36 3 36
149 36 4 36
149 36 5 36
149 36 9 36
149 36 12 36
149 36 13 36
149 36 19 36
149 36 23 36
149 36 29 36
149 36 30 36
149 36 33 36
149 36 36 36
149 36 46 36
149 36 50 36
149 36 67 36
149 36 68 36
149 36 72 36
149 36 80 36
149 36 81 36
149 36 87 36
149 36 89 36
149 36 90 36
149 36 91 36
149 36 95 36
149 36 96 36
149 36 101 36
149 36 102 36
149 36 103 36
149 36 104 36
149 36 112 36
149 36 116 36
149 36 121 36
149 36 129 36
149 36 131 36
149 36 133 36
149 36 140 36
149 37 4 36
149 37 6 36
149 37 13 24
149 37 22 36
149 37 23 24
149 37 24 36
149 37 25 36
149 37 61 36
149 37 65 24
149 37 94 24
149 37 96 36
149 37 99 24
149 37 104 36
149 37 112 36
149 37 117 24
149 37 118 36
149 37 124 36
149 37 135 24
149 37 143 36
149 37 146 24
149 38 8 32
149 38 40 32
149 38 41 32
149 38 43 32
149 38 52 32
149 38 56 32
149 38 62 32
149 38 137 32
149 39 7 32
149 39 63 32
149 39 64 32
149 39 67 32
149 39 121 32
149 39 123 32
149 39 129 32
149 39 133 32
149 40 17 24
149 40 22 24
149 40 33 36
149 40 47 36
149 40 61 24
149 40 85 36
149 40 114 24
149 40 130 36
149 40 140 36
149 40 142 36
149 41 7 24
149 41 9 36
149 41 20 24
149 41 64 24
149 41 67 36
149 41 76 36
149 41 82 24
149 41 100 36
149 41 116 36
149 41 129 36
149 42 5 32
149 42 12 32
149 42 13 32
149 42 23 32
149 42 30 32
149 42 33 32
149 42 35 32
149 42 37 32
149 42 43 32
149 42 52 32
149 42 55 32
149 42 63 32
149 42 65 32
149 42 78 32
149 42 79 32
149 42 83 32
149 42 84 32
149 42 87 32
149 42 88 32
149 42 90 32
149 42 94 32
149 42 96 32
149 42 101 32
149 42 104 32
149 42 113 32
149 42 120 32
149 42 123 32
149 42 127 32
149 42 128 32
149 42 132 32
149 42 140 32
149 42 145 32
149 43 9 36
149 43 33 36
149 43 37 24
149 43 42 24
149 43 80 36
149 43 95 36
149 43 110 24
149 43 116 36
149 43 140 36
149 43 145 24
149 44 9 36
149 44 10 24
149 44 11 24
149 44 15 24
149 44 24 36
149 44 33 36
149 44 45 36
149 44 46 36
149 44 53 36
149 44 63 36
149 44 65 24
149 44 81 36
149 44 92 24
149 44 94 24
149 44 115 24
149 44 116 36
149 44 118 36
149 44 122 24
149 44 123 36
149 44 140 36
149 45 6 36
149 45 25 36
149 45 33 24
149 45 39 24
149 45 47 36
149 45 107 24
149 45 121 36
149 45 130 36
149 45 133 36
149 45 140 24
149 46 3 36
149 46 4 36
149 46 10 36
149 46 14 36
149 46 15 36
149 46 16 36
149 46 28 36
149 46 29 36
149 46 32 36
149 46 36 36
149 46 37 36
149 46 39 36
149 46 47 36
149 46 50 36
149 46 67 36
149 46 72 36
149 46 80 36
149 46 89 36
149 46 95 36
149 46 96 36
149 46 104 36
149 46 107 36
149 46 112 36
149 46 119 36
149 46 121 36
149 46 124 36
149 46 126 36
149 46 129 36
149 46 130 36
149 46 133 36
149 46 134 36
149 46 136 36
149 46 139 36
149 46 143 36
149 46 144 36
149 46 145 36
149 47 5 36
149 47 19 36
149 47 30 36
149 47 45 36
149 47 53 36
149 47 68 36
149 47 74 24
149 47 85 36
149 47 88 36
149 47 98 24
149 47 102 36
149 47 103 36
149 47 111 24
149 47 117 24
149 47 127 36
149 47 134 24
149 47 135 24
149 47 139 24
149 47 142 36
149 47 147 24
149 48 9 36
149 48 17 24
149 48 20 36
149 48 39 36
149 48 82 36
149 48 107 36
149 48 113 24
149 48 114 24
149 48 116 36
149 48 120 24
149 49 92 24
149 49 115 24
149 49 134 24
149 49 139 24
149 52 74 32
149 52 91 32
149 52 108 32
149 52 109 32
149 52 117 32
149 52 131 32
149 52 135 32
149 52 147 32
149 57 2 36
149 57 7 36
149 57 16 36
149 57 20 36
149 57 28 36
149 57 29 36
149 57 36 36
149 57 37 36
149 57 38 36
149 57 40 36
149 57 41 36
149 57 42 36
149 57 43 36
149 57 51 36
149 57 52 36
149 57 63 36
149 57 64 36
149 57 75 36
149 57 76 36
149 57 82 36
149 57 85 36
149 57 96 36
149 57 100 36
149 57 104 36
149 57 110 36
149 57 113 36
149 57 117 36
149 57 120 36
149 57 121 36
149 57 123 36
149 57 133 36
149 57 134 36
149 57 135 36
149 57 139 36
149 57 142 36
149 57 145 36
149 59 12 32
149 59 38 32
149 59 40 32
149 59 41 32
149 59 51 32
149 59 55 32
149 59 84 32
149 59 87 32
149 60 2 36
149 60 6 36
149 60 7 36
149 60 12 36
149 60 19 36
149 60 25 36
149 60 26 36
149 60 33 36
149 60 34 36
149 60 39 36
149 60 44 36
149 60 46 36
149 60 54 36
149 60 55 36
149 60 57 36
149 60 60 36
149 60 63 36
149 60 64 36
149 60 69 36
149 60 75 36
149 60 76 36
149 60 77 36
149 60 81 36
149 60 84 36
149 60 86 36
149 60 87 36
149 60 88 36
149 60 96 36
149 60 100 36
149 60 102 36
149 60 104 36
149 60 105 36
149 60 107 36
149 60 123 36
149 60 127 36
149 60 140 36
149 61 43 24
149 61 52 24
149 61 74 24
149 61 147 24
149 62 26 32
149 62 54 32
149 62 69 32
149 62 80 32
149 62 85 32
149 62 86 32
149 62 95 32
149 62 142 32
149 64 5 36
149 64 7 36
149 64 8 36
149 64 16 36
149 64 24 36
149 64 26 36
149 64 28 36
149 64 30 36
149 64 31 36
149 64 37 36
149 64 45 36
149 64 53 36
149 64 56 36
149 64 60 36
149 64 64 36
149 64 65 36
149 64 67 36
149 64 74 36
149 64 76 36
149 64 77 36
149 64 80 36
149 64 86 36
149 64 94 36
149 64 95 36
149 64 96 36
149 64 99 36
149 64 100 36
149 64 104 36
149 64 117 36
149 64 118 36
149 64 125 36
149 64 129 36
149 64 135 36
149 64 145 36
149 64 146 36
149 64 147 36
149 65 3 32
149 65 5 32
149 65 11 32
149 65 19 32
149 65 22 32
149 65 26 32
149 65 27 32
149 65 29 32
149 65 30 32
149 65 36 32
149 65 42 32
149 65 50 32
149 65 54 32
149 65 60 32
149 65 61 32
149 65 63 32
149 65 69 32
149 65 77 32
149 65 86 32
149 65 93 32
149 65 97 32
149 65 102 32
149 65 106 32
149 65 108 32
149 65 109 32
149 65 110 32
149 65 117 32
149 65 122 32
149 65 123 32
149 65 135 32
149 65 138 32
149 65 141 32
149 67 13 32
149 67 23 32
149 67 38 32
149 67 40 32
149 67 41 32
149 67 51 32
149 67 126 32
149 67 136 32
149 69 6 24
149 69 25 24
149 69 31 36
149 69 46 36
149 69 67 36
149 69 80 24
149 69 81 36
149 69 95 24
149 69 125 36
149 69 129 36
149 70 62 24
149 70 91 24
149 70 131 24
149 70 137 24
149 71 7 36
149 71 10 24
149 71 15 24
149 71 20 36
149 71 22 36
149 71 39 36
149 71 46 36
149 71 61 36
149 71 64 36
149 71 67 36
149 71 81 36
149 71 82 36
149 71 90 24
149 71 91 24
149 71 97 24
149 71 101 24
149 71 106 24
149 71 107 36
149 71 129 36
149 71 131 24
149 73 12 36
149 73 16 36
149 73 17 36
149 73 24 36
149 73 27 36
149 73 28 36
149 73 29 36
149 73 33 36
149 73 35 36
149 73 36 36
149 73 37 36
149 73 38 36
149 73 47 36
149 73 51 36
149 73 65 36
149 73 80 36
149 73 85 36
149 73 87 36
149 73 88 36
149 73 91 36
149 73 94 36
149 73 95 36
149 73 114 36
149 73 118 36
149 73 119 36
149 73 127 36
149 73 130 36
149 73 131 36
149 73 132 36
149 73 134 36
149 73 138 36
149 73 139 36
149 73 140 36
149 73 142 36
149 73 144 36
149 73 145 36
149 74 26 24
149 74 49 36
149 74 67 36
149 74 73 36
149 74 86 24
149 74 119 36
149 74 121 24
149 74 129 36
149 74 133 24
149 74 144 36
149 75 5 36
149 75 16 24
149 75 20 36
149 75 28 24
149 75 30 36
149 75 63 24
149 75 76 36
149 75 82 36
149 75 100 36
149 75 123 24
149 76 4 36
149 76 5 36
149 76 7 36
149 76 9 36
149 76 10 36
149 76 11 36
149 76 15 36
149 76 17 36
149 76 18 36
149 76 19 36
149 76 22 36
149 76 30 36
149 76 31 36
149 76 35 36
149 76 54 36
149 76 55 36
149 76 58 36
149 76 61 36
149 76 62 36
149 76 64 36
149 76 69 36
149 76 84 36
149 76 98 36
149 76 102 36
149 76 111 36
149 76 112 36
149 76 113 36
149 76 114 36
149 76 116 36
149 76 120 36
149 76 121 36
149 76 122 36
149 76 125 36
149 76 132 36
149 76 133 36
149 76 137 36
149 78 18 24
149 78 20 36
149 78 42 36
149 78 43 24
149 78 48 24
149 78 52 24
149 78 58 24
149 78 59 24
149 78 67 36
149 78 68 36
149 78 82 36
149 78 85 36
149 78 88 36
149 78 103 36
149 78 110 36
149 78 127 36
149 78 129 36
149 78 134 24
149 78 139 24
149 78 142 36
149 79 12 24
149 79 18 24
149 79 58 24
149 79 87 24
149 80 20 36
149 80 24 36
149 80 54 24
149 80 68 36
149 80 69 24
149 80 82 36
149 80 103 36
149 80 118 36
149 80 124 24
149 80 143 24
149 82 13 32
149 82 23 32
149 82 98 32
149 82 108 32
149 82 109 32
149 82 111 32
149 82 126 32
149 82 136 32
149 84 8 32
149 84 11 32
149 84 14 32
149 84 26 32
149 84 27 32
149 84 32 32
149 84 39 32
149 84 40 32
149 84 41 32
149 84 43 32
149 84 47 32
149 84 52 32
149 84 56 32
149 84 63 32
149 84 72 32
149 84 80 32
149 84 86 32
149 84 88 32
149 84 89 32
149 84 95 32
149 84 99 32
149 84 107 32
149 84 113 32
149 84 119 32
149 84 120 32
149 84 122 32
149 84 123 32
149 84 127 32
149 84 130 32
149 84 138 32
149 84 144 32
149 84 146 32
149 85 2 36
149 85 3 36
149 85 4 36
149 85 14 36
149 85 20 36
149 85 24 36
149 85 31 36
149 85 32 36
149 85 45 36
149 85 49 36
149 85 50 36
149 85 53 36
149 85 54 36
149 85 55 36
149 85 63 36
149 85 69 36
149 85 72 36
149 85 73 36
149 85 75 36
149 85 82 36
149 85 84 36
149 85 85 36
149 85 89 36
149 85 93 36
149 85 96 36
149 85 104 36
149 85 112 36
149 85 118 36
149 85 119 36
149 85 121 36
149 85 123 36
149 85 125 36
149 85 133 36
149 85 141 36
149 85 142 36
149 85 144 36
149 87 7 32
149 87 54 32
149 87 63 32
149 87 64 32
149 87 69 32
149 87 80 32
149 87 95 32
149 87 123 32
149 88 2 24
149 88 75 24
149 88 97 24
149 88 106 24
149 89 9 36
149 89 22 36
149 89 26 36
149 89 42 36
149 89 44 36
149 89 45 36
149 89 47 36
149 89 49 36
149 89 53 36
149 89 61 36
149 89 62 36
149 89 63 36
149 89 65 36
149 89 68 36
149 89 72 36
149 89 73 36
149 89 74 36
149 89 80 36
149 89 85 36
149 89 86 36
149 89 89 36
149 89 92 36
149 89 94 36
149 89 95 36
149 89 103 36
149 89 105 36
149 89 110 36
149 89 115 36
149 89 116 36
149 89 123 36
149 89 124 36
149 89 130 36
149 89 137 36
149 89 142 36
149 89 143 36
149 89 147 36
149 90 62 32
149 90 65 32
149 90 94 32
149 90 98 32
149 90 108 32
149 90 109 32
149 90 111 32
149 90 137 32
149 92 4 36
149 92 7 36
149 92 10 36
149 92 14 36
149 92 15 36
149 92 16 36
149 92 26 36
149 92 28 36
149 92 29 36
149 92 32 36
149 92 36 36
149 92 39 36
149 92 45 36
149 92 49 36
149 92 53 36
149 92 64 36
149 92 67 36
149 92 73 36
149 92 74 36
149 92 85 36
149 92 86 36
149 92 97 36
149 92 98 36
149 92 106 36
149 92 107 36
149 92 108 36
149 92 109 36
149 92 111 36
149 92 112 36
149 92 113 36
149 92 120 36
149 92 121 36
149 92 129 36
149 92 133 36
149 92 142 36
149 92 147 36
149 97 2 32
149 97 14 32
149 97 18 32
149 97 32 32
149 97 40 32
149 97 41 32
149 97 58 32
149 97 75 32
149 100 10 24
149 100 15 24
149 100 34 24
149 100 57 24
149 101 29 24
149 101 33 36
149 101 35 24
149 101 36 24
149 101 42 36
149 101 67 36
149 101 110 36
149 101 129 36
149 101 132 24
149 101 140 36
149 102 2 24
149 102 7 36
149 102 10 24
149 102 14 24
149 102 15 24
149 102 22 36
149 102 32 24
149 102 38 24
149 102 46 36
149 102 47 36
149 102 51 24
149 102 61 36
149 102 64 36
149 102 75 24
149 102 81 36
149 102 96 36
149 102 104 36
149 102 119 36
149 102 130 36
149 102 144 36
149 103 4 36
149 103 5 36
149 103 6 36
149 103 10 36
149 103 13 36
149 103 15 36
149 103 16 36
149 103 19 36
149 103 20 36
149 103 23 36
149 103 25 36
149 103 28 36
149 103 30 36
149 103 37 36
149 103 42 36
149 103 45 36
149 103 53 36
149 103 54 36
149 103 60 36
149 103 69 36
149 103 77 36
149 103 82 36
149 103 99 36
149 103 102 36
149 103 110 36
149 103 112 36
149 103 113 36
149 103 117 36
149 103 120 36
149 103 121 36
149 103 133 36
149 103 134 36
149 103 135 36
149 103 139 36
149 103 145 36
149 103 146 36
149 104 9 24
149 104 16 36
149 104 19 36
149 104 28 36
149 104 42 24
149 104 102 36
149 104 110 24
149 104 116 24
149 104 124 36
149 104 143 36
149 105 9 36
149 105 26 36
149 105 27 24
149 105 31 36
149 105 33 36
149 105 34 24
149 105 55 24
149 105 57 24
149 105 68 36
149 105 84 24
149 105 86 36
149 105 96 36
149 105 103 36
149 105 104 36
149 105 116 36
149 105 125 36
149 105 134 24
149 105 138 24
149 105 139 24
149 105 140 36
149 106 4 24
149 106 9 36
149 106 33 36
149 106 39 24
149 106 54 36
149 106 69 36
149 106 107 24
149 106 112 24
149 106 116 36
149 106 140 36
149 107 4 32
149 107 9 32
149 107 17 32
149 107 21 32
149 107 22 32
149 107 26 32
149 107 29 32
149 107 36 32
149 107 45 32
149 107 48 32
149 107 53 32
149 107 55 32
149 107 59 32
149 107 61 32
149 107 62 32
149 107 65 32
149 107 66 32
149 107 70 32
149 107 71 32
149 107 84 32
149 107 86 32
149 107 94 32
149 107 97 32
149 107 106 32
149 107 112 32
149 107 114 32
149 107 116 32
149 107 119 32
149 107 126 32
149 107 136 32
149 107 137 32
149 107 144 32
149 108 20 36
149 108 33 36
149 108 49 36
149 108 67 24
149 108 73 36
149 108 82 36
149 108 85 24
149 108 129 24
149 108 140 36
149 108 142 24
149 109 7 36
149 109 9 36
149 109 19 36
149 109 35 24
149 109 64 36
149 109 88 24
149 109 102 36
149 109 116 36
149 109 127 24
149 109 132 24
149 110 16 32
149 110 20 32
149 110 26 32
149 110 28 32
149 110 82 32
149 110 85 32
149 110 86 32
149 110 142 32
149 111 12 32
149 111 87 32
149 111 93 32
149 111 97 32
149 111 106 32
149 111 108 32
149 111 109 32
149 111 141 32
149 112 3 24
149 112 6 36
149 112 14 24
149 112 25 36
149 112 31 36
149 112 32 24
149 112 37 36
149 112 45 36
149 112 50 24
149 112 53 36
149 112 55 24
149 112 84 24
149 112 88 36
149 112 124 36
149 112 125 36
149 112 126 24
149 112 127 36
149 112 136 24
149 112 143 36
149 112 145 36
149 113 9 36
149 113 16 36
149 113 18 36
149 113 20 36
149 113 28 36
149 113 33 36
149 113 37 36
149 113 45 36
149 113 46 36
149 113 47 36
149 113 48 36
149 113 53 36
149 113 54 36
149 113 58 36
149 113 59 36
149 113 60 36
149 113 62 36
149 113 68 36
149 113 69 36
149 113 77 36
149 113 81 36
149 113 82 36
149 113 99 36
149 113 103 36
149 113 113 36
149 113 116 36
149 113 119 36
149 113 120 36
149 113 126 36
149 113 130 36
149 113 136 36
149 113 137 36
149 113 140 36
149 113 144 36
149 113 145 36
149 113 146 36
149 116 20 32
149 116 33 32
149 116 47 32
149 116 63 32
149 116 82 32
149 116 85 32
149 116 88 32
149 116 119 32
149 116 123 32
149 116 124 32
149 116 127 32
149 116 130 32
149 116 140 32
149 116 142 32
149 116 143 32
149 116 144 32
149 117 12 32
149 117 13 32
149 117 23 32
149 117 27 32
149 117 87 32
149 117 99 32
149 117 138 32
149 117 146 32
149 119 6 24
149 119 24 24
149 119 25 24
149 119 39 36
149 119 88 36
149 119 107 36
149 119 118 24
149 119 124 36
149 119 127 36
149 119 143 36
149 120 97 24
149 120 99 24
149 120 106 24
149 120 146 24
149 121 3 24
149 121 16 36
149 121 28 36
149 121 29 36
149 121 36 36
149 121 38 24
149 121 39 36
149 121 43 24
149 121 50 24
149 121 51 24
149 121 52 24
149 121 54 36
149 121 63 36
149 121 69 36
149 121 91 24
149 121 107 36
149 121 119 36
149 121 123 36
149 121 131 24
149 121 144 36
149 123 26 36
149 123 29 36
149 123 31 36
149 123 36 36
149 123 37 36
149 123 38 24
149 123 49 36
149 123 51 24
149 123 66 24
149 123 68 36
149 123 70 24
149 123 73 36
149 123 86 36
149 123 90 24
149 123 101 24
149 123 103 36
149 123 108 24
149 123 109 24
149 123 125 36
149 123 145 36
149 125 2 32
149 125 3 32
149 125 10 32
149 125 14 32
149 125 15 32
149 125 21 32
149 125 32 32
149 125 34 32
149 125 44 32
149 125 50 32
149 125 57 32
149 125 60 32
149 125 62 32
149 125 66 32
149 125 70 32
149 125 71 32
149 125 75 32
149 125 77 32
149 125 78 32
149 125 91 32
149 125 93 32
149 125 97 32
149 125 98 32
149 125 105 32
149 125 106 32
149 125 111 32
149 125 128 32
149 125 131 32
149 125 134 32
149 125 137 32
149 125 139 32
149 125 141 32
149 128 20 36
149 128 39 24
149 128 67 24
149 128 80 36
149 128 82 36
149 128 95 36
149 128 107 24
149 128 113 36
149 128 120 36
149 128 129 24
149 129 16 36
149 129 28 36
149 129 42 24
149 129 49 36
149 129 63 36
149 129 73 36
149 129 110 24
149 129 121 24
149 129 123 36
149 129 133 24
149 130 21 32
149 130 60 32
149 130 71 32
149 130 77 32
149 130 92 32
149 130 97 32
149 130 106 32
149 130 115 32
149 132 66 24
149 132 70 24
149 132 126 24
149 132 136 24
149 138 12 24
149 138 87 24
149 138 98 24
149 138 111 24
149 140 27 24
149 140 44 24
149 140 105 24
149 140 138 24
149 141 7 36
149 141 26 36
149 141 37 36
149 141 64 36
149 141 86 36
149 141 113 24
149 141 120 24
149 141 124 24
149 141 143 24
149 141 145 36
149 144 6 24
149 144 16 24
149 144 19 36
149 144 25 24
149 144 28 24
149 144 85 36
149 144 102 36
149 144 121 36
149 144 133 36
149 144 142 36
149 145 21 24
149 145 71 24
149 145 108 24
149 145 109 24
151 5 9 36
151 5 12 24
151 5 37 36
151 5 49 36
151 5 59 36
151 5 62 36
151 5 63 24
151 5 64 36
151 5 66 24
151 5 75 24
151 5 81 36
151 5 84 36
151 5 88 36
151 5 95 36
151 5 110 36
151 5 115 24
151 5 130 24
151 5 135 24
151 5 139 36
151 5 149 24
151 8 5 32
151 8 9 32
151 8 18 24
151 8 31 36
151 8 37 24
151 8 39 36
151 8 42 24
151 8 44 32
151 8 49 24
151 8 58 32
151 8 69 36
151 8 74 36
151 8 84 32
151 8 100 36
151 8 116 36
151 8 121 32
151 8 127 32
151 8 138 32
151 14 41 24
151 14 67 24
151 14 70 24
151 14 142 24
151 15 3 36
151 15 35 24
151 15 41 36
151 15 65 32
151 15 70 36
151 15 79 32
151 15 82 24
151 15 87 32
151 15 92 32
151 15 101 36
151 15 111 36
151 15 113 32
151 15 115 24
151 15 117 36
151 15 130 24
151 15 132 32
151 15 143 32
151 15 147 32
151 16 43 24
151 16 88 24
151 16 139 24
151 16 144 24
151 17 83 24
151 17 87 24
151 17 92 24
151 17 131 24
151 20 2 24
151 20 8 24
151 20 14 36
151 20 18 36
151 20 19 24
151 20 42 36
151 20 54 36
151 20 60 24
151 20 67 24
151 20 73 24
151 20 74 36
151 20 76 24
151 20 100 36
151 20 111 36
151 20 117 36
151 20 123 36
151 20 124 36
151 20 132 36
151 20 142 24
151 20 143 36
151 27 8 24
151 27 9 24
151 27 11 24
151 27 18 24
151 27 19 24
151 27 20 24
151 27 29 24
151 27 32 24
151 27 34 24
151 27 37 24
151 27 40 24
151 27 42 24
151 27 43 24
151 27 45 24
151 27 47 24
151 27 49 24
151 27 55 24
151 27 59 24
151 27 62 24
151 27 64 24
151 27 68 24
151 27 69 24
151 27 81 24
151 27 84 24
151 27 95 24
151 27 105 24
151 27 110 24
151 27 116 24
151 27 118 24
151 27 125 24
151 27 128 24
151 27 144 24
151 29 25 24
151 29 43 24
151 29 144 24
151 29 145 24
151 32 20 24
151 32 50 24
151 32 68 24
151 32 148 24
151 35 6 32
151 35 7 24
151 35 13 24
151 35 24 24
151 35 27 32
151 35 28 32
151 35 30 24
151 35 53 32
151 35 57 32
151 35 60 32
151 35 65 24
151 35 71 24
151 35 73 32
151 35 79 24
151 35 87 24
151 35 92 24
151 35 93 24
151 35 107 24
151 35 108 24
151 35 111 24
151 35 117 24
151 35 126 32
151 35 134 24
151 35 146 24
151 36 3 36
151 36 14 36
151 36 17 24
151 36 18 24
151 36 30 36
151 36 42 24
151 36 52 36
151 36 53 36
151 36 54 36
151 36 57 36
151 36 61 36
151 36 75 36
151 36 78 24
151 36 80 24
151 36 91 24
151 36 97 24
151 36 101 36
151 36 137 24
151 36 146 36
151 36 149 36
151 37 5 32
151 37 16 36
151 37 18 24
151 37 20 24
151 37 25 32
151 37 42 24
151 37 45 32
151 37 47 32
151 37 68 24
151 37 72 36
151 37 78 36
151 37 85 36
151 37 86 36
151 37 91 36
151 37 121 32
151 37 123 32
151 37 124 32
151 37 145 32
151 38 6 36
151 38 18 24
151 38 42 24
151 38 43 24
151 38 48 24
151 38 56 36
151 38 62 36
151 38 72 36
151 38 86 36
151 38 89 36
151 38 90 36
151 38 95 36
151 38 99 36
151 38 104 24
151 38 106 24
151 38 126 36
151 38 129 24
151 38 132 36
151 38 143 36
151 38 144 24
151 41 6 24
151 41 17 24
151 41 23 36
151 41 26 36
151 41 33 24
151 41 46 36
151 41 50 36
151 41 74 36
151 41 78 36
151 41 80 24
151 41 91 36
151 41 100 36
151 41 111 36
151 41 117 36
151 41 119 24
151 41 122 36
151 41 123 24
151 41 124 24
151 41 126 24
151 41 148 36
151 42 7 36
151 42 16 24
151 42 23 36
151 42 46 36
151 42 58 24
151 42 62 24
151 42 66 36
151 42 71 36
151 42 81 24
151 42 85 24
151 42 95 24
151 42 102 36
151 42 108 36
151 42 110 24
151 42 111 36
151 42 114 36
151 42 117 36
151 42 134 36
151 42 135 36
151 42 138 24
151 43 7 36
151 43 12 32
151 43 15 36
151 43 41 24
151 43 60 32
151 43 63 32
151 43 65 32
151 43 66 24
151 43 70 24
151 43 73 32
151 43 79 32
151 43 104 36
151 43 106 36
151 43 108 36
151 43 112 32
151 43 120 32
151 43 135 24
151 43 141 36
151 45 11 24
151 45 12 36
151 45 14 36
151 45 17 24
151 45 30 36
151 45 31 24
151 45 33 36
151 45 39 24
151 45 54 36
151 45 55 24
151 45 63 36
151 45 80 24
151 45 112 36
151 45 113 36
151 45 119 36
151 45 120 36
151 45 123 24
151 45 124 24
151 45 146 36
151 45 147 36
151 48 8 32
151 48 9 32
151 48 11 32
151 48 16 32
151 48 19 32
151 48 20 24
151 48 21 24
151 48 31 24
151 48 32 24
151 48 36 24
151 48 39 24
151 48 43 24
151 48 50 24
151 48 55 32
151 48 68 24
151 48 81 24
151 48 84 32
151 48 85 32
151 48 88 24
151 48 110 24
151 48 118 24
151 48 139 24
151 48 144 24
151 48 148 24
151 50 3 24
151 50 8 24
151 50 19 24
151 50 22 24
151 50 24 24
151 50 29 24
151 50 31 24
151 50 33 24
151 50 39 24
151 50 44 24
151 50 52 24
151 50 61 24
151 50 62 24
151 50 71 24
151 50 72 24
151 50 86 24
151 50 95 24
151 50 96 24
151 50 101 24
151 50 103 24
151 50 104 24
151 50 106 24
151 50 107 24
151 50 119 24
151 50 123 24
151 50 124 24
151 50 125 24
151 50 127 24
151 50 132 24
151 50 134 24
151 50 140 24
151 50 143 24
151 53 10 24
151 53 11 24
151 53 55 24
151 53 136 24
151 54 8 32
151 54 10 32
151 54 19 32
151 54 34 32
151 54 40 32
151 54 44 32
151 54 58 32
151 54 78 32
151 54 91 32
151 54 94 32
151 54 98 32
151 54 105 32
151 54 127 32
151 54 128 32
151 54 136 32
151 54 138 32
151 55 9 36
151 55 10 36
151 55 14 24
151 55 23 24
151 55 25 36
151 55 30 24
151 55 43 36
151 55 46 24
151 55 52 24
151 55 54 24
151 55 58 36
151 55 61 24
151 55 74 36
151 55 84 36
151 55 100 36
151 55 136 36
151 55 138 36
151 55 144 36
151 55 145 36
151 55 146 24
151 57 3 24
151 57 5 24
151 57 6 24
151 57 14 24
151 57 20 24
151 57 25 24
151 57 31 24
151 57 33 24
151 57 39 24
151 57 52 24
151 57 54 24
151 57 61 24
151 57 68 24
151 57 72 24
151 57 86 24
151 57 87 24
151 57 90 24
151 57 92 24
151 57 94 24
151 57 98 24
151 57 99 24
151 57 101 24
151 57 105 24
151 57 109 24
151 57 112 24
151 57 119 24
151 57 120 24
151 57 121 24
151 57 126 24
151 57 128 24
151 57 133 24
151 57 145 24
151 58 13 24
151 58 21 36
151 58 29 24
151 58 34 24
151 58 35 36
151 58 36 36
151 58 40 24
151 58 66 36
151 58 69 36
151 58 82 36
151 58 93 24
151 58 105 36
151 58 109 24
151 58 111 36
151 58 116 36
151 58 117 36
151 58 125 24
151 58 128 36
151 58 133 24
151 58 135 36
151 60 10 24
151 60 16 36
151 60 24 36
151 60 30 24
151 60 32 36
151 60 41 36
151 60 58 36
151 60 67 36
151 60 70 36
151 60 85 36
151 60 96 24
151 60 107 36
151 60 118 36
151 60 123 24
151 60 124 24
151 60 136 24
151 60 138 36
151 60 140 24
151 60 142 36
151 60 146 24
151 62 6 32
151 62 12 32
151 62 26 32
151 62 27 24
151 62 28 24
151 62 41 32
151 62 52 24
151 62 61 24
151 62 63 32
151 62 67 36
151 62 70 32
151 62 75 36
151 62 96 36
151 62 122 32
151 62 126 32
151 62 140 36
151 62 142 36
151 62 149 36
151 63 11 32
151 63 16 32
151 63 26 32
151 63 44 32
151 63 55 32
151 63 66 32
151 63 83 32
151 63 85 32
151 63 97 32
151 63 109 32
151 63 122 32
151 63 127 32
151 63 131 32
151 63 133 32
151 63 135 32
151 63 137 32
151 65 2 24
151 65 6 36
151 65 9 24
151 65 14 24
151 65 15 36
151 65 16 36
151 65 33 36
151 65 50 36
151 65 54 24
151 65 76 24
151 65 84 24
151 65 85 36
151 65 88 36
151 65 96 24
151 65 119 36
151 65 126 36
151 65 139 36
151 65 140 24
151 65 141 36
151 65 148 36
151 67 7 32
151 67 13 32
151 67 15 32
151 67 27 24
151 67 28 24
151 67 41 36
151 67 53 24
151 67 57 24
151 67 70 36
151 67 93 32
151 67 102 36
151 67 104 36
151 67 106 36
151 67 108 32
151 67 114 36
151 67 115 32
151 67 130 32
151 67 141 32
151 68 6 24
151 68 7 24
151 68 14 24
151 68 23 24
151 68 27 24
151 68 28 24
151 68 35 24
151 68 46 24
151 68 48 24
151 68 51 24
151 68 54 24
151 68 56 24
151 68 60 24
151 68 66 24
151 68 73 24
151 68 77 24
151 68 82 24
151 68 89 24
151 68 96 24
151 68 104 24
151 68 106 24
151 68 108 24
151 68 109 24
151 68 111 24
151 68 115 24
151 68 117 24
151 68 126 24
151 68 129 24
151 68 130 24
151 68 133 24
151 68 135 24
151 68 140 24
151 70 3 36
151 70 15 36
151 70 20 24
151 70 31 24
151 70 39 24
151 70 41 36
151 70 50 24
151 70 60 36
151 70 68 24
151 70 69 24
151 70 70 36
151 70 73 36
151 70 83 36
151 70 101 36
151 70 104 36
151 70 106 36
151 70 116 24
151 70 131 36
151 70 141 36
151 70 148 24
151 72 17 32
151 72 78 32
151 72 80 32
151 72 91 32
151 72 97 32
151 72 123 32
151 72 124 32
151 72 137 32
151 79 14 32
151 79 27 32
151 79 28 32
151 79 54 32
151 79 60 32
151 79 71 32
151 79 73 32
151 79 134 32
151 81 3 24
151 81 10 36
151 81 20 36
151 81 35 24
151 81 45 36
151 81 47 36
151 81 50 36
151 81 68 36
151 81 78 36
151 81 81 36
151 81 82 24
151 81 83 24
151 81 91 36
151 81 101 24
151 81 110 36
151 81 112 24
151 81 120 24
151 81 131 24
151 81 136 36
151 81 148 36
151 83 11 24
151 83 16 24
151 83 18 24
151 83 21 24
151 83 22 24
151 83 25 24
151 83 34 24
151 83 36 24
151 83 40 24
151 83 42 24
151 83 43 24
151 83 45 24
151 83 47 24
151 83 55 24
151 83 62 24
151 83 69 24
151 83 74 24
151 83 78 24
151 83 85 24
151 83 91 24
151 83 95 24
151 83 97 24
151 83 100 24
151 83 103 24
151 83 105 24
151 83 116 24
151 83 123 24
151 83 124 24
151 83 128 24
151 83 137 24
151 83 144 24
151 83 145 24
151 84 10 32
151 84 21 32
151 84 36 32
151 84 37 36
151 84 43 32
151 84 45 36
151 84 47 36
151 84 49 36
151 84 58 32
151 84 81 36
151 84 94 24
151 84 98 24
151 84 110 36
151 84 123 24
151 84 124 24
151 84 136 32
151 84 138 32
151 84 144 32
151 86 3 36
151 86 10 36
151 86 11 24
151 86 12 36
151 86 25 36
151 86 32 36
151 86 55 24
151 86 63 36
151 86 66 36
151 86 67 24
151 86 75 24
151 86 97 24
151 86 101 36
151 86 118 36
151 86 135 36
151 86 136 36
151 86 137 24
151 86 142 24
151 86 145 36
151 86 149 24
151 88 14 32
151 88 16 32
151 88 18 32
151 88 20 32
151 88 24 32
151 88 29 32
151 88 42 32
151 88 54 32
151 88 66 32
151 88 68 32
151 88 85 32
151 88 96 32
151 88 107 32
151 88 125 32
151 88 135 32
151 88 140 32
151 89 2 36
151 89 9 36
151 89 11 36
151 89 25 32
151 89 29 32
151 89 55 36
151 89 76 36
151 89 81 32
151 89 84 36
151 89 88 32
151 89 90 24
151 89 99 24
151 89 110 32
151 89 123 24
151 89 124 24
151 89 125 32
151 89 139 32
151 89 145 32
151 91 5 24
151 91 9 36
151 91 11 24
151 91 13 36
151 91 15 24
151 91 27 24
151 91 28 24
151 91 33 36
151 91 44 36
151 91 55 24
151 91 66 36
151 91 81 36
151 91 84 36
151 91 93 36
151 91 110 36
151 91 119 36
151 91 121 24
151 91 127 36
151 91 135 36
151 91 141 24
151 93 16 36
151 93 18 24
151 93 23 36
151 93 26 24
151 93 34 36
151 93 35 36
151 93 40 36
151 93 42 24
151 93 46 36
151 93 58 24
151 93 69 36
151 93 82 36
151 93 85 36
151 93 111 24
151 93 115 36
151 93 116 36
151 93 117 24
151 93 122 24
151 93 130 36
151 93 138 24
151 94 6 24
151 94 18 24
151 94 23 24
151 94 25 24
151 94 30 24
151 94 31 24
151 94 32 24
151 94 39 24
151 94 42 24
151 94 46 24
151 94 50 24
151 94 52 24
151 94 53 24
151 94 57 24
151 94 59 24
151 94 61 24
151 94 64 24
151 94 65 24
151 94 79 24
151 94 83 24
151 94 90 24
151 94 97 24
151 94 99 24
151 94 112 24
151 94 118 24
151 94 120 24
151 94 126 24
151 94 131 24
151 94 137 24
151 94 145 24
151 94 146 24
151 94 148 24
151 96 5 24
151 96 6 36
151 96 7 36
151 96 13 36
151 96 15 36
151 96 51 36
151 96 67 36
151 96 77 36
151 96 90 24
151 96 93 36
151 96 97 24
151 96 99 24
151 96 105 24
151 96 108 36
151 96 121 24
151 96 126 36
151 96 128 24
151 96 137 24
151 96 141 36
151 96 142 36
151 97 13 32
151 97 15 32
151 97 23 32
151 97 24 32
151 97 46 32
151 97 53 32
151 97 57 32
151 97 60 32
151 97 73 32
151 97 93 32
151 97 107 32
151 97 111 32
151 97 117 32
151 97 132 32
151 97 141 32
151 97 143 32
151 98 15 24
151 98 96 24
151 98 140 24
151 98 141 24
151 101 8 24
151 101 11 24
151 101 17 24
151 101 19 24
151 101 24 24
151 101 26 24
151 101 27 24
151 101 28 24
151 101 32 24
151 101 44 24
151 101 45 24
151 101 47 24
151 101 48 24
151 101 50 24
151 101 55 24
151 101 56 24
151 101 65 24
151 101 79 24
151 101 80 24
151 101 89 24
151 101 90 24
151 101 99 24
151 101 107 24
151 101 112 24
151 101 118 24
151 101 120 24
151 101 122 24
151 101 127 24
151 101 129 24
151 101 132 24
151 101 143 24
151 101 148 24
151 103 3 24
151 103 7 24
151 103 12 24
151 103 33 24
151 103 41 24
151 103 63 24
151 103 66 32
151 103 67 32
151 103 70 24
151 103 83 24
151 103 96 32
151 103 101 24
151 103 108 24
151 103 112 24
151 103 115 24
151 103 119 24
151 103 120 24
151 103 130 24
151 103 131 24
151 103 132 32
151 103 135 32
151 103 140 32
151 103 142 32
151 103 143 32
151 106 4 36
151 106 5 36
151 106 27 24
151 106 28 24
151 106 31 36
151 106 32 36
151 106 38 36
151 106 39 36
151 106 71 24
151 106 88 36
151 106 96 24
151 106 97 36
151 106 112 24
151 106 118 36
151 106 120 24
151 106 121 36
151 106 134 24
151 106 137 36
151 106 139 36
151 106 140 24
151 108 10 36
151 108 16 24
151 108 31 32
151 108 39 32
151 108 43 36
151 108 45 36
151 108 47 36
151 108 72 32
151 108 78 32
151 108 81 24
151 108 85 24
151 108 86 32
151 108 88 32
151 108 91 32
151 108 110 24
151 108 136 36
151 108 139 32
151 108 144 36
151 109 13 24
151 109 16 36
151 109 17 36
151 109 34 36
151 109 37 36
151 109 40 36
151 109 41 24
151 109 43 36
151 109 49 36
151 109 56 24
151 109 66 24
151 109 70 24
151 109 80 36
151 109 85 36
151 109 89 24
151 109 93 24
151 109 105 36
151 109 128 36
151 109 135 24
151 109 144 36
151 110 3 36
151 110 25 24
151 110 27 24
151 110 28 24
151 110 29 36
151 110 32 24
151 110 34 36
151 110 40 36
151 110 51 36
151 110 60 36
151 110 71 24
151 110 73 36
151 110 77 36
151 110 101 36
151 110 105 36
151 110 118 24
151 110 125 36
151 110 128 36
151 110 134 24
151 110 145 24
151 113 7 24
151 113 8 36
151 113 19 36
151 113 22 24
151 113 25 36
151 113 45 24
151 113 47 24
151 113 52 36
151 113 56 36
151 113 61 36
151 113 62 36
151 113 65 36
151 113 79 36
151 113 89 36
151 113 95 36
151 113 103 24
151 113 108 24
151 113 109 24
151 113 133 24
151 113 145 36
151 114 6 32
151 114 27 32
151 114 28 32
151 114 30 32
151 114 60 36
151 114 65 36
151 114 66 36
151 114 73 36
151 114 79 36
151 114 83 24
151 114 104 32
151 114 106 32
151 114 109 24
151 114 126 32
151 114 131 24
151 114 133 24
151 114 135 36
151 114 146 32
151 115 2 36
151 115 5 36
151 115 14 24
151 115 50 36
151 115 54 24
151 115 60 24
151 115 71 24
151 115 73 24
151 115 76 36
151 115 90 36
151 115 94 36
151 115 97 36
151 115 98 36
151 115 99 36
151 115 109 24
151 115 121 36
151 115 133 24
151 115 134 24
151 115 137 36
151 115 148 36
151 116 5 24
151 116 17 24
151 116 25 32
151 116 34 24
151 116 40 24
151 116 43 24
151 116 44 24
151 116 58 24
151 116 59 24
151 116 64 24
151 116 72 24
151 116 78 32
151 116 80 24
151 116 86 24
151 116 91 32
151 116 94 32
151 116 98 32
151 116 121 24
151 116 123 32
151 116 124 32
151 116 127 24
151 116 138 24
151 116 144 24
151 116 145 32
151 119 3 24
151 119 83 24
151 119 101 24
151 119 131 24
151 122 6 24
151 122 7 24
151 122 108 24
151 122 126 24
151 124 7 24
151 124 23 24
151 124 26 24
151 124 33 24
151 124 35 24
151 124 41 24
151 124 46 24
151 124 56 24
151 124 67 24
151 124 70 24
151 124 82 24
151 124 83 24
151 124 87 24
151 124 89 24
151 124 92 24
151 124 96 24
151 124 102 24
151 124 104 24
151 124 106 24
151 124 108 24
151 124 109 24
151 124 111 24
151 124 114 24
151 124 117 24
151 124 119 24
151 124 122 24
151 124 131 24
151 124 132 24
151 124 133 24
151 124 140 24
151 124 142 24
151 124 143 24
151 131 8 36
151 131 9 24
151 131 19 36
151 131 27 36
151 131 28 36
151 131 34 36
151 131 40 36
151 131 51 36
151 131 75 24
151 131 77 36
151 131 78 24
151 131 84 24
151 131 91 24
151 131 97 36
151 131 109 36
151 131 132 24
151 131 133 36
151 131 137 36
151 131 143 24
151 131 149 24
151 134 20 24
151 134 59 24
151 134 64 24
151 134 68 24
151 135 7 24
151 135 12 24
151 135 63 24
151 135 108 24
151 136 4 32
151 136 8 32
151 136 19 32
151 136 21 24
151 136 34 36
151 136 36 24
151 136 38 32
151 136 40 36
151 136 50 36
151 136 59 32
151 136 64 32
151 136 69 24
151 136 72 32
151 136 81 36
151 136 86 32
151 136 110 36
151 136 116 24
151 136 148 36
151 137 9 24
151 137 81 24
151 137 84 24
151 137 110 24
151 143 13 32
151 143 24 32
151 143 30 32
151 143 35 36
151 143 51 36
151 143 67 32
151 143 77 36
151 143 82 36
151 143 93 32
151 143 102 24
151 143 107 32
151 143 109 24
151 143 112 36
151 143 114 24
151 143 120 36
151 143 133 24
151 143 142 32
151 143 146 32
151 146 2 24
151 146 12 36
151 146 16 24
151 146 21 24
151 146 36 24
151 146 41 36
151 146 56 36
151 146 63 36
151 146 67 36
151 146 70 36
151 146 76 24
151 146 85 24
151 146 87 36
151 146 88 24
151 146 89 36
151 146 92 36
151 146 102 36
151 146 114 36
151 146 139 24
151 146 142 36
157 3 15 32
157 3 21 32
157 3 23 32
157 3 41 32
157 3 66 32
157 3 69 32
157 3 85 32
157 3 133 32
157 5 61 24
157 5 103 24
157 5 125 24
157 5 139 24
157 8 4 24
157 8 16 36
157 8 27 36
157 8 31 24
157 8 64 36
157 8 76 24
157 8 108 36
157 8 109 36
157 8 118 24
157 8 121 36
157 9 4 36
157 9 17 36
157 9 37 36
157 9 51 36
157 9 117 36
157 9 118 36
157 10 22 24
157 10 50 24
157 10 85 24
157 10 133 24
157 12 2 24
157 12 3 36
157 12 10 36
157 12 13 36
157 12 18 24
157 12 39 36
157 12 40 36
157 12 42 36
157 12 53 24
157 12 77 24
157 12 79 24
157 12 80 24
157 12 86 36
157 12 96 24
157 12 104 24
157 12 105 36
157 12 106 36
157 12 110 36
157 12 145 36
157 12 153 36
157 16 3 24
157 16 16 36
157 16 36 36
157 16 48 36
157 16 56 36
157 16 93 24
157 16 105 24
157 16 108 36
157 16 130 24
157 16 143 36
157 18 22 32
157 18 43 32
157 18 50 32
157 18 84 32
157 18 98 32
157 18 102 32
157 18 137 32
157 18 149 32
157 19 8 32
157 19 43 32
157 19 59 32
157 19 66 32
157 19 69 32
157 19 84 32
157 19 92 32
157 19 128 32
157 21 5 32
157 21 24 32
157 21 43 32
157 21 63 32
157 21 66 32
157 21 69 32
157 21 72 32
157 21 84 32
157 23 9 24
157 23 14 24
157 23 16 24
157 23 19 24
157 23 33 24
157 23 35 24
157 23 39 24
157 23 40 24
157 23 101 24
157 23 106 24
157 23 108 24
157 23 120 24
157 23 124 24
157 23 138 24
157 23 140 24
157 23 153 24
157 27 73 24
157 27 114 24
157 27 116 24
157 27 134 24
157 28 9 36
157 28 11 36
157 28 27 36
157 28 35 36
157 28 64 36
157 28 100 36
157 31 9 24
157 31 12 36
157 31 25 36
157 31 35 24
157 31 44 36
157 31 46 36
157 31 81 24
157 31 99 36
157 31 126 24
157 31 144 36
157 34 22 32
157 34 43 32
157 34 50 32
157 34 78 32
157 34 84 32
157 34 88 32
157 34 91 32
157 34 155 32
157 35 13 36
157 35 23 24
157 35 27 36
157 35 34 24
157 35 41 24
157 35 58 36
157 35 64 36
157 35 70 24
157 35 83 24
157 35 93 36
157 35 97 24
157 35 102 24
157 35 111 36
157 35 120 36
157 35 122 36
157 35 130 36
157 35 137 24
157 35 140 36
157 35 145 36
157 35 148 36
157 36 9 36
157 36 15 36
157 36 21 36
157 36 30 36
157 36 33 36
157 36 35 36
157 36 42 36
157 36 46 36
157 36 49 36
157 36 60 36
157 36 61 36
157 36 67 36
157 36 68 36
157 36 71 36
157 36 75 36
157 36 78 36
157 36 85 36
157 36 86 36
157 36 89 36
157 36 93 36
157 36 94 36
157 36 99 36
157 36 115 36
157 36 120 36
157 36 122 36
157 36 123 36
157 36 127 36
157 36 130 36
157 36 133 36
157 36 138 36
157 36 139 36
157 36 140 36
157 36 141 36
157 36 148 36
157 36 152 36
157 36 155 36
157 39 2 32
157 39 28 32
157 39 79 32
157 39 102 32
157 39 103 32
157 39 125 32
157 39 129 32
157 39 137 32
157 40 5 32
157 40 15 32
157 40 21 32
157 40 43 32
157 40 53 32
157 40 63 32
157 40 80 32
157 40 84 32
157 41 13 36
157 41 25 24
157 41 30 36
157 41 44 24
157 41 52 36
157 41 89 36
157 41 122 24
157 41 145 36
157 41 148 24
157 41 154 36
157 44 4 36
157 44 18 24
157 44 19 36
157 44 29 24
157 44 40 36
157 44 43 24
157 44 56 36
157 44 65 24
157 44 74 24
157 44 84 24
157 44 87 24
157 44 93 36
157 44 96 24
157 44 106 36
157 44 113 36
157 44 118 36
157 44 124 36
157 44 130 36
157 44 132 36
157 44 143 36
157 45 2 24
157 45 23 24
157 45 41 24
157 45 79 24
157 48 3 36
157 48 10 36
157 48 13 24
157 48 30 36
157 48 40 24
157 48 89 36
157 48 105 36
157 48 106 24
157 48 110 36
157 48 145 24
157 50 5 24
157 50 6 24
157 50 8 24
157 50 15 24
157 50 21 24
157 50 22 24
157 50 24 24
157 50 29 24
157 50 50 24
157 50 59 24
157 50 60 24
157 50 61 24
157 50 63 24
157 50 65 24
157 50 70 24
157 50 72 24
157 50 78 24
157 50 83 24
157 50 85 24
157 50 92 24
157 50 102 24
157 50 116 24
157 50 123 24
157 50 128 24
157 50 131 24
157 50 133 24
157 50 134 24
157 50 136 24
157 50 137 24
157 50 139 24
157 50 142 24
157 50 155 24
157 51 26 24
157 51 94 24
157 51 151 24
157 51 152 24
157 53 98 24
157 53 112 24
157 53 149 24
157 53 150 24
157 55 6 32
157 55 20 32
157 55 55 32
157 55 92 32
157 55 94 32
157 55 128 32
157 55 131 32
157 55 152 32
157 57 4 36
157 57 5 36
157 57 10 36
157 57 14 36
157 57 19 36
157 57 22 36
157 57 29 36
157 57 31 36
157 57 39 36
157 57 42 36
157 57 47 36
157 57 50 36
157 57 57 36
157 57 58 36
157 57 63 36
157 57 65 36
157 57 68 36
157 57 74 36
157 57 76 36
157 57 86 36
157 57 87 36
157 57 93 36
157 57 95 36
157 57 101 36
157 57 102 36
157 57 110 36
157 57 111 36
157 57 118 36
157 57 119 36
157 57 124 36
157 57 127 36
157 57 130 36
157 57 137 36
157 57 146 36
157 57 147 36
157 57 153 36
157 58 17 36
157 58 37 36
157 58 68 36
157 58 109 36
157 58 121 36
157 58 127 36
157 60 18 24
157 60 70 24
157 60 83 24
157 60 96 24
157 62 4 24
157 62 11 36
157 62 31 36
157 62 42 36
157 62 57 24
157 62 76 36
157 62 86 36
157 62 100 36
157 62 118 24
157 62 146 24
157 65 25 36
157 65 44 36
157 65 49 36
157 65 71 36
157 65 115 36
157 65 141 36
157 71 2 36
157 71 7 36
157 71 10 36
157 71 12 36
157 71 13 36
157 71 14 36
157 71 15 36
157 71 16 36
157 71 18 36
157 71 21 36
157 71 27 36
157 71 31 36
157 71 33 36
157 71 36 36
157 71 40 36
157 71 43 36
157 71 45 36
157 71 48 36
157 71 64 36
157 71 76 36
157 71 79 36
157 71 84 36
157 71 93 36
157 71 96 36
157 71 101 36
157 71 103 36
157 71 106 36
157 71 108 36
157 71 110 36
157 71 113 36
157 71 125 36
157 71 130 36
157 71 132 36
157 71 138 36
157 71 144 36
157 71 145 36
157 74 3 24
157 74 4 24
157 74 13 24
157 74 25 24
157 74 44 24
157 74 47 24
157 74 58 24
157 74 82 24
157 74 90 24
157 74 105 24
157 74 109 24
157 74 111 24
157 74 118 24
157 74 121 24
157 74 145 24
157 74 147 24
157 78 88 24
157 78 91 24
157 78 98 24
157 78 149 24
157 79 8 24
157 79 59 24
157 79 66 24
157 79 69 24
157 83 10 24
157 83 12 24
157 83 36 24
157 83 39 24
157 83 46 24
157 83 48 24
157 83 52 24
157 83 67 24
157 83 75 24
157 83 99 24
157 83 110 24
157 83 113 24
157 83 132 24
157 83 144 24
157 83 153 24
157 83 154 24
157 86 12 36
157 86 13 36
157 86 19 36
157 86 25 36
157 86 27 36
157 86 32 36
157 86 44 36
157 86 47 36
157 86 49 36
157 86 51 36
157 86 54 36
157 86 56 36
157 86 61 36
157 86 64 36
157 86 73 36
157 86 78 36
157 86 81 36
157 86 93 36
157 86 109 36
157 86 112 36
157 86 114 36
157 86 117 36
157 86 121 36
157 86 124 36
157 86 126 36
157 86 130 36
157 86 136 36
157 86 139 36
157 86 141 36
157 86 142 36
157 86 143 36
157 86 144 36
157 86 145 36
157 86 147 36
157 86 150 36
157 86 155 36
157 92 16 36
157 92 42 36
157 92 86 36
157 92 108 36
157 92 113 36
157 92 132 36
157 95 11 24
157 95 39 24
157 95 57 36
157 95 71 36
157 95 81 36
157 95 100 24
157 95 115 36
157 95 126 36
157 95 146 36
157 95 153 24
157 97 61 24
157 97 74 24
157 97 87 24
157 97 139 24
157 99 30 36
157 99 36 36
157 99 48 36
157 99 89 36
157 99 120 36
157 99 140 36
157 100 4 36
157 100 10 36
157 100 11 36
157 100 20 36
157 100 27 36
157 100 30 36
157 100 33 36
157 100 38 36
157 100 39 36
157 100 46 36
157 100 47 36
157 100 55 36
157 100 56 36
157 100 62 36
157 100 64 36
157 100 70 36
157 100 71 36
157 100 81 36
157 100 83 36
157 100 89 36
157 100 92 36
157 100 94 36
157 100 99 36
157 100 100 36
157 100 107 36
157 100 110 36
157 100 115 36
157 100 118 36
157 100 126 36
157 100 128 36
157 100 135 36
157 100 138 36
157 100 143 36
157 100 147 36
157 100 152 36
157 100 153 36
157 102 5 32
157 102 26 32
157 102 29 32
157 102 63 32
157 102 65 32
157 102 102 32
157 102 137 32
157 102 151 32
157 104 7 24
157 104 8 24
157 104 45 24
157 104 59 24
157 106 5 24
157 106 6 24
157 106 63 24
157 106 131 24
157 107 2 24
157 107 15 24
157 107 18 24
157 107 20 24
157 107 21 24
157 107 23 24
157 107 24 24
157 107 26 24
157 107 29 24
157 107 34 24
157 107 41 24
157 107 55 24
157 107 65 24
157 107 72 24
157 107 74 24
157 107 79 24
157 107 85 24
157 107 87 24
157 107 92 24
157 107 94 24
157 107 96 24
157 107 97 24
157 107 98 24
157 107 107 24
157 107 128 24
157 107 133 24
157 107 135 24
157 107 136 24
157 107 142 24
157 107 149 24
157 107 151 24
157 107 152 24
157 109 12 24
157 109 47 36
157 109 51 24
157 109 52 36
157 109 68 36
157 109 117 24
157 109 127 36
157 109 144 24
157 109 147 36
157 109 154 36
157 112 78 24
157 112 116 24
157 112 134 24
157 112 155 24
157 113 14 36
157 113 25 36
157 113 27 36
157 113 33 36
157 113 39 36
157 113 44 36
157 113 51 36
157 113 61 24
157 113 64 36
157 113 70 24
157 113 73 24
157 113 83 24
157 113 92 24
157 113 101 36
157 113 114 24
157 113 117 36
157 113 128 24
157 113 138 36
157 113 139 24
157 113 153 36
157 116 3 36
157 116 9 24
157 116 12 36
157 116 35 24
157 116 68 36
157 116 105 36
157 116 113 24
157 116 127 36
157 116 132 24
157 116 144 36
157 117 73 32
157 117 77 32
157 117 94 32
157 117 104 32
157 117 114 32
157 117 136 32
157 117 142 32
157 117 152 32
157 118 20 32
157 118 28 32
157 118 32 32
157 118 54 32
157 118 55 32
157 118 78 32
157 118 129 32
157 118 155 32
157 121 2 36
157 121 5 36
157 121 9 36
157 121 16 36
157 121 17 36
157 121 18 36
157 121 19 36
157 121 24 36
157 121 27 36
157 121 30 36
157 121 34 36
157 121 35 36
157 121 37 36
157 121 42 36
157 121 58 36
157 121 63 36
157 121 64 36
157 121 68 36
157 121 71 36
157 121 72 36
157 121 79 36
157 121 82 36
157 121 86 36
157 121 89 36
157 121 90 36
157 121 96 36
157 121 97 36
157 121 108 36
157 121 111 36
157 121 115 36
157 121 122 36
157 121 124 36
157 121 127 36
157 121 136 36
157 121 142 36
157 121 148 36
157 122 9 36
157 122 12 36
157 122 17 36
157 122 20 24
157 122 27 36
157 122 35 36
157 122 37 36
157 122 46 36
157 122 55 24
157 122 60 24
157 122 64 36
157 122 74 24
157 122 87 24
157 122 93 36
157 122 99 36
157 122 116 24
157 122 123 24
157 122 130 36
157 122 134 24
157 122 144 36
157 123 2 32
157 123 66 32
157 123 69 32
157 123 73 32
157 123 79 32
157 123 107 32
157 123 114 32
157 123 135 32
157 126 13 36
157 126 31 24
157 126 58 36
157 126 76 24
157 126 111 36
157 126 113 36
157 126 122 24
157 126 132 36
157 126 145 36
157 126 148 24
157 129 57 36
157 129 93 36
157 129 122 36
157 129 130 36
157 129 146 36
157 129 148 36
157 130 23 24
157 130 41 24
157 130 43 24
157 130 84 24
157 134 4 24
157 134 17 24
157 134 19 24
157 134 33 24
157 134 37 24
157 134 49 24
157 134 51 24
157 134 56 24
157 134 117 24
157 134 118 24
157 134 122 24
157 134 124 24
157 134 138 24
157 134 141 24
157 134 143 24
157 134 148 24
157 136 73 32
157 136 85 32
157 136 88 32
157 136 91 32
157 136 94 32
157 136 114 32
157 136 133 32
157 136 152 32
157 138 29 32
157 138 65 32
157 138 73 32
157 138 88 32
157 138 91 32
157 138 98 32
157 138 114 32
157 138 149 32
157 139 8 32
157 139 20 32
157 139 55 32
157 139 59 32
157 139 73 32
157 139 107 32
157 139 114 32
157 139 135 32
157 141 14 36
157 141 27 24
157 141 49 36
157 141 52 24
157 141 64 24
157 141 101 36
157 141 109 36
157 141 121 36
157 141 141 36
157 141 154 24
157 145 4 36
157 145 12 36
157 145 47 36
157 145 51 36
157 145 52 36
157 145 53 24
157 145 61 24
157 145 71 36
157 145 77 24
157 145 78 24
157 145 80 24
157 145 104 24
157 145 115 36
157 145 117 36
157 145 118 36
157 145 139 24
157 145 144 36
157 145 147 36
157 145 154 36
157 145 155 24
157 147 24 24
157 147 72 24
157 147 107 24
157 147 135 24
157 148 39 36
157 148 40 36
157 148 106 36
157 148 120 36
157 148 140 36
157 148 153 36
157 149 36 36
157 149 39 24
157 149 48 36
157 149 49 36
157 149 81 24
157 149 93 36
157 149 126 24
157 149 130 36
157 149 141 36
157 149 153 24
157 152 18 24
157 152 32 24
157 152 54 24
157 152 96 24
157 154 24 32
157 154 72 32
157 154 88 32
157 154 91 32
157 154 116 32
157 154 134 32
157 154 136 32
157 154 142 32
163 3 38 36
163 3 74 36
163 3 93 36
163 3 133 36
163 3 152 36
163 3 156 36
163 4 7 24
163 4 39 32
163 4 46 32
163 4 56 32
163 4 60 32
163 4 70 24
163 4 76 24
163 4 115 32
163 4 131 32
163 4 144 32
163 4 146 32
163 4 148 24
163 7 12 32
163 7 20 32
163 7 32 32
163 7 37 32
163 7 43 24
163 7 60 24
163 7 68 32
163 7 91 24
163 7 106 32
163 7 107 32
163 7 141 32
163 7 144 24
163 8 7 36
163 8 20 24
163 8 28 36
163 8 36 36
163 8 38 24
163 8 44 36
163 8 63 36
163 8 70 36
163 8 74 24
163 8 77 36
163 8 81 36
163 8 95 36
163 8 99 36
163 8 106 24
163 8 122 24
163 8 133 24
163 8 151 36
163 8 152 24
163 8 159 24
163 8 161 36
163 11 8 36
163 11 19 36
163 11 42 36
163 11 66 36
163 11 102 36
163 11 103 36
163 12 2 24
163 12 10 36
163 12 14 36
163 12 18 36
163 12 32 36
163 12 35 36
163 12 39 36
163 12 43 24
163 12 46 36
163 12 49 36
163 12 57 24
163 12 72 36
163 12 82 24
163 12 91 24
163 12 107 36
163 12 120 36
163 12 128 24
163 12 143 24
163 12 149 24
163 12 154 36
163 13 12 24
163 13 16 32
163 13 40 32
163 13 47 32
163 13 51 32
163 13 53 32
163 13 57 32
163 13 68 24
163 13 111 32
163 13 117 24
163 13 124 24
163 13 143 32
163 15 9 36
163 15 14 36
163 15 33 36
163 15 35 36
163 15 39 36
163 15 46 36
163 15 50 24
163 15 60 36
163 15 75 24
163 15 80 24
163 15 84 36
163 15 85 36
163 15 108 24
163 15 110 24
163 15 122 24
163 15 123 24
163 15 140 36
163 15 144 36
163 15 145 36
163 15 159 24
163 18 37 36
163 18 42 36
163 18 66 36
163 18 67 36
163 18 73 36
163 18 141 36
163 19 11 32
163 19 16 24
163 19 44 32
163 19 51 24
163 19 63 32
163 19 89 32
163 19 90 24
163 19 94 32
163 19 96 24
163 19 112 32
163 19 137 32
163 19 147 32
163 20 16 24
163 20 40 24
163 20 47 24
163 20 51 24
163 20 53 24
163 20 54 24
163 20 55 24
163 20 57 24
163 20 60 24
163 20 64 24
163 20 83 24
163 20 111 24
163 20 135 24
163 20 143 24
163 20 144 24
163 20 160 24
163 21 3 24
163 21 11 24
163 21 13 24
163 21 19 24
163 21 29 24
163 21 32 24
163 21 37 24
163 21 45 24
163 21 50 24
163 21 52 24
163 21 67 24
163 21 73 24
163 21 75 24
163 21 80 24
163 21 86 24
163 21 89 24
163 21 92 24
163 21 101 24
163 21 103 24
163 21 107 24
163 21 108 24
163 21 109 24
163 21 110 24
163 21 116 24
163 21 123 24
163 21 127 24
163 21 128 24
163 21 129 24
163 21 138 24
163 21 139 24
163 21 141 24
163 21 149 24
163 22 10 24
163 22 49 24
163 22 56 36
163 22 58 36
163 22 74 36
163 22 88 24
163 22 104 36
163 22 113 24
163 22 131 36
163 22 152 36
163 29 5 24
163 29 16 36
163 29 24 36
163 29 31 24
163 29 34 36
163 29 44 24
163 29 47 36
163 29 51 36
163 29 52 24
163 29 55 36
163 29 56 36
163 29 63 24
163 29 64 36
163 29 83 36
163 29 98 24
163 29 111 36
163 29 116 24
163 29 131 36
163 29 135 36
163 29 142 24
163 31 14 32
163 31 28 24
163 31 35 32
163 31 39 32
163 31 46 32
163 31 54 32
163 31 86 24
163 31 99 24
163 31 115 32
163 31 127 24
163 31 146 32
163 31 160 32
163 32 37 24
163 32 58 32
163 32 60 32
163 32 80 24
163 32 85 32
163 32 104 32
163 32 108 24
163 32 115 32
163 32 140 32
163 32 141 24
163 32 144 32
163 32 146 32
163 33 2 36
163 33 17 36
163 33 20 24
163 33 48 36
163 33 82 36
163 33 106 24
163 33 112 36
163 33 114 24
163 33 147 36
163 33 153 24
163 39 10 32
163 39 23 24
163 39 49 32
163 39 60 32
163 39 74 32
163 39 78 24
163 39 92 24
163 39 93 32
163 39 101 24
163 39 144 32
163 39 152 32
163 39 156 32
163 40 14 36
163 40 35 36
163 40 90 36
163 40 96 36
163 40 118 36
163 40 134 36
163 47 4 32
163 47 16 32
163 47 22 32
163 47 41 32
163 47 51 32
163 47 67 24
163 47 73 24
163 47 85 32
163 47 126 32
163 47 129 24
163 47 139 24
163 47 140 32
163 49 3 36
163 49 23 36
163 49 26 36
163 49 52 36
163 49 55 36
163 49 67 24
163 49 69 36
163 49 73 24
163 49 78 36
163 49 79 24
163 49 83 36
163 49 85 24
163 49 88 24
163 49 97 36
163 49 109 36
163 49 113 24
163 49 116 36
163 49 121 36
163 49 130 24
163 49 140 24
163 53 13 36
163 53 22 36
163 53 38 24
163 53 40 24
163 53 42 24
163 53 52 36
163 53 53 24
163 53 59 24
163 53 65 36
163 53 66 24
163 53 94 36
163 53 95 36
163 53 105 24
163 53 116 36
163 53 126 36
163 53 133 24
163 53 137 36
163 53 138 36
163 53 151 36
163 53 158 36
163 54 8 32
163 54 14 24
163 54 30 32
163 54 35 24
163 54 37 32
163 54 40 24
163 54 44 32
163 54 53 24
163 54 63 32
163 54 102 32
163 54 125 32
163 54 141 32
163 58 11 24
163 58 29 24
163 58 32 24
163 58 39 24
163 58 45 24
163 58 46 24
163 58 58 24
163 58 65 24
163 58 67 24
163 58 73 24
163 58 74 24
163 58 76 24
163 58 80 24
163 58 88 24
163 58 89 24
163 58 90 24
163 58 93 24
163 58 94 24
163 58 96 24
163 58 104 24
163 58 107 24
163 58 108 24
163 58 113 24
163 58 115 24
163 58 128 24
163 58 137 24
163 58 146 24
163 58 148 24
163 58 149 24
163 58 152 24
163 58 156 24
163 58 158 24
163 59 3 36
163 59 14 24
163 59 26 24
163 59 27 36
163 59 28 36
163 59 35 24
163 59 69 24
163 59 90 24
163 59 94 36
163 59 96 24
163 59 99 36
163 59 109 36
163 59 110 36
163 59 115 24
163 59 117 36
163 59 123 36
163 59 124 36
163 59 137 36
163 59 146 24
163 59 157 36
163 64 15 36
163 64 47 36
163 64 87 36
163 64 95 36
163 64 111 36
163 64 151 36
163 68 4 36
163 68 6 36
163 68 13 24
163 68 23 24
163 68 33 36
163 68 41 36
163 68 62 36
163 68 64 36
163 68 71 36
163 68 78 24
163 68 84 36
163 68 86 24
163 68 95 36
163 68 112 24
163 68 127 24
163 68 135 36
163 68 136 36
163 68 138 24
163 68 147 24
163 68 151 36
163 69 14 36
163 69 25 24
163 69 35 36
163 69 47 36
163 69 74 24
163 69 85 36
163 69 111 36
163 69 140 36
163 69 150 24
163 69 152 24
163 72 7 36
163 72 32 24
163 72 70 36
163 72 72 36
163 72 107 24
163 72 110 24
163 72 112 36
163 72 120 36
163 72 123 24
163 72 147 36
163 76 13 36
163 76 23 36
163 76 78 36
163 76 112 36
163 76 138 36
163 76 147 36
163 81 13 24
163 81 15 32
163 81 40 32
163 81 53 32
163 81 60 32
163 81 87 32
163 81 118 32
163 81 122 24
163 81 134 32
163 81 138 24
163 81 144 32
163 81 159 24
163 82 4 24
163 82 19 32
163 82 25 24
163 82 29 32
163 82 41 24
163 82 45 32
163 82 76 32
163 82 103 32
163 82 110 32
163 82 123 32
163 82 148 32
163 82 150 24
163 87 16 36
163 87 25 36
163 87 51 36
163 87 85 36
163 87 140 36
163 87 150 36
163 91 16 36
163 91 40 24
163 91 43 36
163 91 51 36
163 91 53 24
163 91 56 24
163 91 91 36
163 91 93 36
163 91 131 24
163 91 156 36
163 94 11 24
163 94 13 24
163 94 23 36
163 94 52 36
163 94 78 36
163 94 89 24
163 94 116 36
163 94 128 36
163 94 138 24
163 94 149 36
163 95 12 36
163 95 16 24
163 95 25 24
163 95 27 36
163 95 28 36
163 95 36 24
163 95 51 24
163 95 68 36
163 95 77 24
163 95 79 36
163 95 85 24
163 95 92 36
163 95 99 36
163 95 101 36
163 95 122 36
163 95 130 36
163 95 140 24
163 95 150 24
163 95 157 36
163 95 159 36
163 99 12 36
163 99 52 36
163 99 68 36
163 99 76 36
163 99 116 36
163 99 148 36
163 104 6 36
163 104 17 24
163 104 26 36
163 104 39 36
163 104 40 36
163 104 46 36
163 104 48 24
163 104 53 36
163 104 54 36
163 104 64 36
163 104 67 24
163 104 69 36
163 104 73 24
163 104 94 24
163 104 128 24
163 104 135 36
163 104 136 36
163 104 137 24
163 104 149 24
163 104 160 36
163 105 5 24
163 105 7 24
163 105 11 24
163 105 14 24
163 105 15 24
163 105 17 24
163 105 26 24
163 105 35 24
163 105 48 24
163 105 50 24
163 105 55 24
163 105 56 24
163 105 59 24
163 105 67 24
163 105 69 24
163 105 70 24
163 105 73 24
163 105 74 24
163 105 75 24
163 105 83 24
163 105 87 24
163 105 89 24
163 105 90 24
163 105 96 24
163 105 98 24
163 105 105 24
163 105 117 24
163 105 118 24
163 105 124 24
163 105 131 24
163 105 134 24
163 105 152 24
163 109 22 32
163 109 38 32
163 109 61 32
163 109 100 32
163 109 110 24
163 109 119 32
163 109 123 24
163 109 126 32
163 109 128 24
163 109 133 32
163 109 149 24
163 109 155 32
163 110 5 36
163 110 12 36
163 110 25 36
163 110 26 36
163 110 30 24
163 110 37 36
163 110 47 36
163 110 58 24
163 110 68 36
163 110 69 36
163 110 97 24
163 110 98 36
163 110 104 24
163 110 110 24
163 110 111 36
163 110 121 24
163 110 123 24
163 110 125 24
163 110 141 36
163 110 150 36
163 114 23 24
163 114 33 24
163 114 42 36
163 114 47 36
163 114 50 24
163 114 54 36
163 114 66 36
163 114 75 24
163 114 78 24
163 114 80 36
163 114 84 24
163 114 85 36
163 114 90 24
163 114 94 36
163 114 96 24
163 114 108 36
163 114 111 36
163 114 137 36
163 114 140 36
163 114 160 36
163 116 23 32
163 116 24 24
163 116 34 24
163 116 37 32
163 116 78 32
163 116 90 24
163 116 96 24
163 116 112 32
163 116 122 32
163 116 141 32
163 116 147 32
163 116 159 32
163 123 29 36
163 123 45 36
163 123 67 36
163 123 73 36
163 123 128 36
163 123 149 36
163 124 7 32
163 124 11 32
163 124 19 32
163 124 62 24
163 124 70 32
163 124 71 24
163 124 85 24
163 124 89 32
163 124 103 32
163 124 114 32
163 124 140 24
163 124 153 32
163 130 10 24
163 130 16 36
163 130 49 24
163 130 51 36
163 130 57 24
163 130 81 36
163 130 115 36
163 130 143 24
163 130 146 36
163 130 161 36
163 131 17 32
163 131 19 32
163 131 22 24
163 131 23 32
163 131 48 32
163 131 55 24
163 131 59 32
163 131 78 32
163 131 83 24
163 131 103 32
163 131 105 32
163 131 126 24
163 132 3 32
163 132 17 32
163 132 36 24
163 132 48 32
163 132 64 24
163 132 77 24
163 132 109 32
163 132 117 32
163 132 124 32
163 132 128 32
163 132 135 24
163 132 149 32
163 134 21 24
163 134 28 36
163 134 32 36
163 134 47 24
163 134 52 36
163 134 65 24
163 134 80 36
163 134 99 36
163 134 100 24
163 134 107 36
163 134 108 36
163 134 111 24
163 134 112 36
163 134 116 36
163 134 119 24
163 134 129 36
163 134 132 24
163 134 139 36
163 134 147 36
163 134 158 24
163 141 11 36
163 141 32 36
163 141 50 24
163 141 59 36
163 141 75 24
163 141 89 36
163 141 105 36
163 141 107 36
163 141 114 24
163 141 153 24
163 142 14 24
163 142 22 24
163 142 24 24
163 142 25 24
163 142 34 24
163 142 35 24
163 142 36 24
163 142 40 24
163 142 47 24
163 142 53 24
163 142 54 24
163 142 55 24
163 142 56 24
163 142 60 24
163 142 62 24
163 142 71 24
163 142 74 24
163 142 77 24
163 142 83 24
163 142 88 24
163 142 90 24
163 142 96 24
163 142 111 24
163 142 113 24
163 142 118 24
163 142 126 24
163 142 131 24
163 142 134 24
163 142 144 24
163 142 150 24
163 142 152 24
163 142 160 24
163 143 3 24
163 143 19 24
163 143 20 24
163 143 28 24
163 143 52 24
163 143 80 24
163 143 99 24
163 143 103 24
163 143 106 24
163 143 108 24
163 143 109 24
163 143 110 24
163 143 112 24
163 143 116 24
163 143 123 24
163 143 147 24
163 144 16 32
163 144 26 32
163 144 51 32
163 144 67 24
163 144 69 32
163 144 73 24
163 144 74 32
163 144 100 32
163 144 112 24
163 144 119 32
163 144 147 24
163 144 152 32
163 145 22 36
163 145 90 36
163 145 96 36
163 145 97 36
163 145 121 36
163 145 126 36
163 148 4 24
163 148 18 36
163 148 19 36
163 148 23 36
163 148 40 24
163 148 41 24
163 148 53 24
163 148 55 24
163 148 78 36
163 148 79 36
163 148 83 24
163 148 88 24
163 148 103 36
163 148 113 24
163 148 117 36
163 148 124 36
163 148 128 36
163 148 130 36
163 148 149 36
163 148 154 36
163 150 20 32
163 150 39 24
163 150 46 24
163 150 52 32
163 150 95 24
163 150 106 32
163 150 110 32
163 150 112 32
163 150 116 32
163 150 123 32
163 150 147 32
163 150 151 24
163 151 9 36
163 151 14 24
163 151 20 24
163 151 35 24
163 151 43 36
163 151 56 36
163 151 72 24
163 151 81 24
163 151 91 36
163 151 106 24
163 151 114 36
163 151 117 36
163 151 120 24
163 151 124 36
163 151 128 36
163 151 131 36
163 151 145 36
163 151 149 36
163 151 153 36
163 151 161 24
163 152 60 36
163 152 61 36
163 152 97 36
163 152 121 36
163 152 144 36
163 152 155 36
163 155 2 36
163 155 4 24
163 155 11 24
163 155 12 36
163 155 30 24
163 155 41 24
163 155 57 24
163 155 64 36
163 155 68 36
163 155 82 36
163 155 86 36
163 155 89 24
163 155 93 36
163 155 100 36
163 155 119 36
163 155 125 24
163 155 127 36
163 155 135 36
163 155 143 24
163 155 156 36
163 156 19 24
163 156 22 32
163 156 56 32
163 156 57 32
163 156 72 24
163 156 95 32
163 156 103 24
163 156 120 24
163 156 126 32
163 156 131 32
163 156 143 32
163 156 151 32
163 159 15 24
163 159 17 32
163 159 19 32
163 159 32 32
163 159 48 32
163 159 87 24
163 159 93 24
163 159 103 32
163 159 107 32
163 159 117 32
163 159 124 32
163 159 156 24
163 160 7 36
163 160 11 36
163 160 30 36
163 160 70 36
163 160 89 36
163 160 125 36
167 0 20 24
167 0 25 24
167 0 43 24
167 0 66 24
167 0 101 24
167 0 124 24
167 0 142 24
167 0 147 24
167 1 4 24
167 1 7 32
167 1 19 24
167 1 22 32
167 1 24 32
167 1 38 32
167 1 42 24
167 1 44 24
167 1 52 36
167 1 62 32
167 1 70 24
167 1 106 36
167 1 111 36
167 1 122 32
167 1 123 24
167 1 132 32
167 1 136 24
167 1 141 32
167 1 148 24
167 1 153 36
167 1 155 36
167 1 164 36
167 3 7 36
167 3 18 36
167 3 24 36
167 3 65 36
167 3 96 36
167 3 127 36
167 8 8 36
167 8 18 36
167 8 21 36
167 8 58 36
167 8 65 36
167 8 72 36
167 11 36 36
167 11 50 36
167 11 61 36
167 11 115 36
167 11 116 36
167 11 157 36
167 12 9 24
167 12 31 24
167 12 53 24
167 12 86 24
167 12 97 24
167 12 104 24
167 12 130 24
167 12 134 24
167 14 3 32
167 14 4 32
167 14 5 24
167 14 8 32
167 14 10 36
167 14 11 32
167 14 12 32
167 14 13 24
167 14 14 32
167 14 19 36
167 14 20 36
167 14 21 32
167 14 25 24
167 14 29 32
167 14 30 24
167 14 32 24
167 14 39 24
167 14 42 32
167 14 44 36
167 14 47 24
167 14 51 24
167 14 56 32
167 14 60 24
167 14 67 24
167 14 76 32
167 14 85 36
167 14 90 24
167 14 96 32
167 14 102 24
167 14 103 24
167 14 108 32
167 14 112 36
167 14 117 36
167 14 127 32
167 14 128 36
167 14 129 36
167 14 131 24
167 14 137 36
167 14 142 36
167 14 144 32
167 14 145 36
167 14 147 24
167 14 149 24
167 14 150 32
167 17 4 32
167 17 16 32
167 17 18 24
167 17 25 24
167 17 30 36
167 17 39 36
167 17 42 32
167 17 63 32
167 17 65 24
167 17 86 36
167 17 94 32
167 17 100 32
167 17 102 24
167 17 114 32
167 17 134 36
167 17 143 36
167 17 147 24
167 17 149 24
167 17 153 24
167 17 155 24
167 17 160 36
167 17 162 32
167 18 23 36
167 18 60 36
167 18 91 36
167 18 103 36
167 18 138 36
167 18 156 36
167 19 30 32
167 19 37 32
167 19 39 32
167 19 111 32
167 19 120 32
167 19 135 32
167 19 158 32
167 19 164 32
167 21 33 36
167 21 54 36
167 21 81 36
167 21 98 36
167 21 121 36
167 21 133 36
167 22 35 24
167 22 64 24
167 22 70 24
167 22 105 24
167 22 107 24
167 22 122 24
167 22 136 24
167 22 141 24
167 24 13 36
167 24 34 36
167 24 90 36
167 24 113 36
167 24 146 36
167 24 159 36
167 25 8 36
167 25 21 36
167 25 22 24
167 25 34 24
167 25 37 32
167 25 38 24
167 25 86 32
167 25 89 36
167 25 98 36
167 25 102 32
167 25 113 24
167 25 121 36
167 25 122 24
167 25 134 32
167 25 139 24
167 25 141 24
167 25 143 32
167 25 149 32
167 25 152 36
167 25 158 32
167 25 160 32
167 25 161 24
167 33 23 36
167 33 35 36
167 33 105 36
167 33 138 36
167 33 146 36
167 33 159 36
167 34 2 24
167 34 8 24
167 34 9 32
167 34 15 32
167 34 19 24
167 34 21 24
167 34 29 24
167 34 44 24
167 34 52 32
167 34 60 36
167 34 61 24
167 34 64 32
167 34 73 36
167 34 74 36
167 34 77 32
167 34 78 32
167 34 79 36
167 34 80 24
167 34 84 24
167 34 89 32
167 34 91 32
167 34 95 36
167 34 100 24
167 34 103 36
167 34 106 32
167 34 107 32
167 34 109 36
167 34 115 24
167 34 119 24
167 34 120 32
167 34 125 36
167 34 129 24
167 34 130 32
167 34 135 32
167 34 144 24
167 34 145 24
167 34 146 36
167 34 151 36
167 34 152 32
167 34 154 32
167 34 156 32
167 34 159 36
167 34 162 24
167 34 163 36
167 35 68 36
167 35 74 36
167 35 79 36
167 35 140 36
167 35 146 36
167 35 159 36
167 36 3 32
167 36 4 32
167 36 42 32
167 36 56 32
167 36 66 32
167 36 96 32
167 36 124 32
167 36 127 32
167 38 30 36
167 38 39 36
167 38 41 36
167 38 110 36
167 38 146 36
167 38 159 36
167 39 3 36
167 39 4 36
167 39 10 24
167 39 12 36
167 39 14 36
167 39 22 36
167 39 25 36
167 39 27 32
167 39 30 24
167 39 33 24
167 39 36 36
167 39 38 36
167 39 39 24
167 39 42 36
167 39 43 24
167 39 54 32
167 39 56 36
167 39 73 24
167 39 80 32
167 39 81 24
167 39 83 24
167 39 88 24
167 39 93 24
167 39 98 32
167 39 99 32
167 39 101 24
167 39 111 24
167 39 116 36
167 39 117 24
167 39 119 32
167 39 121 32
167 39 122 32
167 39 125 32
167 39 133 32
167 39 141 32
167 39 146 32
167 39 147 36
167 39 151 24
167 39 153 32
167 39 155 32
167 39 159 32
167 39 163 32
167 39 164 24
167 39 165 24
167 42 8 32
167 42 18 32
167 42 21 32
167 42 33 32
167 42 61 32
167 42 65 32
167 42 81 32
167 42 115 32
167 45 17 32
167 45 30 32
167 45 39 32
167 45 52 32
167 45 59 32
167 45 106 32
167 45 129 32
167 45 145 32
167 47 7 32
167 47 11 32
167 47 12 32
167 47 14 32
167 47 24 32
167 47 33 32
167 47 76 32
167 47 81 32
167 50 33 36
167 50 54 36
167 50 81 36
167 50 122 36
167 50 133 36
167 50 141 36
167 51 3 36
167 51 9 36
167 51 18 36
167 51 56 36
167 51 65 36
167 51 130 36
167 54 10 24
167 54 96 24
167 54 98 24
167 54 111 24
167 54 117 24
167 54 121 24
167 54 127 24
167 54 164 24
167 55 23 32
167 55 73 32
167 55 129 32
167 55 138 32
167 55 139 32
167 55 145 32
167 55 151 32
167 55 161 32
167 58 10 36
167 58 60 36
167 58 103 36
167 58 117 36
167 58 123 36
167 58 148 36
167 59 3 24
167 59 5 36
167 59 7 24
167 59 9 24
167 59 24 24
167 59 25 24
167 59 26 24
167 59 36 32
167 59 41 36
167 59 43 32
167 59 45 24
167 59 48 32
167 59 54 24
167 59 56 24
167 59 57 32
167 59 67 36
167 59 68 32
167 59 70 32
167 59 83 36
167 59 87 32
167 59 91 36
167 59 95 24
167 59 98 24
167 59 101 32
167 59 102 36
167 59 108 32
167 59 109 24
167 59 110 36
167 59 116 32
167 59 121 24
167 59 125 36
167 59 126 32
167 59 130 24
167 59 133 24
167 59 136 32
167 59 140 32
167 59 147 24
167 59 149 36
167 59 150 32
167 59 153 32
167 59 155 32
167 59 156 36
167 59 163 36
167 59 165 36
167 62 18 24
167 62 25 24
167 62 65 24
167 62 86 24
167 62 134 24
167 62 146 24
167 62 147 24
167 62 159 24
167 65 25 36
167 65 85 36
167 65 112 36
167 65 122 36
167 65 141 36
167 65 147 36
167 68 30 36
167 68 39 36
167 68 111 36
167 68 129 36
167 68 145 36
167 68 164 36
167 73 4 24
167 73 29 24
167 73 42 24
167 73 73 24
167 73 86 24
167 73 134 24
167 73 144 24
167 73 151 24
167 75 52 32
167 75 68 32
167 75 73 32
167 75 106 32
167 75 140 32
167 75 151 32
167 75 153 32
167 75 155 32
167 78 51 36
167 78 95 36
167 78 109 36
167 78 131 36
167 78 139 36
167 78 161 36
167 79 4 32
167 79 6 32
167 79 11 32
167 79 22 32
167 79 26 36
167 79 28 32
167 79 29 36
167 79 30 24
167 79 36 24
167 79 38 32
167 79 39 24
167 79 42 32
167 79 45 36
167 79 46 24
167 79 49 36
167 79 55 36
167 79 60 24
167 79 66 32
167 79 68 24
167 79 69 24
167 79 70 24
167 79 75 36
167 79 76 32
167 79 82 36
167 79 85 32
167 79 89 32
167 79 91 24
167 79 96 32
167 79 103 24
167 79 108 24
167 79 112 32
167 79 116 24
167 79 122 36
167 79 124 32
167 79 127 32
167 79 136 24
167 79 140 24
167 79 141 36
167 79 143 36
167 79 144 36
167 79 150 24
167 79 152 32
167 79 156 24
167 79 160 36
167 81 8 24
167 81 15 32
167 81 21 24
167 81 33 24
167 81 35 32
167 81 37 36
167 81 43 32
167 81 50 24
167 81 52 32
167 81 57 24
167 81 70 36
167 81 73 36
167 81 78 32
167 81 81 24
167 81 83 32
167 81 86 24
167 81 88 36
167 81 89 24
167 81 93 36
167 81 96 24
167 81 101 32
167 81 105 32
167 81 106 32
167 81 108 36
167 81 111 32
167 81 120 32
167 81 122 36
167 81 126 24
167 81 127 24
167 81 134 24
167 81 135 32
167 81 136 36
167 81 139 32
167 81 141 36
167 81 146 24
167 81 150 36
167 81 151 36
167 81 152 24
167 81 157 24
167 81 158 36
167 81 159 24
167 81 161 32
167 81 164 32
167 81 165 32
167 86 2 32
167 86 3 32
167 86 6 32
167 86 8 24
167 86 9 36
167 86 10 24
167 86 15 24
167 86 16 36
167 86 17 36
167 86 21 24
167 86 26 36
167 86 28 32
167 86 31 36
167 86 32 32
167 86 33 24
167 86 40 24
167 86 41 24
167 86 45 36
167 86 47 32
167 86 56 32
167 86 59 36
167 86 61 32
167 86 62 32
167 86 66 32
167 86 71 24
167 86 74 36
167 86 78 24
167 86 79 36
167 86 81 24
167 86 84 32
167 86 86 24
167 86 89 32
167 86 94 36
167 86 97 36
167 86 110 24
167 86 115 32
167 86 117 24
167 86 124 32
167 86 130 36
167 86 132 32
167 86 134 24
167 86 146 24
167 86 152 32
167 86 159 24
167 88 7 36
167 88 11 24
167 88 15 32
167 88 17 24
167 88 23 36
167 88 24 36
167 88 26 36
167 88 27 24
167 88 31 24
167 88 40 32
167 88 43 32
167 88 45 36
167 88 51 24
167 88 55 32
167 88 59 24
167 88 64 24
167 88 71 32
167 88 76 24
167 88 78 32
167 88 82 32
167 88 85 36
167 88 91 32
167 88 92 36
167 88 97 24
167 88 98 24
167 88 99 24
167 88 101 32
167 88 107 24
167 88 112 36
167 88 118 36
167 88 121 24
167 88 122 36
167 88 125 32
167 88 128 24
167 88 129 32
167 88 131 24
167 88 137 24
167 88 138 36
167 88 139 32
167 88 141 36
167 88 145 32
167 88 156 32
167 88 161 32
167 88 163 32
167 89 6 36
167 89 28 36
167 89 36 36
167 89 58 36
167 89 72 36
167 89 116 36
167 92 12 32
167 92 14 32
167 92 16 32
167 92 27 32
167 92 61 32
167 92 94 32
167 92 99 32
167 92 115 32
167 94 16 24
167 94 23 24
167 94 33 24
167 94 81 24
167 94 94 24
167 94 125 24
167 94 138 24
167 94 163 24
167 99 3 36
167 99 22 36
167 99 38 36
167 99 56 36
167 99 128 36
167 99 137 36
167 102 20 36
167 102 26 36
167 102 45 36
167 102 55 36
167 102 82 36
167 102 142 36
167 105 8 24
167 105 20 24
167 105 21 24
167 105 33 24
167 105 81 24
167 105 102 24
167 105 142 24
167 105 149 24
167 108 2 36
167 108 4 36
167 108 11 36
167 108 12 32
167 108 14 32
167 108 17 32
167 108 18 36
167 108 20 24
167 108 27 32
167 108 31 32
167 108 34 24
167 108 37 24
167 108 41 32
167 108 42 36
167 108 46 24
167 108 51 32
167 108 57 36
167 108 58 24
167 108 59 32
167 108 65 36
167 108 66 32
167 108 69 24
167 108 72 24
167 108 76 36
167 108 80 32
167 108 84 36
167 108 97 32
167 108 99 32
167 108 100 36
167 108 110 32
167 108 111 24
167 108 113 24
167 108 119 32
167 108 122 24
167 108 124 32
167 108 126 36
167 108 131 32
167 108 141 24
167 108 142 24
167 108 143 24
167 108 158 24
167 108 160 24
167 108 162 36
167 108 164 24
167 109 19 36
167 109 44 36
167 109 50 36
167 109 64 36
167 109 107 36
167 109 157 36
167 112 6 32
167 112 16 32
167 112 22 32
167 112 28 32
167 112 29 32
167 112 38 32
167 112 94 32
167 112 144 32
167 113 3 24
167 113 40 24
167 113 46 24
167 113 50 24
167 113 56 24
167 113 69 24
167 113 71 24
167 113 157 24
167 116 37 36
167 116 102 36
167 116 111 36
167 116 149 36
167 116 158 36
167 116 164 36
167 117 26 36
167 117 34 36
167 117 45 36
167 117 86 36
167 117 113 36
167 117 134 36
167 120 86 32
167 120 91 32
167 120 134 32
167 120 143 32
167 120 153 32
167 120 155 32
167 120 156 32
167 120 160 32
167 122 22 32
167 122 38 32
167 122 61 32
167 122 108 32
167 122 115 32
167 122 128 32
167 122 137 32
167 122 150 32
167 125 52 32
167 125 86 32
167 125 102 32
167 125 106 32
167 125 134 32
167 125 146 32
167 125 149 32
167 125 159 32
167 128 2 24
167 128 3 24
167 128 4 32
167 128 8 32
167 128 12 32
167 128 14 32
167 128 16 24
167 128 20 36
167 128 21 32
167 128 26 32
167 128 34 32
167 128 42 32
167 128 45 32
167 128 46 32
167 128 48 32
167 128 50 24
167 128 51 36
167 128 56 24
167 128 66 24
167 128 68 32
167 128 69 32
167 128 74 24
167 128 79 24
167 128 84 24
167 128 86 24
167 128 87 32
167 128 94 24
167 128 111 36
167 128 113 32
167 128 124 24
167 128 125 36
167 128 128 24
167 128 129 36
167 128 131 36
167 128 134 24
167 128 137 24
167 128 140 32
167 128 142 36
167 128 145 36
167 128 153 36
167 128 155 36
167 128 157 24
167 128 163 36
167 128 164 36
167 129 8 36
167 129 21 36
167 129 57 36
167 129 126 36
167 129 128 36
167 129 137 36
167 131 40 32
167 131 43 32
167 131 71 32
167 131 101 32
167 131 111 32
167 131 125 32
167 131 163 32
167 131 164 32
167 132 8 36
167 132 21 36
167 132 27 36
167 132 88 36
167 132 93 36
167 132 99 36
167 133 4 36
167 133 5 24
167 133 8 36
167 133 11 32
167 133 13 32
167 133 15 32
167 133 16 36
167 133 21 36
167 133 22 24
167 133 23 24
167 133 32 32
167 133 37 32
167 133 38 24
167 133 42 36
167 133 47 32
167 133 48 24
167 133 52 24
167 133 58 36
167 133 60 32
167 133 61 32
167 133 64 36
167 133 67 24
167 133 72 36
167 133 76 32
167 133 78 32
167 133 83 24
167 133 87 24
167 133 88 36
167 133 89 32
167 133 90 32
167 133 93 36
167 133 94 36
167 133 103 32
167 133 106 24
167 133 107 36
167 133 115 32
167 133 123 24
167 133 138 24
167 133 146 24
167 133 148 24
167 133 152 32
167 133 158 32
167 133 159 24
167 133 165 24
167 134 8 36
167 134 21 36
167 134 29 36
167 134 62 36
167 134 132 36
167 134 144 36
167 142 6 24
167 142 7 32
167 142 9 32
167 142 15 36
167 142 18 32
167 142 24 32
167 142 26 24
167 142 28 24
167 142 33 32
167 142 45 24
167 142 46 36
167 142 54 24
167 142 65 32
167 142 69 36
167 142 78 36
167 142 81 32
167 142 129 24
167 142 130 32
167 142 133 24
167 142 145 24
167 142 146 36
167 142 159 36
167 143 8 36
167 143 21 36
167 143 54 36
167 143 77 36
167 143 133 36
167 143 154 36
167 145 26 24
167 145 31 24
167 145 45 24
167 145 60 24
167 145 62 24
167 145 97 24
167 145 103 24
167 145 132 24
167 146 34 36
167 146 46 36
167 146 69 36
167 146 86 36
167 146 113 36
167 146 134 36
167 148 3 32
167 148 9 32
167 148 32 32
167 148 47 32
167 148 56 32
167 148 128 32
167 148 130 32
167 148 137 32
167 149 11 36
167 149 29 36
167 149 64 36
167 149 76 36
167 149 107 36
167 149 144 36
167 150 5 32
167 150 7 36
167 150 12 24
167 150 14 24
167 150 18 24
167 150 20 24
167 150 24 36
167 150 33 36
167 150 53 32
167 150 65 24
167 150 67 32
167 150 73 32
167 150 81 36
167 150 102 24
167 150 104 32
167 150 125 32
167 150 128 36
167 150 137 36
167 150 142 24
167 150 149 24
167 150 151 32
167 150 163 32
167 153 17 32
167 153 18 24
167 153 20 24
167 153 22 36
167 153 23 32
167 153 25 36
167 153 30 36
167 153 36 24
167 153 38 36
167 153 39 36
167 153 40 32
167 153 50 36
167 153 55 36
167 153 59 32
167 153 64 24
167 153 65 24
167 153 71 32
167 153 77 24
167 153 82 36
167 153 91 32
167 153 100 24
167 153 107 24
167 153 111 32
167 153 116 24
167 153 120 24
167 153 123 36
167 153 125 32
167 153 128 24
167 153 135 24
167 153 137 24
167 153 138 32
167 153 142 24
167 153 146 32
167 153 147 36
167 153 148 36
167 153 153 32
167 153 154 24
167 153 155 32
167 153 156 32
167 153 157 36
167 153 159 32
167 153 162 24
167 153 163 32
167 153 164 32
167 155 33 24
167 155 37 24
167 155 63 24
167 155 70 24
167 155 81 24
167 155 114 24
167 155 136 24
167 155 158 24
167 156 10 36
167 156 51 36
167 156 52 36
167 156 106 36
167 156 117 36
167 156 131 36
167 159 95 36
167 159 102 36
167 159 109 36
167 159 146 36
167 159 149 36
167 159 159 36
167 164 40 36
167 164 71 36
167 164 102 36
167 164 143 36
167 164 149 36
167 164 160 36
167 166 3 36
167 166 12 36
167 166 14 36
167 166 19 24
167 166 26 32
167 166 31 24
167 166 35 32
167 166 44 24
167 166 45 32
167 166 56 36
167 166 61 36
167 166 97 24
167 166 105 32
167 166 115 36
167 166 123 24
167 166 125 24
167 166 129 32
167 166 143 32
167 166 145 32
167 166 148 24
167 166 160 32
167 166 163 24
173 0 11 25
173 0 19 25
173 0 30 25
173 0 48 25
173 0 61 25
173 0 112 25
173 0 125 25
173 0 143 25
173 0 154 25
173 0 162 25
173 1 22 36
173 1 62 24
173 1 78 36
173 1 105 24
173 1 118 36
173 1 120 24
173 1 122 36
173 1 140 36
173 1 145 24
173 1 152 36
173 3 3 32
173 3 12 32
173 3 58 32
173 3 76 32
173 3 101 32
173 3 107 32
173 3 147 32
173 3 153 32
173 4 6 36
173 4 17 24
173 4 21 36
173 4 29 36
173 4 33 36
173 4 62 24
173 4 64 36
173 4 73 36
173 4 112 24
173 4 120 24
173 6 6 25
173 6 9 25
173 6 37 25
173 6 57 25
173 6 78 25
173 6 83 25
173 6 95 25
173 6 117 25
173 6 130 25
173 6 163 25
173 7 17 32
173 7 48 32
173 7 70 32
173 7 110 32
173 7 112 32
173 7 131 32
173 7 155 32
173 7 162 32
173 9 8 24
173 9 10 24
173 9 13 24
173 9 24 24
173 9 37 24
173 9 40 24
173 9 45 24
173 9 48 24
173 9 50 24
173 9 52 24
173 9 65 24
173 9 114 24
173 9 129 24
173 9 137 24
173 9 155 24
173 9 159 24
173 11 22 24
173 11 24 24
173 11 36 24
173 11 37 24
173 11 64 24
173 11 73 24
173 11 92 24
173 11 118 24
173 11 121 24
173 11 126 24
173 11 137 24
173 11 140 24
173 11 149 24
173 11 152 24
173 11 159 24
173 11 163 24
173 13 21 32
173 13 33 32
173 13 35 24
173 13 60 24
173 13 89 24
173 13 100 32
173 13 106 32
173 13 109 32
173 13 117 32
173 13 124 24
173 13 139 32
173 13 142 32
173 14 38 36
173 14 41 36
173 14 44 24
173 14 49 36
173 14 59 24
173 14 100 36
173 14 109 36
173 14 113 36
173 14 123 24
173 14 128 24
173 15 5 24
173 15 9 36
173 15 22 36
173 15 38 36
173 15 41 36
173 15 76 24
173 15 77 36
173 15 104 24
173 15 107 24
173 15 118 36
173 16 19 32
173 16 39 32
173 16 71 32
173 16 82 32
173 16 86 32
173 16 98 32
173 16 143 32
173 16 171 32
173 17 55 36
173 17 69 24
173 17 72 24
173 17 83 36
173 17 88 36
173 17 116 36
173 17 148 36
173 17 151 36
173 17 161 24
173 17 168 24
173 18 42 32
173 18 45 32
173 18 50 32
173 18 74 32
173 18 103 32
173 18 110 32
173 18 162 32
173 18 166 32
173 19 30 32
173 19 69 32
173 19 75 32
173 19 94 32
173 19 114 32
173 19 127 32
173 19 129 32
173 19 168 32
173 20 16 36
173 20 36 36
173 20 39 24
173 20 66 24
173 20 71 24
173 20 97 24
173 20 119 36
173 20 132 36
173 20 135 36
173 20 149 36
173 23 4 24
173 23 23 24
173 23 39 24
173 23 47 24
173 23 55 24
173 23 71 24
173 23 74 24
173 23 81 24
173 23 91 24
173 23 130 24
173 23 147 24
173 23 151 24
173 23 153 24
173 23 154 24
173 23 158 24
173 23 166 24
173 24 4 24
173 24 14 24
173 24 22 32
173 24 36 32
173 24 60 32
173 24 118 32
173 24 121 32
173 24 124 32
173 24 130 24
173 24 136 24
173 24 149 32
173 24 163 32
173 26 9 36
173 26 27 24
173 26 38 36
173 26 41 36
173 26 47 36
173 26 48 24
173 26 77 36
173 26 81 36
173 26 141 24
173 26 155 24
173 28 4 24
173 28 12 24
173 28 44 24
173 28 57 24
173 28 59 24
173 28 64 24
173 28 73 24
173 28 83 24
173 28 85 24
173 28 101 24
173 28 105 24
173 28 110 24
173 28 130 24
173 28 145 24
173 28 148 24
173 28 162 24
173 29 6 32
173 29 23 32
173 29 29 32
173 29 36 24
173 29 60 32
173 29 84 24
173 29 124 32
173 29 138 24
173 29 144 32
173 29 149 24
173 29 158 32
173 29 167 32
173 30 6 24
173 30 11 24
173 30 29 24
173 30 35 24
173 30 37 24
173 30 45 24
173 30 46 24
173 30 50 24
173 30 62 24
173 30 63 24
173 30 79 24
173 30 89 24
173 30 92 24
173 30 120 24
173 30 126 24
173 30 159 24
173 32 13 32
173 32 15 32
173 32 37 32
173 32 40 32
173 32 57 24
173 32 85 24
173 32 96 24
173 32 133 32
173 32 150 32
173 32 159 32
173 32 160 32
173 32 164 24
173 34 13 36
173 34 15 36
173 34 28 24
173 34 40 36
173 34 46 24
173 34 68 24
173 34 79 24
173 34 133 36
173 34 150 36
173 34 160 36
173 37 10 36
173 37 21 36
173 37 33 36
173 37 42 24
173 37 48 24
173 37 52 36
173 37 88 36
173 37 103 24
173 37 116 36
173 37 155 24
173 39 13 24
173 39 15 24
173 39 22 24
173 39 35 24
173 39 36 24
173 39 40 24
173 39 84 24
173 39 89 24
173 39 118 24
173 39 121 24
173 39 138 24
173 39 144 24
173 39 149 24
173 39 150 24
173 39 163 24
173 39 167 24
173 40 6 36
173 40 15 36
173 40 29 36
173 40 39 24
173 40 62 24
173 40 71 24
173 40 120 24
173 40 144 36
173 40 150 36
173 40 167 36
173 41 12 49
173 41 18 49
173 41 26 49
173 41 48 49
173 41 62 49
173 41 63 49
173 41 65 49
173 41 69 49
173 41 72 49
173 41 74 49
173 41 75 49
173 41 86 49
173 41 99 49
173 41 102 49
173 41 111 49
173 41 112 49
173 41 129 49
173 41 131 49
173 41 146 49
173 41 153 49
173 41 170 49
173 42 24 36
173 42 37 36
173 42 47 36
173 42 76 24
173 42 81 36
173 42 107 24
173 42 108 24
173 42 137 36
173 42 159 36
173 42 165 24
173 45 15 24
173 45 24 24
173 45 54 24
173 45 55 24
173 45 57 24
173 45 60 24
173 45 85 24
173 45 96 24
173 45 124 24
173 45 137 24
173 45 140 24
173 45 150 24
173 45 151 24
173 45 152 24
173 45 157 24
173 45 164 24
173 46 9 49
173 46 14 49
173 46 15 49
173 46 23 49
173 46 29 49
173 46 31 49
173 46 34 49
173 46 47 49
173 46 57 49
173 46 64 49
173 46 96 49
173 46 106 49
173 46 113 49
173 46 116 49
173 46 122 49
173 46 132 49
173 46 137 49
173 46 138 49
173 46 157 49
173 46 163 49
173 46 169 49
173 49 25 24
173 49 42 24
173 49 46 24
173 49 49 24
173 49 51 24
173 49 53 24
173 49 64 24
173 49 73 24
173 49 79 24
173 49 90 24
173 49 95 24
173 49 103 24
173 49 110 24
173 49 111 24
173 49 113 24
173 49 162 24
173 50 25 36
173 50 84 36
173 50 90 36
173 50 100 36
173 50 102 24
173 50 109 36
173 50 110 24
173 50 134 24
173 50 138 36
173 50 162 24
173 51 8 24
173 51 22 36
173 51 25 36
173 51 37 36
173 51 65 24
173 51 80 24
173 51 90 36
173 51 93 24
173 51 118 36
173 51 159 36
173 52 23 32
173 52 34 24
173 52 51 24
173 52 54 32
173 52 56 24
173 52 57 32
173 52 64 32
173 52 73 32
173 52 85 32
173 52 95 24
173 52 157 32
173 52 158 32
173 54 7 32
173 54 9 24
173 54 28 32
173 54 30 32
173 54 34 24
173 54 48 32
173 54 56 24
173 54 68 32
173 54 75 32
173 54 76 32
173 54 77 24
173 54 86 32
173 54 98 32
173 54 99 32
173 54 100 24
173 54 107 32
173 54 109 24
173 54 123 32
173 54 128 32
173 54 133 24
173 54 143 32
173 54 155 32
173 54 160 24
173 54 171 32
173 55 3 24
173 55 25 36
173 55 58 24
173 55 80 24
173 55 84 36
173 55 90 36
173 55 93 24
173 55 121 36
173 55 138 36
173 55 163 36
173 56 5 49
173 56 7 49
173 56 32 49
173 56 65 49
173 56 71 49
173 56 75 49
173 56 79 49
173 56 87 49
173 56 97 49
173 56 103 49
173 56 107 49
173 56 110 49
173 56 112 49
173 56 120 49
173 56 125 49
173 56 127 49
173 56 128 49
173 56 154 49
173 56 155 49
173 56 166 49
173 56 170 49
173 57 7 24
173 57 16 36
173 57 23 36
173 57 60 36
173 57 70 24
173 57 99 24
173 57 119 36
173 57 124 36
173 57 131 24
173 57 158 36
173 62 9 24
173 62 11 32
173 62 15 24
173 62 39 32
173 62 45 32
173 62 48 32
173 62 50 32
173 62 54 24
173 62 60 24
173 62 61 32
173 62 63 32
173 62 71 32
173 62 77 24
173 62 98 32
173 62 105 32
173 62 114 32
173 62 124 24
173 62 129 32
173 62 143 32
173 62 145 32
173 62 150 24
173 62 155 32
173 62 156 32
173 62 157 24
173 66 2 49
173 66 26 49
173 66 27 49
173 66 28 49
173 66 50 49
173 66 58 49
173 66 61 49
173 66 71 49
173 66 75 49
173 66 76 49
173 66 79 49
173 66 80 49
173 66 104 49
173 66 108 49
173 66 127 49
173 66 131 49
173 66 143 49
173 66 146 49
173 66 153 49
173 66 162 49
173 66 170 49
173 71 3 32
173 71 8 32
173 71 42 32
173 71 58 32
173 71 65 32
173 71 94 32
173 71 103 32
173 71 127 32
173 73 13 49
173 73 16 49
173 73 23 49
173 73 25 49
173 73 35 49
173 73 52 49
173 73 56 49
173 73 73 49
173 73 84 49
173 73 92 49
173 73 109 49
173 73 118 49
173 73 122 49
173 73 124 49
173 73 130 49
173 73 132 49
173 73 144 49
173 73 149 49
173 73 151 49
173 73 159 49
173 73 164 49
173 80 21 36
173 80 33 36
173 80 44 24
173 80 51 36
173 80 59 24
173 80 64 36
173 80 73 36
173 80 86 24
173 80 95 36
173 80 171 24
173 81 20 49
173 81 27 49
173 81 50 49
173 81 53 49
173 81 63 49
173 81 65 49
173 81 71 49
173 81 76 49
173 81 86 49
173 81 87 49
173 81 97 49
173 81 103 49
173 81 104 49
173 81 108 49
173 81 115 49
173 81 146 49
173 81 154 49
173 81 155 49
173 81 161 49
173 81 162 49
173 81 168 49
173 83 3 24
173 83 13 24
173 83 35 24
173 83 40 24
173 83 55 24
173 83 58 24
173 83 74 24
173 83 86 24
173 83 89 24
173 83 140 24
173 83 147 24
173 83 151 24
173 83 152 24
173 83 153 24
173 83 166 24
173 83 171 24
173 85 13 32
173 85 16 32
173 85 24 32
173 85 40 32
173 85 92 24
173 85 100 32
173 85 109 32
173 85 119 32
173 85 126 24
173 85 132 24
173 85 135 24
173 85 137 32
173 86 11 32
173 86 27 32
173 86 37 24
173 86 39 32
173 86 44 32
173 86 48 32
173 86 55 24
173 86 59 32
173 86 63 32
173 86 69 32
173 86 71 32
173 86 78 24
173 86 83 24
173 86 108 32
173 86 122 24
173 86 141 32
173 86 147 32
173 86 148 24
173 86 151 24
173 86 153 32
173 86 155 32
173 86 159 24
173 86 165 32
173 86 168 32
173 87 5 32
173 87 8 32
173 87 14 24
173 87 18 32
173 87 20 32
173 87 22 24
173 87 25 24
173 87 26 32
173 87 32 32
173 87 51 24
173 87 65 32
173 87 90 24
173 87 95 24
173 87 102 32
173 87 104 32
173 87 110 32
173 87 114 32
173 87 118 24
173 87 125 32
173 87 129 32
173 87 134 32
173 87 136 24
173 87 146 32
173 87 162 32
173 88 36 32
173 88 38 24
173 88 41 24
173 88 47 24
173 88 54 32
173 88 64 32
173 88 73 32
173 88 81 24
173 88 133 32
173 88 149 32
173 88 157 32
173 88 160 32
173 90 2 24
173 90 7 24
173 90 20 24
173 90 21 24
173 90 22 24
173 90 26 24
173 90 33 24
173 90 84 24
173 90 87 24
173 90 99 24
173 90 115 24
173 90 118 24
173 90 133 24
173 90 138 24
173 90 160 24
173 90 170 24
173 92 5 49
173 92 11 49
173 92 12 49
173 92 18 49
173 92 19 49
173 92 27 49
173 92 58 49
173 92 65 49
173 92 69 49
173 92 70 49
173 92 76 49
173 92 86 49
173 92 87 49
173 92 97 49
173 92 102 49
173 92 108 49
173 92 110 49
173 92 120 49
173 92 123 49
173 92 146 49
173 92 153 49
173 93 2 24
173 93 78 36
173 93 87 24
173 93 100 36
173 93 109 36
173 93 114 24
173 93 122 36
173 93 129 24
173 93 140 36
173 93 152 36
173 100 9 49
173 100 14 49
173 100 22 49
173 100 24 49
173 100 29 49
173 100 41 49
173 100 43 49
173 100 49 49
173 100 51 49
173 100 55 49
173 100 64 49
173 100 81 49
173 100 89 49
173 100 100 49
173 100 117 49
173 100 121 49
173 100 138 49
173 100 148 49
173 100 150 49
173 100 157 49
173 100 160 49
173 102 46 32
173 102 70 32
173 102 79 32
173 102 108 32
173 102 115 32
173 102 131 32
173 102 165 32
173 102 170 32
173 107 3 49
173 107 11 49
173 107 20 49
173 107 27 49
173 107 30 49
173 107 42 49
173 107 46 49
173 107 65 49
173 107 69 49
173 107 93 49
173 107 94 49
173 107 97 49
173 107 98 49
173 107 102 49
173 107 112 49
173 107 115 49
173 107 123 49
173 107 145 49
173 107 146 49
173 107 147 49
173 107 171 49
173 111 16 24
173 111 17 32
173 111 18 32
173 111 23 24
173 111 28 32
173 111 30 32
173 111 44 32
173 111 49 24
173 111 59 32
173 111 68 32
173 111 75 32
173 111 96 24
173 111 102 32
173 111 110 32
173 111 112 32
173 111 113 24
173 111 119 24
173 111 123 32
173 111 125 32
173 111 128 32
173 111 134 32
173 111 158 24
173 111 162 32
173 111 164 24
173 116 15 36
173 116 42 24
173 116 49 36
173 116 54 36
173 116 74 24
173 116 103 24
173 116 113 36
173 116 150 36
173 116 157 36
173 116 166 24
173 117 3 49
173 117 7 49
173 117 18 49
173 117 19 49
173 117 45 49
173 117 46 49
173 117 48 49
173 117 53 49
173 117 61 49
173 117 63 49
173 117 66 49
173 117 70 49
173 117 76 49
173 117 86 49
173 117 94 49
173 117 98 49
173 117 102 49
173 117 108 49
173 117 141 49
173 117 166 49
173 117 168 49
173 118 10 36
173 118 35 36
173 118 52 36
173 118 80 24
173 118 83 36
173 118 89 36
173 118 93 24
173 118 115 24
173 118 148 36
173 118 170 24
173 119 2 32
173 119 13 24
173 119 18 32
173 119 30 32
173 119 40 24
173 119 45 32
173 119 50 32
173 119 64 24
173 119 66 32
173 119 73 24
173 119 74 32
173 119 75 32
173 119 87 32
173 119 96 24
173 119 97 32
173 119 98 32
173 119 105 32
173 119 117 24
173 119 125 32
173 119 139 24
173 119 143 32
173 119 145 32
173 119 164 24
173 119 166 32
173 121 15 32
173 121 16 32
173 121 78 24
173 121 88 32
173 121 100 32
173 121 109 32
173 121 116 32
173 121 117 24
173 121 119 32
173 121 122 24
173 121 139 24
173 121 150 32
173 122 14 36
173 122 55 36
173 122 80 24
173 122 83 36
173 122 93 24
173 122 108 24
173 122 136 36
173 122 148 36
173 122 151 36
173 122 165 24
173 123 11 24
173 123 35 36
173 123 39 24
173 123 63 24
173 123 64 36
173 123 71 24
173 123 73 36
173 123 83 36
173 123 89 36
173 123 148 36
173 124 11 24
173 124 60 24
173 124 62 24
173 124 63 24
173 124 70 24
173 124 78 24
173 124 83 24
173 124 94 24
173 124 100 24
173 124 109 24
173 124 120 24
173 124 122 24
173 124 124 24
173 124 127 24
173 124 131 24
173 124 148 24
173 127 4 49
173 127 10 49
173 127 16 49
173 127 35 49
173 127 36 49
173 127 41 49
173 127 51 49
173 127 57 49
173 127 60 49
173 127 67 49
173 127 77 49
173 127 109 49
173 127 116 49
173 127 126 49
173 127 139 49
173 127 142 49
173 127 144 49
173 127 150 49
173 127 158 49
173 127 159 49
173 127 164 49
173 128 9 24
173 128 16 24
173 128 21 24
173 128 22 24
173 128 23 24
173 128 33 24
173 128 36 24
173 128 49 24
173 128 77 24
173 128 88 24
173 128 113 24
173 128 116 24
173 128 118 24
173 128 119 24
173 128 149 24
173 128 158 24
173 131 8 24
173 131 14 36
173 131 36 36
173 131 65 24
173 131 66 24
173 131 92 36
173 131 97 24
173 131 126 36
173 131 136 36
173 131 149 36
173 132 3 49
173 132 20 49
173 132 27 49
173 132 42 49
173 132 44 49
173 132 61 49
173 132 62 49
173 132 71 49
173 132 74 49
173 132 87 49
173 132 98 49
173 132 99 49
173 132 101 49
173 132 104 49
173 132 108 49
173 132 110 49
173 132 111 49
173 132 125 49
173 132 147 49
173 132 155 49
173 132 161 49
173 133 6 36
173 133 23 36
173 133 29 36
173 133 53 24
173 133 102 24
173 133 111 24
173 133 134 24
173 133 144 36
173 133 158 36
173 133 167 36
173 134 6 24
173 134 10 24
173 134 23 24
173 134 24 24
173 134 29 24
173 134 35 24
173 134 52 24
173 134 55 24
173 134 84 24
173 134 89 24
173 134 133 24
173 134 137 24
173 134 138 24
173 134 151 24
173 134 158 24
173 134 160 24
173 136 18 24
173 136 57 36
173 136 70 24
173 136 85 36
173 136 121 36
173 136 125 24
173 136 131 24
173 136 140 36
173 136 152 36
173 136 163 36
173 139 13 36
173 139 23 36
173 139 40 36
173 139 94 24
173 139 105 24
173 139 127 24
173 139 133 36
173 139 145 24
173 139 158 36
173 139 160 36
173 141 9 24
173 141 13 32
173 141 14 32
173 141 23 32
173 141 40 32
173 141 77 24
173 141 88 24
173 141 116 24
173 141 133 32
173 141 136 32
173 141 158 32
173 141 160 32
173 143 14 24
173 143 47 24
173 143 53 24
173 143 81 24
173 143 84 24
173 143 94 24
173 143 110 24
173 143 111 24
173 143 123 24
173 143 127 24
173 143 128 24
173 143 136 24
173 143 138 24
173 143 144 24
173 143 162 24
173 143 167 24
173 144 6 32
173 144 15 32
173 144 24 24
173 144 29 32
173 144 35 24
173 144 49 32
173 144 89 24
173 144 113 32
173 144 137 24
173 144 144 32
173 144 150 32
173 144 167 32
173 145 11 24
173 145 25 24
173 145 28 24
173 145 43 24
173 145 63 24
173 145 68 24
173 145 72 24
173 145 88 24
173 145 90 24
173 145 100 24
173 145 109 24
173 145 114 24
173 145 116 24
173 145 129 24
173 145 161 24
173 145 169 24
173 147 18 24
173 147 32 24
173 147 92 36
173 147 96 36
173 147 125 24
173 147 126 36
173 147 132 36
173 147 135 36
173 147 146 24
173 147 164 36
173 149 10 32
173 149 24 32
173 149 37 24
173 149 43 24
173 149 49 32
173 149 52 32
173 149 55 32
173 149 113 32
173 149 137 32
173 149 151 32
173 149 159 24
173 149 169 24
173 150 7 24
173 150 15 24
173 150 19 24
173 150 20 24
173 150 22 24
173 150 26 24
173 150 43 24
173 150 82 24
173 150 92 24
173 150 99 24
173 150 102 24
173 150 118 24
173 150 126 24
173 150 134 24
173 150 150 24
173 150 169 24
173 153 24 36
173 153 38 36
173 153 41 36
173 153 54 36
173 153 76 24
173 153 102 24
173 153 107 24
173 153 134 24
173 153 137 36
173 153 157 36
173 154 5 32
173 154 44 32
173 154 46 32
173 154 59 32
173 154 79 32
173 154 98 32
173 154 104 32
173 154 143 32
173 155 7 32
173 155 11 32
173 155 63 32
173 155 70 32
173 155 99 32
173 155 123 32
173 155 128 32
173 155 131 32
173 156 5 24
173 156 12 24
173 156 22 36
173 156 25 36
173 156 57 36
173 156 85 36
173 156 90 36
173 156 101 24
173 156 104 24
173 156 118 36
173 157 2 32
173 157 30 32
173 157 75 32
173 157 87 32
173 157 91 32
173 157 102 32
173 157 134 32
173 157 154 32
173 158 55 36
173 158 66 24
173 158 69 24
173 158 96 36
173 158 97 24
173 158 132 36
173 158 135 36
173 158 151 36
173 158 164 36
173 158 168 24
173 159 45 24
173 159 50 24
173 159 60 36
173 159 64 36
173 159 73 36
173 159 114 24
173 159 124 36
173 159 129 24
173 159 132 36
173 159 135 36
173 160 31 32
173 160 34 32
173 160 49 24
173 160 56 32
173 160 64 32
173 160 67 32
173 160 73 32
173 160 84 24
173 160 113 24
173 160 138 24
173 160 140 32
173 160 152 32
173 162 10 24
173 162 14 24
173 162 21 24
173 162 24 24
173 162 33 24
173 162 36 24
173 162 47 24
173 162 52 24
173 162 55 24
173 162 81 24
173 162 100 24
173 162 109 24
173 162 136 24
173 162 137 24
173 162 149 24
173 162 151 24
173 164 14 24
173 164 18 24
173 164 36 24
173 164 44 24
173 164 59 24
173 164 108 24
173 164 121 24
173 164 123 24
173 164 125 24
173 164 128 24
173 164 133 24
173 164 136 24
173 164 149 24
173 164 160 24
173 164 163 24
173 164 165 24
173 166 11 32
173 166 18 32
173 166 42 32
173 166 61 32
173 166 63 32
173 166 103 32
173 166 125 32
173 166 156 32
173 167 10 25
173 167 43 25
173 167 56 25
173 167 78 25
173 167 90 25
173 167 95 25
173 167 116 25
173 167 136 25
173 167 164 25
173 167 167 25
173 169 53 24
173 169 61 24
173 169 100 36
173 169 109 36
173 169 111 24
173 169 140 36
173 169 144 36
173 169 152 36
173 169 156 24
173 169 167 36
173 170 20 32
173 170 26 32
173 170 66 32
173 170 72 32
173 170 97 32
173 170 115 32
173 170 161 32
173 170 170 32
173 172 21 36
173 172 28 24
173 172 33 36
173 172 51 36
173 172 53 24
173 172 55 36
173 172 68 24
173 172 95 36
173 172 111 24
173 172 151 36
179 0 7 36
179 0 51 36
179 0 54 36
179 0 63 36
179 0 77 36
179 0 86 36
179 0 93 36
179 0 102 36
179 0 116 36
179 0 125 36
179 0 128 36
179 0 172 36
179 1 3 32
179 1 22 24
179 1 46 32
179 1 51 24
179 1 57 24
179 1 60 32
179 1 76 32
179 1 83 32
179 1 106 32
179 1 110 32
179 1 141 24
179 1 144 32
179 1 146 24
179 1 161 24
179 1 169 24
179 1 172 24
179 3 21 25
179 3 26 25
179 3 37 25
179 3 84 25
179 3 94 25
179 3 99 25
179 3 111 25
179 3 114 25
179 3 165 25
179 3 175 25
179 4 5 24
179 4 28 32
179 4 32 32
179 4 33 32
179 4 35 32
179 4 36 24
179 4 38 32
179 4 40 32
179 4 51 24
179 4 69 32
179 4 72 32
179 4 84 32
179 4 85 24
179 4 92 32
179 4 94 32
179 4 96 32
179 4 116 24
179 4 125 24
179 4 130 32
179 4 133 32
179 4 139 24
179 4 143 32
179 4 172 24
179 4 174 32
179 5 8 36
179 5 29 36
179 5 40 36
179 5 41 36
179 5 68 36
179 5 89 36
179 5 94 36
179 5 112 36
179 5 129 36
179 5 131 36
179 5 142 36
179 5 177 36
179 6 12 36
179 6 15 36
179 6 61 36
179 6 70 36
179 6 78 36
179 6 113 36
179 6 135 36
179 6 140 36
179 6 156 36
179 6 159 36
179 6 160 36
179 6 170 36
179 7 6 32
179 7 14 32
179 7 23 32
179 7 30 32
179 7 39 24
179 7 40 24
179 7 44 32
179 7 50 32
179 7 51 32
179 7 64 32
179 7 65 32
179 7 67 32
179 7 69 24
179 7 94 24
179 7 96 24
179 7 101 24
179 7 109 32
179 7 111 32
179 7 118 32
179 7 147 24
179 7 151 24
179 7 168 32
179 7 171 32
179 7 172 32
179 8 2 32
179 8 5 24
179 8 24 32
179 8 27 24
179 8 28 32
179 8 32 32
179 8 36 24
179 8 37 32
179 8 40 32
179 8 84 32
179 8 90 32
179 8 94 32
179 8 97 32
179 8 122 32
179 8 126 24
179 8 130 32
179 8 134 32
179 8 141 24
179 8 146 24
179 8 149 24
179 8 150 32
179 8 157 32
179 8 173 24
179 8 175 32
179 9 12 24
179 9 13 24
179 9 15 24
179 9 21 32
179 9 33 32
179 9 38 32
179 9 44 32
179 9 68 24
179 9 78 32
179 9 98 32
179 9 99 32
179 9 104 32
179 9 105 32
179 9 118 32
179 9 124 24
179 9 129 24
179 9 132 32
179 9 137 32
179 9 140 32
179 9 141 24
179 9 143 32
179 9 146 24
179 9 162 32
179 9 174 32
179 10 9 32
179 10 20 32
179 10 46 24
179 10 48 32
179 10 59 24
179 10 76 24
179 10 88 24
179 10 106 24
179 10 108 24
179 10 121 24
179 10 138 32
179 10 144 24
179 10 147 32
179 10 149 32
179 10 151 32
179 10 173 32
179 11 8 25
179 11 53 25
179 11 63 25
179 11 97 25
179 11 104 25
179 11 113 25
179 11 140 25
179 11 154 25
179 11 166 25
179 11 167 25
179 12 22 24
179 12 47 32
179 12 57 24
179 12 65 32
179 12 74 32
179 12 75 32
179 12 77 24
179 12 80 32
179 12 85 32
179 12 93 24
179 12 116 24
179 12 125 24
179 12 139 32
179 12 141 24
179 12 146 24
179 12 168 32
179 13 11 32
179 13 35 25
179 13 37 25
179 13 63 25
179 13 72 32
179 13 86 32
179 13 90 25
179 13 92 32
179 13 102 32
179 13 103 25
179 13 112 25
179 13 114 32
179 13 119 32
179 13 123 25
179 13 128 25
179 13 148 25
179 13 164 25
179 13 176 32
179 14 4 32
179 14 5 32
179 14 8 24
179 14 12 32
179 14 14 32
179 14 15 32
179 14 17 32
179 14 21 24
179 14 34 24
179 14 36 32
179 14 42 32
179 14 45 32
179 14 48 32
179 14 64 32
179 14 79 24
179 14 81 32
179 14 112 24
179 14 119 24
179 14 138 32
179 14 158 32
179 14 161 32
179 14 162 24
179 14 169 32
179 14 176 24
179 18 9 25
179 18 12 25
179 18 13 25
179 18 27 25
179 18 48 25
179 18 81 25
179 18 93 25
179 18 101 25
179 18 116 25
179 18 158 25
179 19 39 36
179 19 51 36
179 19 53 36
179 19 65 36
179 19 72 36
179 19 92 36
179 19 101 36
179 19 134 36
179 19 152 36
179 19 168 36
179 19 172 36
179 19 175 36
179 22 9 49
179 22 12 49
179 22 47 49
179 22 48 49
179 22 51 49
179 22 57 49
179 22 60 49
179 22 61 49
179 22 64 49
179 22 67 49
179 22 75 49
179 22 76 49
179 22 77 49
179 22 81 49
179 22 82 49
179 22 85 49
179 22 88 49
179 22 100 49
179 22 110 49
179 22 151 49
179 22 169 49
179 24 8 36
179 24 24 36
179 24 55 36
179 24 97 36
179 24 112 36
179 24 117 36
179 24 147 36
179 24 149 36
179 24 151 36
179 24 153 36
179 24 166 36
179 24 173 36
179 26 10 25
179 26 38 25
179 26 62 25
179 26 90 25
179 26 111 25
179 26 113 25
179 26 150 25
179 26 154 25
179 26 159 25
179 26 163 25
179 27 6 25
179 27 11 25
179 27 18 25
179 27 26 25
179 27 38 25
179 27 79 25
179 27 99 25
179 27 118 25
179 27 119 25
179 27 150 25
179 28 4 24
179 28 6 32
179 28 10 32
179 28 18 32
179 28 28 32
179 28 30 32
179 28 32 32
179 28 35 32
179 28 45 24
179 28 61 24
179 28 67 24
179 28 68 24
179 28 73 32
179 28 78 32
179 28 103 32
179 28 115 32
179 28 129 24
179 28 133 32
179 28 135 24
179 28 140 32
179 28 164 32
179 28 165 32
179 28 167 32
179 28 171 24
179 29 5 25
179 29 47 25
179 29 48 25
179 29 57 25
179 29 65 25
179 29 67 25
179 29 68 25
179 29 101 25
179 29 135 25
179 29 173 25
179 31 13 49
179 31 17 49
179 31 19 49
179 31 20 49
179 31 45 49
179 31 46 49
179 31 57 49
179 31 65 49
179 31 68 49
179 31 74 49
179 31 77 49
179 31 80 49
179 31 82 49
179 31 87 49
179 31 110 49
179 31 121 49
179 31 125 49
179 31 135 49
179 31 139 49
179 31 161 49
179 31 172 49
179 32 26 32
179 32 28 24
179 32 29 24
179 32 32 24
179 32 62 32
179 32 67 32
179 32 68 24
179 32 89 32
179 32 100 32
179 32 117 32
179 32 119 32
179 32 122 24
179 32 129 24
179 32 134 32
179 32 136 32
179 32 142 24
179 32 145 32
179 32 153 32
179 32 154 32
179 32 157 24
179 32 171 32
179 32 175 32
179 32 176 32
179 32 177 32
179 33 15 49
179 33 17 49
179 33 31 49
179 33 36 49
179 33 39 49
179 33 43 49
179 33 51 49
179 33 68 49
179 33 74 49
179 33 76 49
179 33 81 49
179 33 83 49
179 33 88 49
179 33 107 49
179 33 108 49
179 33 116 49
179 33 141 49
179 33 142 49
179 33 156 49
179 33 168 49
179 33 169 49
179 34 4 32
179 34 5 32
179 34 14 24
179 34 25 24
179 34 31 24
179 34 36 32
179 34 43 24
179 34 45 32
179 34 52 24
179 34 64 24
179 34 70 32
179 34 100 32
179 34 145 32
179 34 149 24
179 34 156 32
179 34 173 24
179 36 28 25
179 36 73 25
179 36 90 25
179 36 92 25
179 36 97 25
179 36 113 25
179 36 127 25
179 36 130 25
179 36 137 25
179 36 170 25
179 37 23 32
179 37 30 25
179 37 41 25
179 37 50 32
179 37 54 25
179 37 69 25
179 37 78 32
179 37 84 25
179 37 103 25
179 37 104 32
179 37 105 32
179 37 109 32
179 37 111 32
179 37 140 32
179 37 154 25
179 37 157 25
179 37 159 25
179 37 166 25
179 39 5 24
179 39 33 32
179 39 36 24
179 39 38 32
179 39 44 32
179 39 55 32
179 39 68 24
179 39 84 32
179 39 86 32
179 39 89 24
179 39 98 32
179 39 102 32
179 39 118 32
179 39 129 24
179 39 130 32
179 39 134 32
179 39 137 32
179 39 141 24
179 39 146 24
179 39 164 32
179 39 166 32
179 39 167 32
179 39 175 32
179 39 177 24
179 40 2 32
179 40 11 24
179 40 21 32
179 40 40 32
179 40 78 32
179 40 90 32
179 40 94 32
179 40 98 24
179 40 114 24
179 40 123 24
179 40 136 24
179 40 137 24
179 40 140 32
179 40 154 24
179 40 162 32
179 40 163 24
179 41 4 32
179 41 17 32
179 41 22 32
179 41 25 32
179 41 41 24
179 41 43 32
179 41 45 32
179 41 50 24
179 41 57 32
179 41 82 32
179 41 83 32
179 41 85 32
179 41 98 24
179 41 110 32
179 41 111 24
179 41 117 32
179 41 131 24
179 41 136 24
179 41 137 24
179 41 139 32
179 41 153 32
179 41 154 24
179 41 155 32
179 41 158 32
179 43 18 25
179 43 24 25
179 43 28 25
179 43 33 25
179 43 35 25
179 43 41 32
179 43 50 32
179 43 55 32
179 43 103 25
179 43 111 32
179 43 113 25
179 43 122 25
179 43 123 25
179 43 127 32
179 43 131 32
179 43 148 32
179 43 152 25
179 43 166 32
179 47 16 32
179 47 39 32
179 47 42 32
179 47 46 32
179 47 48 32
179 47 56 32
179 47 69 24
179 47 73 24
179 47 81 32
179 47 96 24
179 47 98 24
179 47 100 32
179 47 101 32
179 47 103 24
179 47 116 32
179 47 125 32
179 47 137 24
179 47 138 32
179 47 144 32
179 47 145 32
179 47 149 32
179 47 159 24
179 47 170 24
179 47 173 32
179 49 24 25
179 49 26 25
179 49 58 25
179 49 69 25
179 49 92 25
179 49 98 25
179 49 105 25
179 49 119 25
179 49 166 25
179 49 174 25
179 50 47 25
179 50 48 25
179 50 74 25
179 50 107 25
179 50 110 25
179 50 135 25
179 50 146 25
179 50 151 25
179 50 153 25
179 50 158 25
179 52 7 32
179 52 13 32
179 52 26 32
179 52 51 32
179 52 58 24
179 52 61 32
179 52 62 32
179 52 71 24
179 52 76 32
179 52 78 32
179 52 85 24
179 52 91 24
179 52 106 32
179 52 120 24
179 52 124 32
179 52 128 32
179 52 135 32
179 52 136 32
179 52 139 24
179 52 140 32
179 52 141 24
179 52 146 24
179 52 154 32
179 52 172 32
179 53 12 49
179 53 16 49
179 53 17 49
179 53 19 49
179 53 20 49
179 53 25 49
179 53 39 49
179 53 47 49
179 53 60 49
179 53 61 49
179 53 83 49
179 53 106 49
179 53 107 49
179 53 138 49
179 53 142 49
179 53 149 49
179 53 151 49
179 53 153 49
179 53 156 49
179 53 168 49
179 53 169 49
179 54 5 24
179 54 13 32
179 54 16 24
179 54 35 24
179 54 36 24
179 54 39 32
179 54 56 24
179 54 58 32
179 54 71 32
179 54 72 32
179 54 78 32
179 54 83 32
179 54 92 32
179 54 99 32
179 54 101 32
179 54 110 32
179 54 116 32
179 54 124 32
179 54 125 32
179 54 132 32
179 54 133 24
179 54 140 32
179 54 159 24
179 54 170 24
179 55 8 32
179 55 10 24
179 55 18 24
179 55 23 24
179 55 28 32
179 55 32 32
179 55 37 32
179 55 73 24
179 55 84 32
179 55 103 24
179 55 109 24
179 55 112 32
179 55 130 32
179 55 134 24
179 55 150 32
179 55 175 24
179 57 13 25
179 57 39 32
179 57 42 25
179 57 48 25
179 57 51 25
179 57 61 25
179 57 67 25
179 57 68 25
179 57 87 32
179 57 89 25
179 57 93 25
179 57 101 32
179 57 107 32
179 57 108 25
179 57 116 32
179 57 125 32
179 57 149 32
179 57 173 32
179 59 4 32
179 59 5 32
179 59 10 24
179 59 18 24
179 59 36 32
179 59 37 32
179 59 42 32
179 59 44 32
179 59 45 32
179 59 46 32
179 59 53 32
179 59 55 32
179 59 68 24
179 59 81 32
179 59 113 24
179 59 116 24
179 59 118 32
179 59 125 24
179 59 129 24
179 59 144 32
179 59 150 32
179 59 152 32
179 59 160 24
179 59 166 32
179 61 3 49
179 61 13 49
179 61 15 49
179 61 39 49
179 61 42 49
179 61 43 49
179 61 47 49
179 61 52 49
179 61 64 49
179 61 66 49
179 61 75 49
179 61 85 49
179 61 88 49
179 61 93 49
179 61 106 49
179 61 107 49
179 61 138 49
179 61 141 49
179 61 149 49
179 61 156 49
179 61 158 49
179 62 18 25
179 62 32 25
179 62 38 25
179 62 84 25
179 62 91 25
179 62 165 25
179 62 166 25
179 62 167 25
179 62 174 25
179 62 176 25
179 63 3 32
179 63 24 32
179 63 35 24
179 63 50 24
179 63 54 32
179 63 58 32
179 63 60 32
179 63 63 32
179 63 68 32
179 63 71 32
179 63 73 32
179 63 82 24
179 63 83 32
179 63 85 24
179 63 97 32
179 63 103 32
179 63 110 32
179 63 111 24
179 63 129 32
179 63 133 24
179 63 139 24
179 63 149 32
179 63 155 24
179 63 173 32
179 65 7 25
179 65 23 25
179 65 26 32
179 65 33 25
179 65 34 25
179 65 53 25
179 65 62 32
179 65 69 32
179 65 90 25
179 65 91 25
179 65 96 32
179 65 104 32
179 65 105 32
179 65 112 25
179 65 134 32
179 65 157 25
179 65 165 25
179 65 175 32
179 66 3 32
179 66 5 32
179 66 12 32
179 66 15 32
179 66 23 24
179 66 36 32
179 66 44 32
179 66 47 24
179 66 54 24
179 66 55 32
179 66 58 32
179 66 60 32
179 66 63 24
179 66 71 32
179 66 80 24
179 66 89 32
179 66 108 24
179 66 109 24
179 66 118 32
179 66 121 24
179 66 164 32
179 66 166 32
179 66 167 32
179 66 177 32
179 67 17 36
179 67 31 36
179 67 33 36
179 67 38 36
179 67 39 36
179 67 40 36
179 67 41 36
179 67 52 36
179 67 94 36
179 67 101 36
179 67 131 36
179 67 158 36
179 68 5 32
179 68 6 24
179 68 13 32
179 68 24 24
179 68 30 24
179 68 34 24
179 68 36 32
179 68 65 32
179 68 67 32
179 68 79 24
179 68 85 32
179 68 97 24
179 68 113 24
179 68 117 32
179 68 124 32
179 68 139 32
179 68 149 32
179 68 153 32
179 68 160 24
179 68 161 32
179 68 168 32
179 68 169 32
179 68 171 32
179 68 173 32
179 69 8 49
179 69 10 49
179 69 24 49
179 69 26 49
179 69 30 49
179 69 33 49
179 69 35 49
179 69 40 49
179 69 41 49
179 69 63 49
179 69 69 49
179 69 86 49
179 69 92 49
179 69 104 49
179 69 113 49
179 69 119 49
179 69 148 49
179 69 163 49
179 69 165 49
179 69 170 49
179 69 174 49
179 72 6 24
179 72 8 32
179 72 9 24
179 72 10 32
179 72 16 32
179 72 17 32
179 72 18 32
179 72 20 24
179 72 30 24
179 72 42 32
179 72 56 32
179 72 81 32
179 72 100 24
179 72 112 32
179 72 119 24
179 72 127 32
179 72 141 32
179 72 143 32
179 72 145 24
179 72 146 32
179 72 148 32
179 72 158 32
179 72 174 32
179 72 176 24
179 75 3 32
179 75 29 24
179 75 31 32
179 75 48 24
179 75 51 24
179 75 52 32
179 75 60 32
179 75 65 32
179 75 87 24
179 75 107 24
179 75 108 32
179 75 121 32
179 75 138 24
179 75 142 24
179 75 168 32
179 75 172 24
179 77 13 36
179 77 29 36
179 77 42 36
179 77 54 36
179 77 63 36
179 77 78 36
179 77 81 36
179 77 99 36
179 77 124 36
179 77 132 36
179 77 140 36
179 77 142 36
179 78 9 32
179 78 13 24
179 78 20 32
179 78 21 32
179 78 24 32
179 78 33 24
179 78 34 24
179 78 38 24
179 78 44 32
179 78 46 24
179 78 48 32
179 78 70 32
179 78 79 24
179 78 97 32
179 78 100 32
179 78 118 32
179 78 119 32
179 78 124 24
179 78 138 32
179 78 144 24
179 78 145 32
179 78 156 32
179 78 162 32
179 78 176 32
179 80 23 32
179 80 35 24
179 80 41 32
179 80 55 32
179 80 86 24
179 80 98 32
179 80 102 24
179 80 109 32
179 80 122 24
179 80 131 32
179 80 133 24
179 80 137 32
179 80 157 24
179 80 164 24
179 80 166 32
179 80 167 24
179 81 4 24
179 81 9 32
179 81 20 32
179 81 42 24
179 81 45 24
179 81 47 32
179 81 74 32
179 81 75 32
179 81 80 32
179 81 81 24
179 81 82 24
179 81 83 32
179 81 110 32
179 81 116 24
179 81 125 24
179 81 155 24
179 84 8 36
179 84 33 36
179 84 38 36
179 84 47 36
179 84 80 36
179 84 87 36
179 84 107 36
179 84 112 36
179 84 117 36
179 84 153 36
179 84 164 36
179 84 167 36
179 85 2 24
179 85 5 32
179 85 24 32
179 85 27 24
179 85 31 32
179 85 36 32
179 85 50 24
179 85 52 32
179 85 90 24
179 85 91 32
179 85 97 32
179 85 100 32
179 85 111 24
179 85 120 32
179 85 126 24
179 85 134 32
179 85 136 32
179 85 145 32
179 85 147 32
179 85 149 24
179 85 151 32
179 85 154 32
179 85 173 24
179 85 175 32
179 86 41 32
179 86 53 32
179 86 54 24
179 86 63 24
179 86 69 32
179 86 96 32
179 86 115 32
179 86 131 32
179 86 136 24
179 86 143 24
179 86 152 32
179 86 154 24
179 86 164 24
179 86 165 32
179 86 167 24
179 86 174 24
179 87 6 24
179 87 14 32
179 87 30 24
179 87 31 32
179 87 47 32
179 87 48 32
179 87 52 32
179 87 61 32
179 87 64 32
179 87 70 32
179 87 76 32
179 87 80 32
179 87 87 32
179 87 91 24
179 87 98 24
179 87 106 32
179 87 107 32
179 87 120 24
179 87 134 24
179 87 135 32
179 87 137 24
179 87 138 32
179 87 156 32
179 87 175 24
179 92 4 24
179 92 23 32
179 92 41 32
179 92 42 24
179 92 44 32
179 92 45 24
179 92 59 24
179 92 72 32
179 92 73 32
179 92 81 24
179 92 88 24
179 92 92 32
179 92 99 32
179 92 103 32
179 92 109 32
179 92 115 32
179 92 118 32
179 92 127 32
179 92 131 32
179 92 132 32
179 92 148 32
179 92 149 24
179 92 165 32
179 92 173 24
179 93 5 24
179 93 12 24
179 93 14 32
179 93 15 24
179 93 25 24
179 93 27 32
179 93 36 24
179 93 43 24
179 93 48 32
179 93 64 32
179 93 83 32
179 93 110 32
179 93 116 24
179 93 125 24
179 93 126 32
179 93 138 32
179 94 4 32
179 94 6 24
179 94 25 32
179 94 28 32
179 94 30 24
179 94 32 32
179 94 34 32
179 94 43 32
179 94 45 32
179 94 53 24
179 94 59 32
179 94 68 24
179 94 79 32
179 94 82 32
179 94 88 32
179 94 89 24
179 94 127 32
179 94 129 24
179 94 143 32
179 94 148 32
179 94 152 24
179 94 155 32
179 94 174 32
179 94 177 24
179 95 12 36
179 95 15 36
179 95 26 36
179 95 62 36
179 95 67 36
179 95 72 36
179 95 92 36
179 95 99 36
179 95 132 36
179 95 141 36
179 95 146 36
179 95 171 36
179 98 24 24
179 98 54 24
179 98 63 24
179 98 69 32
179 98 96 32
179 98 97 24
179 98 98 24
179 98 99 32
179 98 104 32
179 98 105 32
179 98 132 32
179 98 134 24
179 98 137 24
179 98 159 32
179 98 170 32
179 98 175 24
179 99 12 24
179 99 13 32
179 99 15 24
179 99 22 24
179 99 42 32
179 99 46 24
179 99 48 32
179 99 57 24
179 99 70 32
179 99 77 24
179 99 81 32
179 99 93 24
179 99 124 32
179 99 138 32
179 99 144 24
179 99 156 32
179 101 3 32
179 101 17 32
179 101 23 32
179 101 34 32
179 101 35 24
179 101 41 32
179 101 55 24
179 101 60 32
179 101 61 32
179 101 79 32
179 101 82 32
179 101 100 24
179 101 109 32
179 101 131 32
179 101 133 24
179 101 135 32
179 101 141 24
179 101 145 24
179 101 146 24
179 101 155 32
179 101 158 32
179 101 159 32
179 101 166 24
179 101 170 32
179 102 37 36
179 102 39 36
179 102 47 36
179 102 55 36
179 102 80 36
179 102 98 36
179 102 101 36
179 102 116 36
179 102 125 36
179 102 137 36
179 102 150 36
179 102 166 36
179 104 7 24
179 104 11 32
179 104 37 24
179 104 41 24
179 104 58 32
179 104 71 32
179 104 72 24
179 104 92 24
179 104 114 32
179 104 119 32
179 104 127 32
179 104 128 24
179 104 131 24
179 104 148 32
179 104 150 24
179 104 176 32
179 107 3 24
179 107 5 32
179 107 21 32
179 107 31 32
179 107 33 32
179 107 34 24
179 107 36 32
179 107 38 32
179 107 52 32
179 107 60 24
179 107 67 32
179 107 79 24
179 107 98 32
179 107 123 32
179 107 137 32
179 107 149 24
179 107 159 24
179 107 161 32
179 107 162 32
179 107 163 32
179 107 169 32
179 107 170 24
179 107 171 32
179 107 173 24
179 110 5 49
179 110 9 49
179 110 14 49
179 110 16 49
179 110 31 49
179 110 60 49
179 110 66 49
179 110 75 49
179 110 87 49
179 110 93 49
179 110 110 49
179 110 116 49
179 110 138 49
179 110 139 49
179 110 144 49
179 110 146 49
179 110 149 49
179 110 153 49
179 110 155 49
179 110 169 49
179 110 171 49
179 111 6 32
179 111 8 32
179 111 10 32
179 111 11 32
179 111 18 32
179 111 19 24
179 111 26 32
179 111 30 32
179 111 40 32
179 111 55 32
179 111 62 32
179 111 66 24
179 111 82 24
179 111 94 32
179 111 100 24
179 111 112 32
179 111 114 32
179 111 143 32
179 111 145 24
179 111 149 24
179 111 155 24
179 111 166 32
179 111 173 24
179 111 174 32
179 112 21 36
179 112 48 36
179 112 78 36
179 112 85 36
179 112 127 36
179 112 138 36
179 112 139 36
179 112 140 36
179 112 141 36
179 112 146 36
179 112 148 36
179 112 162 36
179 113 2 32
179 113 12 32
179 113 13 32
179 113 15 32
179 113 58 24
179 113 61 32
179 113 70 24
179 113 71 24
179 113 90 32
179 113 99 24
179 113 108 32
179 113 116 24
179 113 119 32
179 113 121 32
179 113 124 32
179 113 125 24
179 113 132 24
179 113 135 32
179 113 143 32
179 113 156 24
179 113 164 32
179 113 167 32
179 113 174 32
179 113 176 32
179 114 4 32
179 114 14 25
179 114 22 25
179 114 45 32
179 114 67 25
179 114 74 32
179 114 75 32
179 114 83 32
179 114 88 25
179 114 89 25
179 114 110 32
179 114 117 32
179 114 126 25
179 114 145 25
179 114 146 25
179 114 153 32
179 114 156 25
179 114 172 25
179 116 6 32
179 116 24 24
179 116 30 32
179 116 40 24
179 116 46 24
179 116 50 32
179 116 68 24
179 116 69 32
179 116 76 32
179 116 82 32
179 116 94 24
179 116 96 32
179 116 97 24
179 116 106 32
179 116 108 32
179 116 111 32
179 116 116 32
179 116 119 32
179 116 121 32
179 116 125 32
179 116 129 24
179 116 144 24
179 116 155 32
179 116 176 32
179 117 3 25
179 117 5 25
179 117 12 25
179 117 13 25
179 117 14 25
179 117 88 25
179 117 95 25
179 117 141 25
179 117 147 25
179 117 161 25
179 118 21 49
179 118 23 49
179 118 30 49
179 118 38 49
179 118 41 49
179 118 72 49
179 118 73 49
179 118 86 49
179 118 91 49
179 118 94 49
179 118 104 49
179 118 113 49
179 118 115 49
179 118 127 49
179 118 132 49
179 118 136 49
179 118 137 49
179 118 140 49
179 118 164 49
179 118 166 49
179 118 176 49
179 120 13 32
179 120 19 24
179 120 27 32
179 120 29 32
179 120 35 32
179 120 50 24
179 120 54 24
179 120 61 32
179 120 63 24
179 120 66 24
179 120 98 32
179 120 111 24
179 120 124 32
179 120 126 32
179 120 133 32
179 120 134 32
179 120 135 32
179 120 137 32
179 120 142 32
179 120 143 32
179 120 161 24
179 120 169 24
179 120 174 32
179 120 175 32
179 122 6 32
179 122 30 32
179 122 54 32
179 122 63 32
179 122 71 25
179 122 72 32
179 122 78 32
179 122 86 25
179 122 90 25
179 122 92 32
179 122 111 25
179 122 112 25
179 122 118 25
179 122 128 25
179 122 131 25
179 122 137 25
179 122 140 32
179 122 166 25
179 124 4 24
179 124 29 32
179 124 45 24
179 124 49 32
179 124 67 32
179 124 70 24
179 124 76 24
179 124 95 32
179 124 106 24
179 124 142 32
179 124 147 32
179 124 151 32
179 124 156 24
179 124 161 24
179 124 169 24
179 124 171 32
179 125 9 24
179 125 20 24
179 125 39 32
179 125 46 24
179 125 47 32
179 125 54 32
179 125 55 32
179 125 63 32
179 125 69 32
179 125 78 32
179 125 80 32
179 125 87 32
179 125 96 32
179 125 101 32
179 125 107 32
179 125 108 32
179 125 121 32
179 125 123 24
179 125 140 32
179 125 143 24
179 125 144 24
179 125 163 24
179 125 166 32
179 125 174 24
179 126 10 49
179 126 11 49
179 126 23 49
179 126 26 49
179 126 28 49
179 126 30 49
179 126 37 49
179 126 41 49
179 126 72 49
179 126 73 49
179 126 96 49
179 126 118 49
179 126 119 49
179 126 132 49
179 126 140 49
179 126 154 49
179 126 159 49
179 126 160 49
179 126 162 49
179 126 163 49
179 126 167 49
179 127 7 32
179 127 25 32
179 127 33 24
179 127 38 24
179 127 39 32
179 127 40 24
179 127 43 32
179 127 44 32
179 127 51 32
179 127 55 32
179 127 59 24
179 127 73 32
179 127 88 24
179 127 94 24
179 127 101 32
179 127 103 32
179 127 108 24
179 127 117 32
179 127 118 32
179 127 121 24
179 127 128 32
179 127 153 32
179 127 166 32
179 127 172 32
179 129 21 25
179 129 26 25
179 129 28 25
179 129 33 25
179 129 44 25
179 129 69 25
179 129 72 25
179 129 105 25
179 129 131 25
179 129 132 25
179 130 5 25
179 130 13 25
179 130 60 25
179 130 74 25
179 130 81 25
179 130 87 25
179 130 110 25
179 130 121 25
179 130 153 25
179 130 155 25
179 132 6 32
179 132 9 24
179 132 20 24
179 132 30 32
179 132 34 32
179 132 35 32
179 132 41 32
179 132 42 24
179 132 54 32
179 132 63 32
179 132 76 24
179 132 78 32
179 132 79 32
179 132 81 24
179 132 83 24
179 132 98 32
179 132 106 24
179 132 110 24
179 132 123 32
179 132 131 32
179 132 133 32
179 132 137 32
179 132 140 32
179 132 163 32
179 136 13 32
179 136 27 25
179 136 31 32
179 136 48 32
179 136 52 32
179 136 56 25
179 136 57 25
179 136 66 25
179 136 68 32
179 136 76 25
179 136 124 32
179 136 129 32
179 136 138 32
179 136 144 25
179 136 146 25
179 136 151 25
179 136 155 25
179 136 161 25
179 138 21 32
179 138 24 32
179 138 25 24
179 138 26 32
179 138 40 32
179 138 42 24
179 138 43 24
179 138 48 24
179 138 62 32
179 138 68 24
179 138 69 32
179 138 81 24
179 138 94 32
179 138 96 32
179 138 97 32
179 138 122 32
179 138 129 24
179 138 134 32
179 138 136 32
179 138 138 24
179 138 154 32
179 138 157 32
179 138 162 32
179 138 175 32
179 139 16 24
179 139 17 32
179 139 25 24
179 139 39 32
179 139 42 24
179 139 43 24
179 139 56 24
179 139 65 24
179 139 81 24
179 139 85 32
179 139 89 32
179 139 101 32
179 139 139 32
179 139 158 32
179 139 168 24
179 139 177 32
179 140 2 24
179 140 4 32
179 140 12 32
179 140 13 32
179 140 15 32
179 140 33 24
179 140 38 24
179 140 42 32
179 140 45 32
179 140 49 32
179 140 50 24
179 140 61 32
179 140 77 32
179 140 81 32
179 140 90 24
179 140 93 32
179 140 95 32
179 140 111 24
179 140 124 32
179 140 135 32
179 140 141 32
179 140 143 24
179 140 146 32
179 140 174 24
179 142 13 25
179 142 20 25
179 142 22 25
179 142 25 25
179 142 39 32
179 142 68 32
179 142 70 32
179 142 74 32
179 142 75 32
179 142 76 25
179 142 95 25
179 142 101 32
179 142 110 25
179 142 125 25
179 142 129 32
179 142 138 25
179 142 149 25
179 142 156 32
179 143 9 25
179 143 42 25
179 143 49 25
179 143 52 25
179 143 66 25
179 143 82 25
179 143 87 25
179 143 89 25
179 143 106 25
179 143 151 25
179 145 6 24
179 145 23 32
179 145 30 24
179 145 34 32
179 145 79 32
179 145 109 32
179 145 115 24
179 145 127 24
179 145 134 32
179 145 136 24
179 145 143 32
179 145 148 24
179 145 154 24
179 145 165 24
179 145 174 32
179 145 175 32
179 146 10 49
179 146 11 49
179 146 23 49
179 146 37 49
179 146 38 49
179 146 63 49
179 146 71 49
179 146 72 49
179 146 91 49
179 146 96 49
179 146 98 49
179 146 103 49
179 146 105 49
179 146 111 49
179 146 128 49
179 146 136 49
179 146 140 49
179 146 143 49
179 146 148 49
179 146 162 49
179 146 164 49
179 147 2 32
179 147 3 32
179 147 4 32
179 147 8 32
179 147 22 24
179 147 25 32
179 147 26 32
179 147 34 32
179 147 37 24
179 147 43 32
179 147 45 32
179 147 50 24
179 147 57 24
179 147 60 32
179 147 62 32
179 147 79 32
179 147 90 32
179 147 111 24
179 147 112 32
179 147 117 32
179 147 147 24
179 147 150 24
179 147 151 24
179 147 153 32
179 148 7 49
179 148 18 49
179 148 40 49
179 148 44 49
179 148 54 49
179 148 58 49
179 148 69 49
179 148 92 49
179 148 97 49
179 148 99 49
179 148 102 49
179 148 105 49
179 148 111 49
179 148 114 49
179 148 122 49
179 148 133 49
179 148 134 49
179 148 159 49
179 148 160 49
179 148 162 49
179 148 166 49
179 150 6 25
179 150 44 25
179 150 78 25
179 150 111 25
179 150 112 25
179 150 114 25
179 150 122 25
179 150 131 25
179 150 132 25
179 150 174 25
179 151 8 24
179 151 12 32
179 151 14 32
179 151 15 32
179 151 39 32
179 151 44 24
179 151 46 32
179 151 50 24
179 151 64 32
179 151 76 32
179 151 101 32
179 151 106 32
179 151 111 24
179 151 112 24
179 151 118 24
179 151 134 24
179 151 144 32
179 151 147 32
179 151 149 32
179 151 151 32
179 151 161 32
179 151 169 32
179 151 173 32
179 151 175 24
179 152 29 25
179 152 60 25
179 152 61 25
179 152 80 25
179 152 100 25
179 152 141 25
179 152 153 25
179 152 161 25
179 152 168 25
179 152 173 25
179 153 16 25
179 153 20 25
179 153 25 25
179 153 29 25
179 153 66 25
179 153 68 25
179 153 89 25
179 153 117 25
179 153 141 25
179 153 169 25
179 155 6 36
179 155 13 36
179 155 26 36
179 155 28 36
179 155 30 36
179 155 32 36
179 155 62 36
179 155 67 36
179 155 82 36
179 155 124 36
179 155 155 36
179 155 171 36
179 157 10 49
179 157 28 49
179 157 69 49
179 157 79 49
179 157 91 49
179 157 94 49
179 157 97 49
179 157 98 49
179 157 102 49
179 157 103 49
179 157 104 49
179 157 112 49
179 157 115 49
179 157 118 49
179 157 119 49
179 157 122 49
179 157 128 49
179 157 131 49
179 157 132 49
179 157 167 49
179 157 170 49
179 160 4 36
179 160 7 36
179 160 11 36
179 160 27 36
179 160 45 36
179 160 78 36
179 160 87 36
179 160 107 36
179 160 114 36
179 160 126 36
179 160 128 36
179 160 140 36
179 161 21 25
179 161 63 25
179 161 78 25
179 161 86 25
179 161 98 25
179 161 131 25
179 161 152 25
179 161 166 25
179 161 167 25
179 161 170 25
179 165 3 24
179 165 10 32
179 165 17 24
179 165 18 32
179 165 21 32
179 165 41 32
179 165 60 24
179 165 67 24
179 165 98 32
179 165 100 24
179 165 115 32
179 165 131 32
179 165 134 32
179 165 137 32
179 165 143 32
179 165 145 24
179 165 158 24
179 165 162 32
179 165 164 32
179 165 165 32
179 165 167 32
179 165 171 24
179 165 174 32
179 165 175 32
179 166 3 32
179 166 15 25
179 166 31 25
179 166 51 25
179 166 56 25
179 166 60 32
179 166 65 32
179 166 67 25
179 166 76 25
179 166 77 32
179 166 87 32
179 166 89 25
179 166 93 32
179 166 107 32
179 166 116 25
179 166 142 25
179 166 144 25
179 166 168 32
179 167 11 32
179 167 33 24
179 167 38 24
179 167 40 32
179 167 54 24
179 167 63 24
179 167 86 24
179 167 94 32
179 167 99 32
179 167 102 24
179 167 104 32
179 167 105 32
179 167 114 32
179 167 122 24
179 167 132 32
179 167 157 24
179 168 12 25
179 168 13 25
179 168 25 25
179 168 39 25
179 168 66 25
179 168 75 25
179 168 82 25
179 168 116 25
179 168 126 25
179 168 171 25
179 169 6 32
179 169 28 32
179 169 30 32
179 169 32 32
179 169 35 24
179 169 41 32
179 169 58 24
179 169 71 24
179 169 73 24
179 169 91 24
179 169 103 24
179 169 120 24
179 169 131 32
179 169 133 24
179 169 159 32
179 169 170 32
179 170 5 32
179 170 17 32
179 170 33 24
179 170 36 32
179 170 38 24
179 170 39 32
179 170 42 32
179 170 47 32
179 170 50 24
179 170 55 24
179 170 61 32
179 170 74 32
179 170 75 32
179 170 80 32
179 170 81 32
179 170 101 32
179 170 111 24
179 170 135 32
179 170 141 32
179 170 146 32
179 170 158 32
179 170 164 24
179 170 166 24
179 170 167 24
179 171 4 32
179 171 6 24
179 171 22 32
179 171 29 32
179 171 30 24
179 171 33 24
179 171 38 24
179 171 45 32
179 171 49 32
179 171 53 24
179 171 57 32
179 171 82 32
179 171 85 32
179 171 89 32
179 171 95 32
179 171 139 32
179 171 142 32
179 171 143 24
179 171 147 32
179 171 151 32
179 171 152 24
179 171 155 32
179 171 174 24
179 171 177 32
179 172 7 32
179 172 8 32
179 172 11 32
179 172 28 24
179 172 32 24
179 172 61 32
179 172 68 32
179 172 70 32
179 172 78 24
179 172 83 24
179 172 85 24
179 172 110 24
179 172 112 32
179 172 114 32
179 172 115 32
179 172 128 32
179 172 129 32
179 172 135 32
179 172 139 24
179 172 140 24
179 172 149 32
179 172 156 32
179 172 165 32
179 172 173 32
179 173 9 36
179 173 19 36
179 173 20 36
179 173 23 36
179 173 39 36
179 173 44 36
179 173 66 36
179 173 101 36
179 173 109 36
179 173 118 36
179 173 164 36
179 173 167 36
179 174 2 36
179 174 37 36
179 174 48 36
179 174 50 36
179 174 67 36
179 174 85 36
179 174 90 36
179 174 111 36
179 174 138 36
179 174 139 36
179 174 150 36
179 174 171 36
179 175 5 32
179 175 7 24
179 175 36 32
179 175 40 24
179 175 46 32
179 175 49 32
179 175 54 24
179 175 63 24
179 175 83 32
179 175 85 32
179 175 87 32
179 175 94 24
179 175 95 32
179 175 107 32
179 175 110 32
179 175 128 24
179 175 139 32
179 175 141 32
179 175 143 24
179 175 144 32
179 175 146 32
179 175 147 32
179 175 151 32
179 175 174 24
179 176 4 25
179 176 14 25
179 176 65 25
179 176 68 25
179 176 80 25
179 176 85 25
179 176 95 25
179 176 142 25
179 176 153 25
179 176 158 25
179 178 7 24
179 178 10 24
179 178 18 24
179 178 33 24
179 178 35 32
179 178 38 24
179 178 69 32
179 178 73 32
179 178 96 32
179 178 103 32
179 178 119 32
179 178 122 24
179 178 128 24
179 178 133 32
179 178 157 24
179 178 176 32
181 3 10 24
181 3 19 24
181 3 31 24
181 3 37 24
181 3 45 24
181 3 67 24
181 3 87 24
181 3 110 24
181 3 129 24
181 3 130 24
181 3 137 24
181 3 146 24
181 3 154 24
181 3 162 24
181 3 163 24
181 3 177 24
181 4 3 24
181 4 23 24
181 4 25 24
181 4 29 24
181 4 52 24
181 4 61 24
181 4 63 24
181 4 78 24
181 4 92 24
181 4 94 24
181 4 102 24
181 4 121 24
181 4 123 24
181 4 126 24
181 4 128 24
181 4 140 24
181 7 4 24
181 7 12 24
181 7 35 24
181 7 36 24
181 7 77 24
181 7 78 24
181 7 82 24
181 7 95 24
181 7 117 24
181 7 123 24
181 7 134 24
181 7 136 24
181 7 141 24
181 7 150 24
181 7 166 24
181 7 176 24
181 10 13 32
181 10 14 32
181 10 39 32
181 10 65 32
181 10 106 24
181 10 108 24
181 10 111 24
181 10 116 32
181 10 119 24
181 10 142 32
181 10 152 32
181 10 156 32
181 11 13 24
181 11 14 24
181 11 15 24
181 11 25 24
181 11 29 24
181 11 36 24
181 11 55 24
181 11 70 24
181 11 75 24
181 11 79 24
181 11 87 24
181 11 100 24
181 11 129 24
181 11 143 24
181 11 169 24
181 11 176 24
181 12 12 25
181 12 43 25
181 12 59 25
181 12 62 25
181 12 65 25
181 12 101 25
181 12 106 25
181 12 136 25
181 12 147 25
181 12 156 25
181 16 20 24
181 16 38 24
181 16 43 32
181 16 48 32
181 16 60 32
181 16 67 32
181 16 80 32
181 16 81 24
181 16 132 32
181 16 154 32
181 16 172 24
181 16 178 32
181 18 2 32
181 18 8 32
181 18 20 24
181 18 21 32
181 18 30 32
181 18 36 24
181 18 44 24
181 18 47 32
181 18 66 32
181 18 68 32
181 18 69 32
181 18 74 32
181 18 82 24
181 18 91 32
181 18 95 32
181 18 96 32
181 18 104 32
181 18 117 24
181 18 141 32
181 18 144 24
181 18 159 32
181 18 172 24
181 18 175 32
181 18 176 24
181 19 39 24
181 19 46 24
181 19 55 24
181 19 65 24
181 19 74 24
181 19 79 24
181 19 90 24
181 19 113 24
181 19 122 24
181 19 124 24
181 19 127 24
181 19 147 24
181 19 159 24
181 19 165 24
181 19 173 24
181 19 179 24
181 22 17 49
181 22 18 49
181 22 19 49
181 22 21 49
181 22 23 24
181 22 31 49
181 22 58 49
181 22 63 24
181 22 74 49
181 22 77 24
181 22 90 49
181 22 91 49
181 22 92 49
181 22 98 49
181 22 104 49
181 22 115 49
181 22 127 49
181 22 134 24
181 22 140 49
181 22 141 49
181 22 150 49
181 22 151 49
181 22 153 49
181 22 160 49
181 22 173 49
181 24 3 49
181 24 9 49
181 24 15 49
181 24 43 49
181 24 49 49
181 24 52 49
181 24 70 49
181 24 81 49
181 24 87 49
181 24 108 49
181 24 114 49
181 24 122 49
181 24 135 49
181 24 138 49
181 24 139 49
181 24 142 49
181 24 148 49
181 24 154 49
181 24 167 49
181 24 176 49
181 24 178 49
181 25 27 25
181 25 38 25
181 25 42 25
181 25 65 25
181 25 67 25
181 25 82 25
181 25 135 25
181 25 136 25
181 25 176 25
181 25 178 25
181 28 7 24
181 28 9 24
181 28 21 24
181 28 26 24
181 28 52 24
181 28 62 24
181 28 69 24
181 28 70 24
181 28 73 24
181 28 75 24
181 28 84 24
181 28 94 24
181 28 149 24
181 28 153 24
181 28 161 24
181 28 164 24
181 29 42 32
181 29 44 32
181 29 45 24
181 29 56 32
181 29 108 24
181 29 119 24
181 29 125 32
181 29 139 32
181 29 144 32
181 29 152 32
181 29 156 32
181 29 177 24
181 30 7 24
181 30 19 24
181 30 26 24
181 30 28 24
181 30 30 24
181 30 36 24
181 30 38 24
181 30 43 24
181 30 80 24
181 30 81 24
181 30 97 24
181 30 102 24
181 30 126 24
181 30 162 24
181 30 175 24
181 30 176 24
181 31 21 32
181 31 23 32
181 31 24 32
181 31 28 32
181 31 41 32
181 31 44 24
181 31 52 24
181 31 53 32
181 31 61 32
181 31 63 32
181 31 66 32
181 31 69 32
181 31 82 24
181 31 83 32
181 31 92 32
181 31 94 24
181 31 96 32
181 31 97 32
181 31 117 24
181 31 124 32
181 31 127 32
181 31 144 24
181 31 148 24
181 31 170 24
181 32 13 25
181 32 16 25
181 32 37 25
181 32 65 25
181 32 79 25
181 32 99 25
181 32 100 25
181 32 133 25
181 32 135 25
181 32 145 25
181 35 13 24
181 35 14 24
181 35 48 24
181 35 55 24
181 35 59 24
181 35 79 24
181 35 102 24
181 35 108 24
181 35 119 24
181 35 126 24
181 35 132 24
181 35 135 24
181 35 147 24
181 35 148 24
181 35 165 24
181 35 170 24
181 37 6 24
181 37 21 49
181 37 31 24
181 37 32 49
181 37 35 49
181 37 40 49
181 37 41 49
181 37 47 49
181 37 63 49
181 37 68 49
181 37 76 49
181 37 78 49
181 37 84 49
181 37 91 49
181 37 93 49
181 37 96 49
181 37 97 49
181 37 103 49
181 37 110 49
181 37 124 49
181 37 140 49
181 37 146 24
181 37 151 24
181 37 159 49
181 37 175 49
181 38 3 36
181 38 5 36
181 38 70 36
181 38 75 36
181 38 121 36
181 38 145 36
181 39 7 49
181 39 17 49
181 39 30 49
181 39 31 49
181 39 54 49
181 39 66 24
181 39 68 49
181 39 83 49
181 39 84 49
181 39 88 49
181 39 89 24
181 39 96 24
181 39 97 49
181 39 98 49
181 39 103 49
181 39 110 49
181 39 115 49
181 39 118 49
181 39 120 24
181 39 124 49
181 39 134 49
181 39 159 49
181 39 164 49
181 39 174 49
181 39 179 49
181 40 4 24
181 40 13 24
181 40 14 24
181 40 37 24
181 40 39 24
181 40 46 24
181 40 48 24
181 40 65 24
181 40 122 24
181 40 132 24
181 40 136 24
181 40 137 24
181 40 148 24
181 40 152 24
181 40 156 24
181 40 170 24
181 41 3 24
181 41 24 24
181 41 47 24
181 41 50 24
181 41 56 24
181 41 83 24
181 41 104 24
181 41 105 24
181 41 118 24
181 41 121 24
181 41 139 24
181 41 147 24
181 41 148 24
181 41 158 24
181 41 165 24
181 41 170 24
181 42 11 36
181 42 33 36
181 42 37 36
181 42 42 36
181 42 125 36
181 42 137 36
181 43 4 36
181 43 9 36
181 43 70 36
181 43 75 36
181 43 136 36
181 43 161 36
181 44 6 32
181 44 20 24
181 44 28 32
181 44 43 24
181 44 48 24
181 44 49 24
181 44 51 32
181 44 61 32
181 44 66 32
181 44 71 32
181 44 78 32
181 44 80 24
181 44 90 32
181 44 92 32
181 44 95 32
181 44 96 32
181 44 97 32
181 44 123 32
181 44 132 24
181 44 133 24
181 44 141 32
181 44 151 32
181 44 172 24
181 44 179 32
181 46 4 24
181 46 13 24
181 46 14 24
181 46 43 24
181 46 46 24
181 46 55 24
181 46 56 24
181 46 79 24
181 46 80 24
181 46 82 24
181 46 87 24
181 46 117 24
181 46 122 24
181 46 129 24
181 46 136 24
181 46 139 24
181 47 5 24
181 47 7 32
181 47 9 24
181 47 21 32
181 47 26 32
181 47 31 32
181 47 69 32
181 47 78 32
181 47 82 24
181 47 90 32
181 47 110 32
181 47 113 32
181 47 117 24
181 47 123 32
181 47 130 32
181 47 145 24
181 47 146 32
181 47 155 32
181 47 161 24
181 47 167 24
181 47 168 24
181 47 173 32
181 47 174 32
181 47 179 32
181 48 2 49
181 48 7 24
181 48 10 49
181 48 17 49
181 48 23 49
181 48 24 49
181 48 26 24
181 48 28 49
181 48 30 49
181 48 40 49
181 48 58 49
181 48 68 49
181 48 77 49
181 48 84 49
181 48 89 49
181 48 93 49
181 48 95 49
181 48 104 49
181 48 110 49
181 48 112 24
181 48 113 49
181 48 123 49
181 48 127 49
181 48 151 49
181 48 160 24
181 49 12 49
181 49 16 49
181 49 20 49
181 49 27 49
181 49 38 49
181 49 43 49
181 49 48 49
181 49 62 49
181 49 70 49
181 49 82 49
181 49 94 49
181 49 100 49
181 49 116 49
181 49 122 49
181 49 135 49
181 49 137 49
181 49 148 49
181 49 165 49
181 49 169 49
181 49 176 49
181 49 178 49
181 51 9 36
181 51 48 36
181 51 67 36
181 51 132 36
181 51 154 36
181 51 161 36
181 59 9 49
181 59 12 49
181 59 15 49
181 59 38 49
181 59 42 49
181 59 46 49
181 59 55 49
181 59 56 49
181 59 60 49
181 59 67 49
181 59 80 49
181 59 87 49
181 59 100 49
181 59 116 49
181 59 126 49
181 59 133 49
181 59 138 49
181 59 165 49
181 59 170 49
181 59 172 49
181 59 177 49
181 61 16 32
181 61 34 32
181 61 39 24
181 61 65 24
181 61 70 32
181 61 75 32
181 61 102 24
181 61 116 32
181 61 126 24
181 61 142 32
181 61 167 32
181 61 168 32
181 62 11 24
181 62 17 24
181 62 21 24
181 62 32 24
181 62 33 24
181 62 39 24
181 62 52 24
181 62 61 24
181 62 65 24
181 62 67 24
181 62 69 24
181 62 85 24
181 62 92 24
181 62 94 24
181 62 115 24
181 62 154 24
181 63 3 36
181 63 13 36
181 63 14 36
181 63 27 36
181 63 114 36
181 63 121 36
181 64 22 32
181 64 47 32
181 64 50 32
181 64 66 32
181 64 96 32
181 64 104 32
181 64 105 32
181 64 107 32
181 65 61 32
181 65 66 32
181 65 84 32
181 65 92 32
181 65 96 32
181 65 98 32
181 65 153 32
181 65 157 32
181 66 13 36
181 66 14 36
181 66 20 36
181 66 45 36
181 66 172 36
181 66 177 36
181 67 15 24
181 67 16 32
181 67 34 32
181 67 37 32
181 67 45 32
181 67 59 32
181 67 135 32
181 67 137 32
181 67 152 24
181 67 156 24
181 67 169 24
181 67 177 32
181 68 2 24
181 68 18 49
181 68 19 49
181 68 35 49
181 68 53 49
181 68 54 49
181 68 72 49
181 68 83 49
181 68 85 24
181 68 89 49
181 68 91 24
181 68 92 49
181 68 110 49
181 68 112 49
181 68 115 24
181 68 118 49
181 68 134 49
181 68 140 49
181 68 141 49
181 68 153 49
181 68 155 49
181 68 159 49
181 68 164 49
181 68 173 49
181 68 175 49
181 69 10 49
181 69 18 49
181 69 19 49
181 69 22 49
181 69 32 49
181 69 50 24
181 69 51 49
181 69 53 49
181 69 61 49
181 69 63 49
181 69 72 24
181 69 76 49
181 69 88 24
181 69 91 49
181 69 95 49
181 69 96 49
181 69 105 24
181 69 109 49
181 69 113 49
181 69 115 49
181 69 123 49
181 69 130 49
181 69 158 49
181 69 160 49
181 69 179 49
181 71 17 49
181 71 19 49
181 71 23 49
181 71 26 49
181 71 30 49
181 71 40 24
181 71 66 24
181 71 72 49
181 71 74 49
181 71 76 49
181 71 78 49
181 71 84 49
181 71 85 49
181 71 86 24
181 71 93 49
181 71 96 24
181 71 103 49
181 71 104 49
181 71 107 49
181 71 124 49
181 71 130 49
181 71 140 49
181 71 151 49
181 71 160 49
181 71 179 49
181 72 17 32
181 72 18 32
181 72 32 32
181 72 47 32
181 72 89 32
181 72 104 32
181 72 120 32
181 72 171 32
181 73 5 25
181 73 38 25
181 73 99 25
181 73 121 25
181 73 139 25
181 73 143 25
181 73 161 25
181 73 166 25
181 73 168 25
181 73 177 25
181 75 4 24
181 75 9 32
181 75 13 32
181 75 14 32
181 75 38 32
181 75 81 32
181 75 136 24
181 75 147 32
181 75 161 32
181 75 165 32
181 75 167 24
181 75 168 24
181 76 22 25
181 76 23 25
181 76 50 25
181 76 83 25
181 76 96 25
181 76 115 25
181 76 120 25
181 76 141 25
181 76 163 25
181 76 179 25
181 78 48 36
181 78 67 36
181 78 116 36
181 78 132 36
181 78 142 36
181 78 154 36
181 79 37 36
181 79 39 36
181 79 56 36
181 79 65 36
181 79 137 36
181 79 139 36
181 83 20 32
181 83 25 32
181 83 29 32
181 83 36 32
181 83 43 24
181 83 46 32
181 83 52 24
181 83 80 24
181 83 94 24
181 83 122 32
181 83 172 32
181 83 176 32
181 84 6 32
181 84 51 32
181 84 58 32
181 84 61 32
181 84 71 32
181 84 92 32
181 84 103 32
181 84 151 32
181 85 6 49
181 85 7 49
181 85 18 49
181 85 19 49
181 85 32 49
181 85 35 49
181 85 47 24
181 85 51 49
181 85 53 49
181 85 61 49
181 85 63 49
181 85 66 49
181 85 69 49
181 85 77 49
181 85 85 49
181 85 104 24
181 85 110 24
181 85 120 49
181 85 123 49
181 85 124 49
181 85 130 24
181 85 141 49
181 85 157 49
181 85 163 49
181 85 179 49
181 87 6 25
181 87 23 25
181 87 31 25
181 87 72 25
181 87 104 25
181 87 124 25
181 87 130 25
181 87 131 25
181 87 150 25
181 87 171 25
181 89 11 24
181 89 33 24
181 89 101 32
181 89 106 32
181 89 108 32
181 89 111 32
181 89 116 24
181 89 119 32
181 89 138 32
181 89 142 24
181 89 148 32
181 89 170 32
181 90 4 49
181 90 12 49
181 90 13 49
181 90 25 49
181 90 39 49
181 90 73 49
181 90 79 49
181 90 100 49
181 90 101 49
181 90 108 49
181 90 111 49
181 90 116 49
181 90 117 49
181 90 121 49
181 90 126 49
181 90 145 49
181 90 148 49
181 90 156 49
181 90 161 49
181 90 172 49
181 90 176 49
181 91 5 49
181 91 9 49
181 91 20 49
181 91 25 49
181 91 33 49
181 91 36 49
181 91 55 49
181 91 60 49
181 91 64 49
181 91 65 49
181 91 70 49
181 91 73 49
181 91 80 49
181 91 81 49
181 91 102 49
181 91 108 49
181 91 142 49
181 91 156 49
181 91 168 49
181 91 169 49
181 91 177 49
181 92 11 32
181 92 33 32
181 92 39 24
181 92 43 32
181 92 62 32
181 92 65 24
181 92 70 32
181 92 73 32
181 92 75 32
181 92 80 32
181 92 148 24
181 92 170 24
181 94 10 25
181 94 31 25
181 94 50 25
181 94 51 25
181 94 57 25
181 94 77 25
181 94 109 25
181 94 150 25
181 94 158 25
181 94 175 25
181 96 2 49
181 96 18 49
181 96 24 49
181 96 40 49
181 96 51 24
181 96 57 49
181 96 58 49
181 96 61 49
181 96 71 24
181 96 77 24
181 96 96 49
181 96 104 49
181 96 112 49
181 96 115 49
181 96 118 49
181 96 120 49
181 96 128 49
181 96 130 49
181 96 134 24
181 96 146 49
181 96 149 49
181 96 162 49
181 96 163 49
181 96 174 49
181 96 175 49
181 97 30 32
181 97 78 32
181 97 89 32
181 97 110 32
181 97 120 32
181 97 123 32
181 97 130 32
181 97 175 32
181 98 5 32
181 98 9 32
181 98 59 32
181 98 87 24
181 98 101 24
181 98 129 24
181 98 135 32
181 98 138 24
181 98 145 32
181 98 152 32
181 98 156 32
181 98 161 32
181 102 42 36
181 102 44 36
181 102 116 36
181 102 125 36
181 102 142 36
181 102 144 36
181 103 27 36
181 103 39 36
181 103 49 36
181 103 65 36
181 103 114 36
181 103 133 36
181 105 2 25
181 105 18 25
181 105 40 25
181 105 61 25
181 105 66 25
181 105 85 25
181 105 98 25
181 105 131 25
181 105 158 25
181 105 159 25
181 106 13 24
181 106 14 24
181 106 16 32
181 106 20 32
181 106 34 32
181 106 45 24
181 106 100 32
181 106 143 32
181 106 167 32
181 106 168 32
181 106 172 32
181 106 177 24
181 108 4 25
181 108 13 25
181 108 15 25
181 108 20 25
181 108 38 25
181 108 42 25
181 108 60 25
181 108 82 25
181 108 143 25
181 108 176 25
181 109 10 32
181 109 61 32
181 109 77 32
181 109 92 32
181 109 134 32
181 109 149 32
181 109 163 32
181 109 164 32
181 110 2 49
181 110 21 49
181 110 30 49
181 110 41 49
181 110 51 49
181 110 57 49
181 110 74 49
181 110 77 49
181 110 78 49
181 110 85 24
181 110 88 49
181 110 95 24
181 110 96 49
181 110 97 49
181 110 103 49
181 110 105 49
181 110 107 49
181 110 109 49
181 110 115 24
181 110 141 24
181 110 151 49
181 110 155 49
181 110 158 49
181 110 162 49
181 110 164 49
181 112 2 49
181 112 21 49
181 112 23 49
181 112 51 49
181 112 58 49
181 112 66 49
181 112 68 49
181 112 72 49
181 112 76 24
181 112 85 49
181 112 86 49
181 112 90 49
181 112 93 24
181 112 105 49
181 112 109 24
181 112 118 49
181 112 120 49
181 112 128 49
181 112 130 49
181 112 131 24
181 112 149 49
181 112 159 49
181 112 162 49
181 112 163 49
181 112 171 49
181 113 6 49
181 113 8 49
181 113 17 49
181 113 22 49
181 113 26 49
181 113 28 49
181 113 40 49
181 113 41 49
181 113 47 49
181 113 63 49
181 113 66 24
181 113 69 49
181 113 71 49
181 113 89 49
181 113 90 24
181 113 92 49
181 113 96 24
181 113 98 49
181 113 109 49
181 113 127 49
181 113 128 49
181 113 146 49
181 113 162 49
181 113 163 49
181 113 179 24
181 114 4 32
181 114 12 24
181 114 25 24
181 114 29 24
181 114 44 32
181 114 46 32
181 114 122 32
181 114 136 32
181 114 144 32
181 114 147 32
181 114 165 32
181 114 166 24
181 115 4 36
181 115 9 36
181 115 136 36
181 115 161 36
181 115 167 36
181 115 168 36
181 116 24 32
181 116 28 32
181 116 83 32
181 116 85 32
181 116 89 32
181 116 97 32
181 116 115 32
181 116 120 32
181 117 74 32
181 117 76 32
181 117 77 32
181 117 85 32
181 117 115 32
181 117 131 32
181 117 134 32
181 117 159 32
181 118 60 36
181 118 67 36
181 118 154 36
181 118 167 36
181 118 168 36
181 118 178 36
181 119 27 24
181 119 66 24
181 119 87 24
181 119 89 24
181 119 96 24
181 119 112 24
181 119 114 24
181 119 116 24
181 119 120 24
181 119 129 24
181 119 142 24
181 119 148 24
181 119 149 24
181 119 160 24
181 119 164 24
181 119 170 24
181 120 13 32
181 120 14 32
181 120 39 32
181 120 55 24
181 120 65 32
181 120 79 24
181 120 106 32
181 120 111 32
181 120 116 24
181 120 142 24
181 120 147 32
181 120 165 32
181 122 4 49
181 122 9 49
181 122 11 49
181 122 16 49
181 122 43 49
181 122 48 49
181 122 55 49
181 122 65 49
181 122 81 49
181 122 94 49
181 122 101 49
181 122 114 49
181 122 121 49
181 122 125 49
181 122 126 49
181 122 135 49
181 122 139 49
181 122 143 49
181 122 166 49
181 122 169 49
181 122 172 49
181 130 20 36
181 130 27 36
181 130 49 36
181 130 114 36
181 130 133 36
181 130 172 36
181 132 3 49
181 132 5 49
181 132 12 49
181 132 16 49
181 132 33 49
181 132 44 49
181 132 46 49
181 132 59 49
181 132 65 49
181 132 81 49
181 132 87 49
181 132 99 49
181 132 111 49
181 132 119 49
181 132 133 49
181 132 138 49
181 132 143 49
181 132 154 49
181 132 161 49
181 132 165 49
181 132 169 49
181 133 21 24
181 133 30 49
181 133 54 49
181 133 58 49
181 133 68 49
181 133 69 24
181 133 71 49
181 133 77 49
181 133 86 49
181 133 88 49
181 133 92 49
181 133 97 49
181 133 104 49
181 133 113 49
181 133 123 49
181 133 141 49
181 133 151 49
181 133 153 49
181 133 155 24
181 133 157 49
181 133 158 49
181 133 164 49
181 133 171 49
181 133 174 24
181 133 179 49
181 134 2 32
181 134 7 32
181 134 8 32
181 134 13 24
181 134 14 24
181 134 20 24
181 134 26 32
181 134 35 32
181 134 36 24
181 134 51 32
181 134 58 32
181 134 64 24
181 134 68 32
181 134 71 32
181 134 91 32
181 134 99 24
181 134 103 32
181 134 112 32
181 134 150 32
181 134 155 32
181 134 160 32
181 134 172 24
181 134 174 32
181 134 176 24
181 135 42 24
181 135 45 24
181 135 52 24
181 135 59 24
181 135 64 24
181 135 94 24
181 135 99 24
181 135 101 24
181 135 102 24
181 135 125 24
181 135 126 24
181 135 135 24
181 135 138 24
181 135 167 24
181 135 168 24
181 135 177 24
181 137 2 32
181 137 9 24
181 137 30 32
181 137 40 32
181 137 48 24
181 137 49 24
181 137 58 32
181 137 84 32
181 137 85 32
181 137 86 32
181 137 89 32
181 137 91 32
181 137 101 24
181 137 103 32
181 137 110 32
181 137 115 32
181 137 120 32
181 137 130 32
181 137 132 24
181 137 133 24
181 137 138 24
181 137 153 32
181 137 161 24
181 137 175 32
181 138 20 36
181 138 45 36
181 138 106 36
181 138 111 36
181 138 172 36
181 138 177 36
181 139 44 36
181 139 56 36
181 139 139 36
181 139 144 36
181 139 148 36
181 139 170 36
181 140 11 24
181 140 16 24
181 140 23 24
181 140 33 24
181 140 34 24
181 140 42 24
181 140 60 24
181 140 63 24
181 140 76 24
181 140 77 24
181 140 98 24
181 140 125 24
181 140 131 24
181 140 134 24
181 140 157 24
181 140 178 24
181 141 11 24
181 141 25 24
181 141 29 24
181 141 33 24
181 141 44 24
181 141 45 24
181 141 49 24
181 141 59 24
181 141 116 24
181 141 133 24
181 141 135 24
181 141 142 24
181 141 144 24
181 141 167 24
181 141 168 24
181 141 177 24
181 142 2 49
181 142 7 49
181 142 17 49
181 142 22 49
181 142 47 49
181 142 57 49
181 142 61 24
181 142 63 49
181 142 66 49
181 142 71 49
181 142 78 49
181 142 83 49
181 142 84 49
181 142 85 24
181 142 92 24
181 142 93 49
181 142 97 49
181 142 98 49
181 142 113 49
181 142 115 24
181 142 127 49
181 142 150 49
181 142 151 49
181 142 164 49
181 142 174 49
181 143 36 36
181 143 60 36
181 143 106 36
181 143 111 36
181 143 176 36
181 143 178 36
181 144 6 49
181 144 22 49
181 144 30 24
181 144 35 24
181 144 41 49
181 144 57 49
181 144 71 49
181 144 78 49
181 144 84 49
181 144 85 49
181 144 88 49
181 144 90 49
181 144 97 49
181 144 103 49
181 144 105 49
181 144 113 49
181 144 118 49
181 144 134 49
181 144 140 49
181 144 141 49
181 144 146 49
181 144 149 49
181 144 150 24
181 144 160 49
181 144 175 24
181 146 11 24
181 146 16 24
181 146 33 24
181 146 34 24
181 146 46 24
181 146 49 24
181 146 55 24
181 146 62 24
181 146 73 24
181 146 79 24
181 146 102 24
181 146 122 24
181 146 126 24
181 146 133 24
181 146 167 24
181 146 168 24
181 149 36 25
181 149 46 25
181 149 48 25
181 149 81 25
181 149 82 25
181 149 102 25
181 149 116 25
181 149 144 25
181 149 165 25
181 149 168 25
181 150 11 24
181 150 33 24
181 150 37 24
181 150 54 32
181 150 57 32
181 150 64 24
181 150 84 32
181 150 85 32
181 150 87 24
181 150 89 32
181 150 98 32
181 150 99 24
181 150 112 32
181 150 115 32
181 150 118 32
181 150 120 32
181 150 128 32
181 150 129 24
181 150 137 24
181 150 140 32
181 150 153 32
181 150 157 32
181 150 158 32
181 150 160 32
181 151 5 24
181 151 6 24
181 151 19 24
181 151 55 24
181 151 79 24
181 151 84 24
181 151 100 24
181 151 101 24
181 151 138 24
181 151 143 24
181 151 145 24
181 151 151 24
181 151 153 24
181 151 155 24
181 151 162 24
181 151 174 24
181 152 4 24
181 152 25 32
181 152 29 32
181 152 37 32
181 152 42 32
181 152 56 32
181 152 62 24
181 152 73 24
181 152 125 32
181 152 136 24
181 152 137 32
181 152 139 32
181 153 17 24
181 153 20 24
181 153 28 24
181 153 32 24
181 153 87 24
181 153 97 24
181 153 106 24
181 153 108 24
181 153 111 24
181 153 112 24
181 153 119 24
181 153 129 24
181 153 155 24
181 153 160 24
181 153 172 24
181 153 174 24
181 156 3 25
181 156 5 25
181 156 45 25
181 156 46 25
181 156 99 25
181 156 114 25
181 156 116 25
181 156 139 25
181 156 143 25
181 156 154 25
181 157 3 49
181 157 5 49
181 157 14 49
181 157 27 49
181 157 33 49
181 157 39 49
181 157 42 49
181 157 43 49
181 157 46 49
181 157 59 49
181 157 67 49
181 157 73 49
181 157 94 49
181 157 100 49
181 157 111 49
181 157 129 49
181 157 132 49
181 157 138 49
181 157 166 49
181 157 172 49
181 157 178 49
181 159 8 49
181 159 21 49
181 159 28 49
181 159 30 49
181 159 31 49
181 159 40 49
181 159 41 49
181 159 47 24
181 159 54 49
181 159 66 49
181 159 77 49
181 159 83 49
181 159 89 49
181 159 90 49
181 159 91 49
181 159 104 24
181 159 107 49
181 159 118 24
181 159 123 49
181 159 150 49
181 159 158 24
181 159 160 49
181 159 162 49
181 159 163 49
181 159 164 49
181 162 2 24
181 162 8 24
181 162 16 24
181 162 22 24
181 162 34 24
181 162 54 24
181 162 57 24
181 162 59 24
181 162 68 24
181 162 91 24
181 162 102 24
181 162 107 24
181 162 116 24
181 162 126 24
181 162 135 24
181 162 142 24
181 163 5 24
181 163 6 32
181 163 9 24
181 163 22 32
181 163 37 24
181 163 40 32
181 163 64 24
181 163 77 32
181 163 85 32
181 163 86 32
181 163 90 32
181 163 99 24
181 163 107 32
181 163 112 32
181 163 113 32
181 163 115 32
181 163 134 32
181 163 137 24
181 163 145 24
181 163 151 32
181 163 160 32
181 163 161 24
181 163 173 32
181 163 179 32
181 165 3 32
181 165 9 24
181 165 27 32
181 165 49 32
181 165 100 24
181 165 101 32
181 165 114 32
181 165 121 32
181 165 133 32
181 165 138 32
181 165 143 24
181 165 161 24
181 169 25 25
181 169 34 25
181 169 45 25
181 169 75 25
181 169 80 25
181 169 116 25
181 169 119 25
181 169 122 25
181 169 138 25
181 169 169 25
181 170 5 24
181 170 12 24
181 170 38 24
181 170 52 24
181 170 81 24
181 170 94 24
181 170 102 24
181 170 106 24
181 170 111 24
181 170 126 24
181 170 145 24
181 170 152 24
181 170 156 24
181 170 166 24
181 170 167 24
181 170 168 24
181 171 25 32
181 171 29 32
181 171 39 32
181 171 62 24
181 171 65 32
181 171 70 24
181 171 73 24
181 171 75 24
181 171 116 32
181 171 142 32
181 171 167 32
181 171 168 32
181 174 5 24
181 174 15 24
181 174 31 24
181 174 40 24
181 174 45 24
181 174 47 24
181 174 58 24
181 174 64 24
181 174 86 24
181 174 99 24
181 174 103 24
181 174 104 24
181 174 145 24
181 174 146 24
181 174 169 24
181 174 177 24
181 177 41 24
181 177 53 24
181 177 55 24
181 177 58 24
181 177 60 24
181 177 79 24
181 177 87 24
181 177 89 24
181 177 103 24
181 177 118 24
181 177 120 24
181 177 129 24
181 177 152 24
181 177 156 24
181 177 158 24
181 177 178 24
181 178 4 24
181 178 18 24
181 178 19 24
181 178 27 24
181 178 35 24
181 178 44 24
181 178 51 24
181 178 52 24
181 178 71 24
181 178 94 24
181 178 114 24
181 178 136 24
181 178 144 24
181 178 150 24
181 178 162 24
181 178 171 24
191 0 2 24
191 0 7 32
191 0 29 32
191 0 35 32
191 0 47 24
191 0 60 32
191 0 63 32
191 0 65 24
191 0 79 32
191 0 82 32
191 0 94 32
191 0 95 24
191 0 96 24
191 0 97 32
191 0 109 32
191 0 112 32
191 0 126 24
191 0 128 32
191 0 131 32
191 0 144 24
191 0 156 32
191 0 162 32
191 0 184 32
191 0 189 24
191 1 25 32
191 1 61 24
191 1 70 24
191 1 74 32
191 1 81 32
191 1 87 32
191 1 88 32
191 1 89 32
191 1 90 24
191 1 101 32
191 1 102 24
191 1 103 24
191 1 104 24
191 1 107 32
191 1 109 32
191 1 111 32
191 1 119 24
191 1 133 32
191 1 135 32
191 1 140 32
191 1 158 32
191 1 161 24
191 1 176 32
191 1 184 32
191 3 33 25
191 3 42 25
191 3 61 25
191 3 62 25
191 3 71 25
191 3 83 25
191 3 84 25
191 3 122 25
191 3 157 25
191 3 188 25
191 4 5 32
191 4 12 32
191 4 15 32
191 4 16 32
191 4 17 32
191 4 20 32
191 4 26 24
191 4 31 32
191 4 36 32
191 4 37 32
191 4 40 32
191 4 43 32
191 4 45 32
191 4 51 32
191 4 61 32
191 4 62 32
191 4 65 32
191 4 67 32
191 4 69 32
191 4 75 32
191 4 86 32
191 4 95 24
191 4 100 32
191 4 102 24
191 4 103 24
191 4 105 24
191 4 106 24
191 4 109 32
191 4 114 32
191 4 119 32
191 4 127 24
191 4 134 32
191 4 142 32
191 4 144 32
191 4 148 24
191 4 151 24
191 4 152 32
191 4 153 32
191 4 159 24
191 4 163 32
191 4 169 24
191 4 170 32
191 4 171 24
191 4 182 24
191 4 184 32
191 4 185 24
191 4 188 24
191 4 189 24
191 5 19 49
191 5 35 49
191 5 37 49
191 5 47 49
191 5 56 49
191 5 61 49
191 5 66 49
191 5 73 49
191 5 76 49
191 5 82 49
191 5 88 49
191 5 112 49
191 5 113 49
191 5 114 49
191 5 122 49
191 5 124 49
191 5 139 49
191 5 141 49
191 5 148 49
191 5 179 49
191 5 186 49
191 6 2 32
191 6 5 32
191 6 8 32
191 6 15 32
191 6 19 32
191 6 20 32
191 6 24 32
191 6 33 32
191 6 36 32
191 6 38 24
191 6 40 32
191 6 43 32
191 6 51 32
191 6 57 24
191 6 60 32
191 6 69 32
191 6 70 24
191 6 72 32
191 6 81 32
191 6 86 32
191 6 88 24
191 6 89 24
191 6 90 24
191 6 96 32
191 6 97 24
191 6 104 24
191 6 106 32
191 6 110 32
191 6 124 24
191 6 125 32
191 6 128 24
191 6 130 32
191 6 136 32
191 6 140 24
191 6 146 32
191 6 150 32
191 6 153 32
191 6 156 32
191 6 158 32
191 6 161 24
191 6 167 24
191 6 174 32
191 6 176 24
191 6 177 32
191 6 181 32
191 6 182 32
191 6 183 24
191 6 186 24
191 7 3 32
191 7 11 24
191 7 17 32
191 7 20 32
191 7 25 32
191 7 26 32
191 7 27 32
191 7 33 32
191 7 44 24
191 7 45 32
191 7 56 24
191 7 58 24
191 7 59 32
191 7 61 24
191 7 64 32
191 7 68 32
191 7 72 24
191 7 78 32
191 7 80 24
191 7 86 32
191 7 88 32
191 7 89 32
191 7 92 32
191 7 98 32
191 7 100 32
191 7 105 32
191 7 107 32
191 7 110 32
191 7 115 32
191 7 117 24
191 7 119 24
191 7 120 32
191 7 130 24
191 7 137 24
191 7 139 24
191 7 140 24
191 7 145 24
191 7 146 32
191 7 150 32
191 7 154 32
191 7 160 32
191 7 169 32
191 7 170 32
191 7 171 32
191 7 174 32
191 7 176 24
191 7 177 32
191 7 178 24
191 9 14 36
191 9 20 27
191 9 27 27
191 9 30 27
191 9 31 36
191 9 37 36
191 9 41 36
191 9 42 36
191 9 44 36
191 9 60 27
191 9 73 36
191 9 79 27
191 9 102 27
191 9 128 27
191 9 135 27
191 9 141 36
191 9 144 27
191 9 148 36
191 9 151 36
191 9 157 36
191 9 178 36
191 10 3 32
191 10 4 32
191 10 6 32
191 10 7 24
191 10 9 32
191 10 11 32
191 10 15 32
191 10 19 24
191 10 23 32
191 10 25 32
191 10 32 32
191 10 34 32
191 10 38 24
191 10 42 32
191 10 46 32
191 10 48 32
191 10 50 24
191 10 51 32
191 10 53 32
191 10 54 32
191 10 62 24
191 10 64 32
191 10 67 24
191 10 72 32
191 10 75 32
191 10 82 24
191 10 84 24
191 10 85 32
191 10 99 24
191 10 107 32
191 10 108 32
191 10 109 32
191 10 114 24
191 10 118 32
191 10 130 32
191 10 134 24
191 10 139 32
191 10 140 32
191 10 141 32
191 10 149 24
191 10 163 32
191 10 164 24
191 10 166 24
191 10 173 32
191 10 176 32
191 10 181 24
191 10 184 32
191 10 186 24
191 11 3 27
191 11 19 36
191 11 24 27
191 11 26 27
191 11 27 36
191 11 34 36
191 11 76 36
191 11 77 27
191 11 81 27
191 11 86 27
191 11 87 36
191 11 92 36
191 11 93 36
191 11 100 27
191 11 101 36
191 11 118 36
191 11 136 27
191 11 153 27
191 11 154 36
191 11 160 36
191 11 181 36
191 14 3 32
191 14 4 32
191 14 6 24
191 14 13 32
191 14 25 32
191 14 28 32
191 14 30 32
191 14 32 24
191 14 33 24
191 14 35 24
191 14 42 32
191 14 46 32
191 14 48 32
191 14 50 32
191 14 52 32
191 14 53 24
191 14 54 32
191 14 60 24
191 14 61 32
191 14 64 32
191 14 65 32
191 14 79 32
191 14 80 32
191 14 81 32
191 14 84 24
191 14 87 24
191 14 99 32
191 14 101 24
191 14 107 32
191 14 110 24
191 14 116 32
191 14 117 32
191 14 119 32
191 14 121 32
191 14 131 24
191 14 140 24
191 14 141 32
191 14 144 32
191 14 147 32
191 14 149 32
191 14 156 24
191 14 158 32
191 14 162 32
191 14 164 32
191 14 166 24
191 14 173 24
191 14 176 24
191 14 180 32
191 16 7 27
191 16 22 24
191 16 29 27
191 16 30 24
191 16 35 36
191 16 37 27
191 16 46 24
191 16 54 24
191 16 57 24
191 16 83 36
191 16 94 27
191 16 105 27
191 16 106 36
191 16 121 24
191 16 124 24
191 16 127 27
191 16 131 36
191 16 143 27
191 16 157 27
191 16 165 24
191 16 168 36
191 16 175 27
191 16 182 36
191 18 3 25
191 18 16 25
191 18 25 25
191 18 79 25
191 18 98 25
191 18 128 25
191 18 144 25
191 18 150 25
191 18 156 25
191 18 172 25
191 19 4 36
191 19 13 36
191 19 48 36
191 19 98 36
191 19 115 36
191 19 147 36
191 20 18 36
191 20 25 36
191 20 65 36
191 20 107 36
191 20 138 36
191 20 144 36
191 21 14 24
191 21 18 32
191 21 41 24
191 21 46 32
191 21 53 32
191 21 54 32
191 21 57 32
191 21 60 24
191 21 77 32
191 21 80 24
191 21 117 24
191 21 124 32
191 21 127 24
191 21 129 32
191 21 133 32
191 21 135 32
191 21 138 32
191 21 140 32
191 21 142 32
191 21 152 32
191 21 156 24
191 21 173 32
191 21 176 32
191 21 188 24
191 22 4 36
191 22 7 27
191 22 13 36
191 22 15 36
191 22 28 27
191 22 36 36
191 22 46 36
191 22 48 36
191 22 51 36
191 22 54 36
191 22 63 27
191 22 69 36
191 22 70 27
191 22 73 27
191 22 83 27
191 22 100 36
191 22 147 36
191 22 167 27
191 22 170 36
191 22 181 27
191 22 187 27
191 23 8 24
191 23 11 36
191 23 24 24
191 23 33 36
191 23 37 27
191 23 44 24
191 23 65 24
191 23 84 27
191 23 99 27
191 23 110 36
191 23 116 27
191 23 127 24
191 23 137 27
191 23 139 36
191 23 144 24
191 23 159 27
191 23 167 27
191 23 174 27
191 23 175 36
191 23 178 24
191 23 179 36
191 23 188 24
191 23 189 27
191 24 10 32
191 24 13 24
191 24 17 32
191 24 19 24
191 24 44 32
191 24 45 32
191 24 57 24
191 24 67 32
191 24 77 32
191 24 84 32
191 24 98 24
191 24 115 24
191 24 123 32
191 24 124 24
191 24 127 32
191 24 129 32
191 24 132 32
191 24 134 32
191 24 147 24
191 24 166 32
191 24 172 32
191 24 178 32
191 24 181 24
191 24 188 32
191 25 5 36
191 25 13 36
191 25 26 36
191 25 29 27
191 25 39 36
191 25 49 36
191 25 63 27
191 25 82 27
191 25 90 36
191 25 101 27
191 25 104 36
191 25 147 36
191 25 150 36
191 25 153 36
191 25 159 27
191 25 166 27
191 25 169 36
191 25 177 36
191 25 178 27
191 25 186 27
191 25 187 27
191 26 20 36
191 26 86 36
191 26 90 36
191 26 100 36
191 26 104 36
191 26 170 36
191 27 28 49
191 27 29 49
191 27 31 49
191 27 41 49
191 27 42 49
191 27 56 49
191 27 66 49
191 27 74 49
191 27 82 49
191 27 91 49
191 27 105 49
191 27 127 49
191 27 132 49
191 27 140 49
191 27 155 49
191 27 157 49
191 27 168 49
191 27 173 49
191 27 178 49
191 27 182 49
191 27 183 49
191 28 2 32
191 28 6 32
191 28 9 32
191 28 13 32
191 28 17 32
191 28 21 24
191 28 26 32
191 28 30 32
191 28 31 32
191 28 32 32
191 28 34 24
191 28 35 24
191 28 37 32
191 28 39 32
191 28 45 32
191 28 49 32
191 28 52 24
191 28 53 24
191 28 56 24
191 28 58 24
191 28 70 24
191 28 73 32
191 28 77 32
191 28 85 32
191 28 91 24
191 28 95 32
191 28 96 32
191 28 97 32
191 28 118 24
191 28 121 32
191 28 125 32
191 28 128 32
191 28 129 32
191 28 131 24
191 28 133 32
191 28 135 32
191 28 136 32
191 28 143 24
191 28 147 32
191 28 148 32
191 28 151 32
191 28 157 32
191 28 161 24
191 28 169 32
191 28 173 24
191 28 180 24
191 28 187 24
191 28 189 32
191 31 23 25
191 31 36 25
191 31 52 25
191 31 64 25
191 31 81 25
191 31 103 25
191 31 133 25
191 31 160 25
191 31 162 25
191 31 163 25
191 32 5 32
191 32 7 32
191 32 9 32
191 32 14 24
191 32 18 32
191 32 26 24
191 32 34 32
191 32 36 32
191 32 41 24
191 32 50 32
191 32 67 32
191 32 69 32
191 32 70 32
191 32 73 24
191 32 76 24
191 32 82 32
191 32 83 24
191 32 85 32
191 32 88 32
191 32 89 32
191 32 90 32
191 32 93 24
191 32 97 32
191 32 100 32
191 32 102 32
191 32 103 32
191 32 104 32
191 32 118 32
191 32 122 32
191 32 125 24
191 32 128 32
191 32 133 32
191 32 134 32
191 32 135 32
191 32 136 24
191 32 138 32
191 32 140 24
191 32 146 24
191 32 149 32
191 32 153 32
191 32 155 32
191 32 157 24
191 32 161 32
191 32 168 24
191 32 169 24
191 32 170 32
191 32 174 24
191 32 176 24
191 33 4 24
191 33 6 32
191 33 10 24
191 33 20 32
191 33 21 32
191 33 22 32
191 33 26 24
191 33 29 32
191 33 32 32
191 33 42 32
191 33 46 24
191 33 47 32
191 33 48 24
191 33 52 24
191 33 54 24
191 33 57 32
191 33 72 32
191 33 83 32
191 33 86 32
191 33 88 24
191 33 89 24
191 33 91 32
191 33 99 24
191 33 102 32
191 33 103 32
191 33 106 32
191 33 112 32
191 33 123 32
191 33 124 32
191 33 126 32
191 33 130 32
191 33 132 32
191 33 140 32
191 33 141 32
191 33 142 32
191 33 150 24
191 33 152 32
191 33 164 24
191 33 165 32
191 33 167 32
191 33 168 32
191 33 169 24
191 33 172 24
191 33 176 32
191 33 177 24
191 33 180 24
191 33 182 32
191 33 183 32
191 34 3 32
191 34 5 24
191 34 11 24
191 34 17 32
191 34 20 32
191 34 22 32
191 34 27 32
191 34 28 24
191 34 40 32
191 34 42 32
191 34 43 32
191 34 45 32
191 34 50 32
191 34 60 32
191 34 64 32
191 34 67 32
191 34 73 24
191 34 75 24
191 34 76 32
191 34 81 32
191 34 86 32
191 34 92 32
191 34 93 32
191 34 98 32
191 34 99 24
191 34 100 32
191 34 115 32
191 34 116 24
191 34 123 32
191 34 132 32
191 34 134 32
191 34 139 24
191 34 141 32
191 34 142 24
191 34 149 32
191 34 152 24
191 34 153 24
191 34 154 32
191 34 156 32
191 34 157 24
191 34 158 32
191 34 160 32
191 34 163 24
191 34 164 24
191 34 165 32
191 34 170 32
191 34 175 24
191 34 179 24
191 36 4 36
191 36 48 36
191 36 60 36
191 36 81 36
191 36 156 36
191 36 158 36
191 37 3 25
191 37 13 25
191 37 16 25
191 37 32 25
191 37 43 25
191 37 49 25
191 37 80 25
191 37 129 25
191 37 153 25
191 37 160 25
191 38 2 25
191 38 4 25
191 38 45 25
191 38 54 25
191 38 86 25
191 38 97 25
191 38 103 25
191 38 115 25
191 38 130 25
191 38 138 25
191 39 11 25
191 39 21 25
191 39 28 25
191 39 33 25
191 39 41 25
191 39 53 25
191 39 140 25
191 39 165 25
191 39 174 25
191 39 179 25
191 40 2 25
191 40 9 25
191 40 34 25
191 40 45 25
191 40 50 25
191 40 60 25
191 40 80 25
191 40 102 25
191 40 107 25
191 40 133 25
191 41 3 36
191 41 7 36
191 41 10 36
191 41 12 27
191 41 26 27
191 41 45 27
191 41 51 27
191 41 64 36
191 41 72 36
191 41 73 36
191 41 78 27
191 41 82 36
191 41 92 27
191 41 128 27
191 41 130 36
191 41 143 36
191 41 144 27
191 41 149 27
191 41 157 36
191 41 172 36
191 41 187 36
191 42 10 36
191 42 12 36
191 42 16 36
191 42 23 36
191 42 108 36
191 42 172 36
191 44 9 24
191 44 14 32
191 44 26 24
191 44 27 32
191 44 28 32
191 44 41 32
191 44 61 32
191 44 62 32
191 44 71 24
191 44 77 32
191 44 78 32
191 44 85 24
191 44 92 32
191 44 113 24
191 44 114 32
191 44 116 32
191 44 119 32
191 44 120 32
191 44 129 32
191 44 133 32
191 44 135 32
191 44 148 24
191 44 151 24
191 44 169 24
191 45 2 36
191 45 60 36
191 45 96 36
191 45 150 36
191 45 156 36
191 45 177 36
191 47 56 25
191 47 66 25
191 47 70 25
191 47 99 25
191 47 112 25
191 47 123 25
191 47 127 25
191 47 171 25
191 47 174 25
191 47 189 25
191 48 4 25
191 48 49 25
191 48 69 25
191 48 72 25
191 48 79 25
191 48 135 25
191 48 136 25
191 48 150 25
191 48 158 25
191 48 169 25
191 49 53 25
191 49 73 25
191 49 112 25
191 49 123 25
191 49 127 25
191 49 140 25
191 49 152 25
191 49 181 25
191 49 185 25
191 49 189 25
191 51 14 49
191 51 22 49
191 51 31 49
191 51 47 49
191 51 58 49
191 51 70 49
191 51 82 49
191 51 83 49
191 51 89 49
191 51 93 49
191 51 99 49
191 51 124 49
191 51 140 49
191 51 145 49
191 51 151 49
191 51 155 49
191 51 166 49
191 51 167 49
191 51 178 49
191 51 186 49
191 51 187 49
191 53 3 49
191 53 8 49
191 53 9 49
191 53 16 49
191 53 27 49
191 53 36 49
191 53 40 49
191 53 45 49
191 53 54 49
191 53 59 49
191 53 72 49
191 53 75 49
191 53 78 49
191 53 80 49
191 53 98 49
191 53 108 49
191 53 121 49
191 53 135 49
191 53 138 49
191 53 153 49
191 53 162 49
191 55 14 25
191 55 91 25
191 55 110 25
191 55 126 25
191 55 132 25
191 55 137 25
191 55 141 25
191 55 164 25
191 55 171 25
191 55 188 25
191 56 27 36
191 56 36 36
191 56 69 36
191 56 92 36
191 56 154 36
191 56 160 36
191 58 2 36
191 58 3 27
191 58 6 36
191 58 11 24
191 58 20 24
191 58 24 27
191 58 27 27
191 58 30 36
191 58 32 36
191 58 33 24
191 58 72 27
191 58 86 24
191 58 90 24
191 58 96 36
191 58 97 27
191 58 98 27
191 58 104 24
191 58 110 24
191 58 117 27
191 58 121 36
191 58 136 27
191 58 139 24
191 58 162 27
191 61 59 36
191 61 68 36
191 61 79 36
191 61 98 36
191 61 115 36
191 61 162 36
191 63 4 32
191 63 13 32
191 63 25 24
191 63 26 24
191 63 30 32
191 63 48 32
191 63 57 24
191 63 71 32
191 63 102 32
191 63 103 32
191 63 105 32
191 63 107 24
191 63 113 32
191 63 121 32
191 63 124 24
191 63 127 24
191 63 147 32
191 63 148 32
191 63 151 32
191 63 167 32
191 63 169 24
191 63 171 32
191 63 183 32
191 63 188 24
191 64 3 24
191 64 7 32
191 64 11 32
191 64 13 32
191 64 19 24
191 64 30 24
191 64 35 32
191 64 40 24
191 64 43 24
191 64 46 32
191 64 54 32
191 64 62 32
191 64 64 24
191 64 71 32
191 64 72 24
191 64 73 32
191 64 74 32
191 64 75 24
191 64 81 32
191 64 82 32
191 64 83 32
191 64 97 24
191 64 99 32
191 64 100 32
191 64 105 32
191 64 106 24
191 64 111 32
191 64 113 32
191 64 114 32
191 64 121 24
191 64 127 32
191 64 128 24
191 64 130 24
191 64 131 32
191 64 139 32
191 64 146 32
191 64 147 32
191 64 157 32
191 64 158 32
191 64 163 24
191 64 164 32
191 64 168 32
191 64 170 32
191 64 171 32
191 64 174 32
191 64 181 24
191 64 182 24
191 64 188 32
191 65 6 27
191 65 27 27
191 65 30 27
191 65 34 36
191 65 36 36
191 65 38 24
191 65 39 36
191 65 46 24
191 65 48 27
191 65 49 36
191 65 54 24
191 65 65 24
191 65 69 36
191 65 88 24
191 65 89 24
191 65 100 27
191 65 108 27
191 65 118 36
191 65 120 27
191 65 138 27
191 65 144 24
191 65 169 27
191 65 186 24
191 67 2 32
191 67 3 24
191 67 9 32
191 67 19 24
191 67 20 32
191 67 22 24
191 67 26 32
191 67 38 32
191 67 44 32
191 67 50 32
191 67 59 32
191 67 62 24
191 67 64 24
191 67 65 24
191 67 68 32
191 67 75 32
191 67 77 32
191 67 81 32
191 67 85 32
191 67 86 32
191 67 87 24
191 67 88 24
191 67 89 24
191 67 96 32
191 67 97 32
191 67 101 24
191 67 105 24
191 67 109 32
191 67 114 24
191 67 125 32
191 67 128 32
191 67 129 32
191 67 136 32
191 67 137 32
191 67 144 24
191 67 145 32
191 67 149 32
191 67 158 32
191 67 163 32
191 67 165 24
191 67 169 32
191 67 171 24
191 67 175 32
191 67 178 32
191 67 179 32
191 67 181 24
191 67 184 32
191 67 186 32
191 68 8 27
191 68 17 27
191 68 19 36
191 68 29 36
191 68 42 36
191 68 47 36
191 68 49 27
191 68 59 27
191 68 65 27
191 68 72 27
191 68 112 36
191 68 126 36
191 68 140 36
191 68 141 36
191 68 143 36
191 68 163 27
191 68 169 27
191 68 176 36
191 68 181 36
191 68 184 27
191 68 187 36
191 69 57 36
191 69 84 36
191 69 124 36
191 69 142 36
191 69 152 36
191 69 166 36
191 70 13 27
191 70 15 36
191 70 23 36
191 70 39 36
191 70 49 36
191 70 51 36
191 70 56 36
191 70 57 36
191 70 58 36
191 70 63 36
191 70 68 27
191 70 75 27
191 70 94 36
191 70 108 36
191 70 120 27
191 70 124 36
191 70 130 27
191 70 133 27
191 70 158 27
191 70 162 27
191 70 170 27
191 71 2 49
191 71 13 49
191 71 24 49
191 71 34 49
191 71 40 49
191 71 45 49
191 71 50 49
191 71 77 49
191 71 79 49
191 71 86 49
191 71 100 49
191 71 102 49
191 71 107 49
191 71 117 49
191 71 120 49
191 71 134 49
191 71 138 49
191 71 150 49
191 71 156 49
191 71 163 49
191 71 169 49
191 72 5 25
191 72 8 25
191 72 30 25
191 72 36 25
191 72 50 25
191 72 59 25
191 72 102 25
191 72 104 25
191 72 156 25
191 72 160 25
191 73 2 24
191 73 22 24
191 73 33 24
191 73 38 27
191 73 47 36
191 73 52 24
191 73 58 27
191 73 70 36
191 73 87 27
191 73 96 24
191 73 99 36
191 73 110 24
191 73 114 27
191 73 122 27
191 73 126 36
191 73 143 27
191 73 161 36
191 73 164 36
191 73 165 24
191 73 174 27
191 73 180 24
191 73 181 27
191 73 185 27
191 74 3 36
191 74 5 36
191 74 15 36
191 74 51 36
191 74 64 36
191 74 153 36
191 75 12 25
191 75 26 25
191 75 49 25
191 75 104 25
191 75 107 25
191 75 117 25
191 75 118 25
191 75 130 25
191 75 150 25
191 75 156 25
191 77 4 32
191 77 9 32
191 77 10 32
191 77 11 32
191 77 19 24
191 77 20 32
191 77 22 24
191 77 29 32
191 77 34 32
191 77 46 32
191 77 48 32
191 77 50 32
191 77 54 32
191 77 59 24
191 77 65 32
191 77 68 24
191 77 70 32
191 77 76 24
191 77 78 32
191 77 80 32
191 77 85 32
191 77 86 32
191 77 90 24
191 77 93 24
191 77 98 32
191 77 102 32
191 77 103 32
191 77 104 24
191 77 106 24
191 77 112 32
191 77 115 32
191 77 117 32
191 77 118 32
191 77 120 32
191 77 139 32
191 77 140 24
191 77 144 32
191 77 146 24
191 77 149 32
191 77 161 32
191 77 165 24
191 77 167 32
191 77 172 32
191 77 174 24
191 77 176 24
191 77 181 24
191 77 182 24
191 77 183 32
191 78 22 25
191 78 29 25
191 78 42 25
191 78 84 25
191 78 93 25
191 78 113 25
191 78 123 25
191 78 142 25
191 78 173 25
191 78 186 25
191 82 9 36
191 82 23 36
191 82 85 36
191 82 100 36
191 82 108 36
191 82 170 36
191 83 3 25
191 83 6 25
191 83 24 25
191 83 25 25
191 83 60 25
191 83 77 25
191 83 78 25
191 83 85 25
191 83 104 25
191 83 160 25
191 84 4 24
191 84 5 32
191 84 31 32
191 84 37 32
191 84 39 32
191 84 47 24
191 84 48 24
191 84 49 32
191 84 55 32
191 84 56 24
191 84 58 24
191 84 66 32
191 84 80 32
191 84 84 32
191 84 102 32
191 84 103 32
191 84 106 32
191 84 117 32
191 84 125 24
191 84 126 24
191 84 136 24
191 84 153 32
191 84 166 32
191 84 182 32
191 85 6 36
191 85 11 27
191 85 28 36
191 85 29 36
191 85 32 36
191 85 41 27
191 85 46 36
191 85 54 36
191 85 82 27
191 85 83 27
191 85 87 36
191 85 93 27
191 85 97 36
191 85 101 36
191 85 112 36
191 85 114 27
191 85 116 36
191 85 128 36
191 85 157 27
191 85 159 27
191 85 179 27
191 86 25 27
191 86 44 36
191 86 47 36
191 86 48 27
191 86 61 36
191 86 72 27
191 86 75 27
191 86 76 36
191 86 86 27
191 86 93 36
191 86 115 27
191 86 117 27
191 86 119 36
191 86 126 36
191 86 133 27
191 86 134 27
191 86 140 36
191 86 146 36
191 86 174 36
191 86 176 36
191 86 178 36
191 87 26 36
191 87 65 36
191 87 133 36
191 87 135 36
191 87 144 36
191 87 169 36
191 89 3 25
191 89 18 25
191 89 20 25
191 89 43 25
191 89 90 25
191 89 102 25
191 89 118 25
191 89 121 25
191 89 129 25
191 89 177 25
191 90 6 25
191 90 16 25
191 90 36 25
191 90 50 25
191 90 80 25
191 90 121 25
191 90 136 25
191 90 144 25
191 90 158 25
191 90 170 25
191 91 10 36
191 91 26 36
191 91 35 36
191 91 37 27
191 91 44 27
191 91 56 36
191 91 58 36
191 91 79 36
191 91 112 27
191 91 116 27
191 91 131 36
191 91 137 27
191 91 141 27
191 91 162 36
191 91 165 27
191 91 168 27
191 91 169 36
191 91 172 36
191 91 173 27
191 91 175 36
191 91 179 36
191 92 4 49
191 92 5 49
191 92 15 49
191 92 16 49
191 92 17 49
191 92 23 49
191 92 36 49
191 92 39 49
191 92 46 49
191 92 50 49
191 92 67 49
191 92 72 49
191 92 77 49
191 92 92 49
191 92 109 49
191 92 117 49
191 92 121 49
191 92 136 49
191 92 154 49
191 92 156 49
191 92 180 49
191 93 6 32
191 93 9 24
191 93 14 32
191 93 18 32
191 93 19 32
191 93 27 32
191 93 28 32
191 93 32 32
191 93 35 32
191 93 38 32
191 93 41 32
191 93 42 32
191 93 46 24
191 93 47 32
191 93 50 32
191 93 53 32
191 93 54 24
191 93 57 24
191 93 78 24
191 93 85 24
191 93 90 24
191 93 92 32
191 93 97 24
191 93 104 24
191 93 116 32
191 93 120 24
191 93 123 32
191 93 124 24
191 93 126 32
191 93 127 32
191 93 128 24
191 93 131 32
191 93 132 32
191 93 137 32
191 93 138 32
191 93 141 32
191 93 143 24
191 93 145 32
191 93 146 32
191 93 149 32
191 93 154 24
191 93 160 24
191 93 173 32
191 93 174 32
191 93 181 32
191 93 186 32
191 93 187 24
191 93 188 32
191 95 2 25
191 95 3 25
191 95 4 25
191 95 50 25
191 95 54 25
191 95 98 25
191 95 120 25
191 95 156 25
191 95 172 25
191 95 180 25
191 96 11 25
191 96 19 25
191 96 35 25
191 96 71 25
191 96 93 25
191 96 137 25
191 96 141 25
191 96 187 25
191 96 188 25
191 96 189 25
191 98 3 32
191 98 4 24
191 98 5 32
191 98 10 32
191 98 17 32
191 98 18 32
191 98 31 24
191 98 37 24
191 98 42 32
191 98 45 32
191 98 46 32
191 98 48 24
191 98 50 32
191 98 53 32
191 98 54 32
191 98 59 32
191 98 60 32
191 98 63 24
191 98 64 32
191 98 65 32
191 98 67 24
191 98 68 32
191 98 71 24
191 98 75 32
191 98 87 24
191 98 94 24
191 98 99 32
191 98 101 24
191 98 106 24
191 98 113 24
191 98 134 24
191 98 137 24
191 98 138 32
191 98 141 32
191 98 144 32
191 98 145 24
191 98 149 32
191 98 150 32
191 98 153 32
191 98 156 32
191 98 159 32
191 98 163 32
191 98 164 32
191 98 172 32
191 98 173 32
191 98 177 32
191 98 182 24
191 98 185 32
191 99 11 49
191 99 35 49
191 99 37 49
191 99 55 49
191 99 70 49
191 99 74 49
191 99 82 49
191 99 99 49
191 99 114 49
191 99 119 49
191 99 124 49
191 99 141 49
191 99 145 49
191 99 152 49
191 99 155 49
191 99 168 49
191 99 174 49
191 99 175 49
191 99 176 49
191 99 186 49
191 99 187 49
191 100 12 36
191 100 16 36
191 100 18 27
191 100 19 36
191 100 22 36
191 100 23 27
191 100 26 27
191 100 29 36
191 100 50 27
191 100 54 27
191 100 60 36
191 100 75 27
191 100 79 27
191 100 112 36
191 100 133 36
191 100 135 36
191 100 147 27
191 100 154 27
191 100 156 36
191 100 165 36
191 100 181 36
191 101 21 25
191 101 33 25
191 101 47 25
191 101 55 25
191 101 70 25
191 101 111 25
191 101 141 25
191 101 155 25
191 101 175 25
191 101 185 25
191 102 14 25
191 102 62 25
191 102 70 25
191 102 73 25
191 102 89 25
191 102 101 25
191 102 148 25
191 102 171 25
191 102 173 25
191 102 188 25
191 104 22 36
191 104 47 36
191 104 56 36
191 104 58 36
191 104 126 36
191 104 165 36
191 105 13 36
191 105 15 36
191 105 17 36
191 105 45 36
191 105 51 36
191 105 57 27
191 105 58 27
191 105 65 36
191 105 72 36
191 105 74 27
191 105 76 27
191 105 98 36
191 105 105 27
191 105 115 36
191 105 116 27
191 105 119 27
191 105 130 36
191 105 143 27
191 105 144 36
191 105 147 36
191 105 166 27
191 106 12 27
191 106 32 27
191 106 34 27
191 106 63 36
191 106 75 36
191 106 77 27
191 106 79 36
191 106 90 36
191 106 94 36
191 106 98 27
191 106 104 36
191 106 108 27
191 106 109 27
191 106 137 36
191 106 145 36
191 106 150 27
191 106 159 36
191 106 162 36
191 106 163 36
191 106 180 27
191 106 185 36
191 107 9 32
191 107 25 32
191 107 38 32
191 107 55 24
191 107 65 24
191 107 66 24
191 107 74 32
191 107 85 32
191 107 88 32
191 107 89 32
191 107 107 32
191 107 111 32
191 107 125 32
191 107 133 24
191 107 135 24
191 107 136 32
191 107 142 32
191 107 143 24
191 107 144 24
191 107 152 32
191 107 154 32
191 107 160 32
191 107 186 32
191 107 187 24
191 108 31 25
191 108 87 25
191 108 106 25
191 108 113 25
191 108 114 25
191 108 131 25
191 108 166 25
191 108 167 25
191 108 185 25
191 108 188 25
191 109 21 36
191 109 83 36
191 109 91 36
191 109 106 36
191 109 168 36
191 109 182 36
191 113 5 25
191 113 18 25
191 113 49 25
191 113 68 25
191 113 78 25
191 113 98 25
191 113 107 25
191 113 149 25
191 113 162 25
191 113 169 25
191 114 8 32
191 114 9 24
191 114 10 24
191 114 15 24
191 114 17 24
191 114 19 32
191 114 24 32
191 114 26 24
191 114 30 32
191 114 42 32
191 114 45 24
191 114 47 32
191 114 51 24
191 114 52 32
191 114 71 32
191 114 73 32
191 114 74 32
191 114 76 32
191 114 79 32
191 114 85 24
191 114 87 24
191 114 88 32
191 114 89 32
191 114 93 32
191 114 98 24
191 114 101 24
191 114 105 32
191 114 106 32
191 114 111 32
191 114 113 32
191 114 115 24
191 114 121 32
191 114 123 24
191 114 126 32
191 114 132 24
191 114 137 32
191 114 141 32
191 114 143 32
191 114 145 32
191 114 157 32
191 114 162 32
191 114 169 24
191 114 171 32
191 114 172 24
191 114 180 32
191 114 181 32
191 114 182 32
191 114 187 32
191 116 35 25
191 116 41 25
191 116 61 25
191 116 73 25
191 116 74 25
191 116 84 25
191 116 87 25
191 116 142 25
191 116 165 25
191 116 179 25
191 117 38 36
191 117 127 36
191 117 140 36
191 117 176 36
191 117 186 36
191 117 188 36
191 118 6 27
191 118 10 27
191 118 11 24
191 118 17 27
191 118 26 24
191 118 27 36
191 118 30 36
191 118 48 27
191 118 65 36
191 118 69 27
191 118 77 27
191 118 81 24
191 118 92 36
191 118 95 24
191 118 104 27
191 118 121 36
191 118 133 27
191 118 139 24
191 118 144 36
191 118 153 27
191 118 158 24
191 118 169 24
191 118 189 24
191 119 31 25
191 119 35 25
191 119 87 25
191 119 89 25
191 119 132 25
191 119 141 25
191 119 155 25
191 119 161 25
191 119 183 25
191 119 186 25
191 120 22 49
191 120 28 49
191 120 35 49
191 120 41 49
191 120 53 49
191 120 57 49
191 120 71 49
191 120 74 49
191 120 84 49
191 120 89 49
191 120 91 49
191 120 105 49
191 120 112 49
191 120 114 49
191 120 141 49
191 120 146 49
191 120 151 49
191 120 157 49
191 120 167 49
191 120 178 49
191 120 189 49
191 121 21 27
191 121 29 27
191 121 33 27
191 121 58 27
191 121 61 27
191 121 67 36
191 121 71 27
191 121 83 36
191 121 97 36
191 121 116 27
191 121 123 27
191 121 128 36
191 121 133 36
191 121 134 36
191 121 135 36
191 121 140 36
191 121 142 36
191 121 152 36
191 121 168 36
191 121 176 36
191 121 178 27
191 122 25 36
191 122 39 36
191 122 49 36
191 122 67 36
191 122 107 36
191 122 134 36
191 123 4 36
191 123 7 27
191 123 10 36
191 123 15 36
191 123 22 27
191 123 28 27
191 123 48 36
191 123 50 36
191 123 51 36
191 123 65 36
191 123 79 36
191 123 119 27
191 123 126 27
191 123 132 27
191 123 142 27
191 123 144 36
191 123 149 36
191 123 162 36
191 123 172 36
191 123 174 27
191 123 183 27
191 124 5 32
191 124 7 32
191 124 10 24
191 124 12 32
191 124 13 32
191 124 16 32
191 124 20 24
191 124 22 32
191 124 26 24
191 124 28 32
191 124 33 32
191 124 42 32
191 124 46 32
191 124 47 24
191 124 54 32
191 124 55 32
191 124 62 32
191 124 63 32
191 124 66 32
191 124 77 24
191 124 82 32
191 124 86 24
191 124 90 24
191 124 94 32
191 124 95 32
191 124 102 24
191 124 103 24
191 124 104 24
191 124 105 32
191 124 106 32
191 124 110 32
191 124 114 32
191 124 116 32
191 124 123 32
191 124 126 24
191 124 127 24
191 124 129 24
191 124 132 32
191 124 141 32
191 124 147 32
191 124 153 32
191 124 165 32
191 124 169 24
191 124 171 32
191 124 172 24
191 124 182 32
191 124 188 24
191 124 189 32
191 126 5 24
191 126 22 27
191 126 47 24
191 126 53 27
191 126 71 27
191 126 73 36
191 126 83 27
191 126 91 27
191 126 102 24
191 126 103 24
191 126 122 36
191 126 126 24
191 126 137 24
191 126 142 36
191 126 143 27
191 126 145 24
191 126 152 36
191 126 153 24
191 126 155 36
191 126 157 36
191 126 161 27
191 126 164 27
191 126 185 27
191 127 3 32
191 127 9 24
191 127 10 24
191 127 17 32
191 127 20 32
191 127 21 32
191 127 23 32
191 127 27 32
191 127 28 24
191 127 33 32
191 127 34 32
191 127 44 32
191 127 45 32
191 127 52 32
191 127 60 32
191 127 61 24
191 127 63 24
191 127 64 32
191 127 70 24
191 127 77 32
191 127 78 32
191 127 80 32
191 127 85 24
191 127 86 32
191 127 91 32
191 127 92 32
191 127 94 24
191 127 108 32
191 127 109 32
191 127 110 32
191 127 116 24
191 127 117 32
191 127 118 32
191 127 119 24
191 127 120 32
191 127 127 24
191 127 129 32
191 127 137 32
191 127 145 32
191 127 148 24
191 127 151 24
191 127 156 32
191 127 161 24
191 127 172 24
191 127 178 32
191 127 180 32
191 127 184 32
191 127 188 24
191 128 3 24
191 128 8 32
191 128 20 32
191 128 22 24
191 128 24 32
191 128 40 32
191 128 43 32
191 128 44 32
191 128 64 24
191 128 67 24
191 128 70 32
191 128 78 32
191 128 84 24
191 128 86 32
191 128 88 32
191 128 89 32
191 128 120 32
191 128 134 24
191 128 143 32
191 128 161 32
191 128 165 24
191 128 166 24
191 128 178 32
191 128 187 32
191 130 29 36
191 130 76 36
191 130 93 36
191 130 112 36
191 130 123 36
191 130 132 36
191 133 29 27
191 133 52 24
191 133 55 27
191 133 70 36
191 133 74 27
191 133 81 24
191 133 87 24
191 133 93 27
191 133 94 27
191 133 95 36
191 133 101 24
191 133 105 24
191 133 119 27
191 133 158 24
191 133 159 36
191 133 161 36
191 133 164 27
191 133 167 27
191 133 171 24
191 133 180 24
191 133 185 36
191 133 188 27
191 133 189 36
191 135 31 36
191 135 37 36
191 135 99 36
191 135 122 36
191 135 155 36
191 135 164 36
191 136 3 25
191 136 20 25
191 136 27 25
191 136 50 25
191 136 54 25
191 136 59 25
191 136 65 25
191 136 81 25
191 136 100 25
191 136 177 25
191 138 29 49
191 138 38 49
191 138 53 49
191 138 56 49
191 138 70 49
191 138 83 49
191 138 93 49
191 138 111 49
191 138 113 49
191 138 116 49
191 138 119 49
191 138 132 49
191 138 137 49
191 138 146 49
191 138 151 49
191 138 155 49
191 138 164 49
191 138 175 49
191 138 182 49
191 138 183 49
191 138 188 49
191 140 4 49
191 140 5 49
191 140 13 49
191 140 24 49
191 140 25 49
191 140 36 49
191 140 40 49
191 140 46 49
191 140 51 49
191 140 67 49
191 140 92 49
191 140 98 49
191 140 102 49
191 140 108 49
191 140 109 49
191 140 121 49
191 140 133 49
191 140 144 49
191 140 160 49
191 140 169 49
191 140 177 49
191 142 2 25
191 142 6 25
191 142 10 25
191 142 39 25
191 142 51 25
191 142 64 25
191 142 68 25
191 142 79 25
191 142 118 25
191 142 138 25
191 143 22 25
191 143 33 25
191 143 41 25
191 143 55 25
191 143 56 25
191 143 112 25
191 143 119 25
191 143 122 25
191 143 142 25
191 143 187 25
191 144 2 25
191 144 17 25
191 144 20 25
191 144 64 25
191 144 68 25
191 144 79 25
191 144 92 25
191 144 121 25
191 144 125 25
191 144 135 25
191 146 14 36
191 146 35 36
191 146 41 36
191 146 95 36
191 146 131 36
191 146 189 36
191 147 22 24
191 147 40 24
191 147 43 24
191 147 56 32
191 147 58 32
191 147 62 32
191 147 71 32
191 147 72 32
191 147 75 32
191 147 77 32
191 147 78 24
191 147 99 32
191 147 106 24
191 147 113 32
191 147 114 32
191 147 120 24
191 147 129 32
191 147 130 32
191 147 150 32
191 147 163 32
191 147 164 32
191 147 165 24
191 147 177 32
191 147 182 24
191 149 19 36
191 149 83 36
191 149 168 36
191 149 175 36
191 149 179 36
191 149 181 36
191 150 4 36
191 150 19 36
191 150 34 36
191 150 42 27
191 150 47 27
191 150 48 36
191 150 61 36
191 150 63 27
191 150 99 27
191 150 109 36
191 150 113 27
191 150 118 36
191 150 119 36
191 150 127 36
191 150 140 27
191 150 146 27
191 150 165 27
191 150 179 27
191 150 181 36
191 150 184 36
191 150 188 36
191 151 58 25
191 151 84 25
191 151 89 25
191 151 111 25
191 151 131 25
191 151 141 25
191 151 146 25
191 151 157 25
191 151 182 25
191 151 189 25
191 152 12 25
191 152 17 25
191 152 26 25
191 152 51 25
191 152 138 25
191 152 150 25
191 152 158 25
191 152 163 25
191 152 170 25
191 152 180 25
191 153 53 25
191 153 61 25
191 153 76 25
191 153 88 25
191 153 94 25
191 153 105 25
191 153 137 25
191 153 146 25
191 153 187 25
191 153 189 25
191 154 31 25
191 154 38 25
191 154 62 25
191 154 111 25
191 154 142 25
191 154 148 25
191 154 159 25
191 154 175 25
191 154 178 25
191 154 188 25
191 155 33 36
191 155 35 36
191 155 110 36
191 155 131 36
191 155 143 36
191 155 187 36
191 157 12 24
191 157 16 24
191 157 21 32
191 157 26 32
191 157 27 24
191 157 28 24
191 157 31 32
191 157 33 32
191 157 34 24
191 157 35 32
191 157 37 32
191 157 38 24
191 157 39 24
191 157 42 32
191 157 49 24
191 157 50 32
191 157 52 24
191 157 57 32
191 157 59 32
191 157 68 32
191 157 75 24
191 157 76 32
191 157 91 32
191 157 92 24
191 157 93 32
191 157 98 32
191 157 99 32
191 157 105 32
191 157 110 32
191 157 115 32
191 157 116 24
191 157 118 24
191 157 124 32
191 157 127 32
191 157 131 32
191 157 141 32
191 157 146 32
191 157 148 32
191 157 149 32
191 157 151 32
191 157 163 24
191 157 164 32
191 157 169 32
191 157 171 32
191 157 174 32
191 157 180 24
191 157 186 24
191 157 188 32
191 158 8 32
191 158 9 32
191 158 11 24
191 158 14 24
191 158 15 32
191 158 19 24
191 158 22 24
191 158 23 32
191 158 24 32
191 158 26 32
191 158 27 24
191 158 39 32
191 158 41 24
191 158 49 32
191 158 50 32
191 158 51 32
191 158 59 32
191 158 61 32
191 158 65 32
191 158 67 32
191 158 68 32
191 158 79 32
191 158 85 32
191 158 88 32
191 158 89 32
191 158 92 24
191 158 100 32
191 158 102 24
191 158 103 24
191 158 105 32
191 158 108 32
191 158 119 32
191 158 134 32
191 158 137 24
191 158 139 24
191 158 143 24
191 158 144 32
191 158 145 24
191 158 149 32
191 158 159 32
191 158 162 32
191 158 165 24
191 158 169 32
191 158 170 32
191 158 171 32
191 158 181 24
191 158 185 32
191 158 187 24
191 159 15 24
191 159 17 24
191 159 21 32
191 159 22 24
191 159 23 24
191 159 30 32
191 159 34 24
191 159 36 32
191 159 38 32
191 159 42 32
191 159 45 24
191 159 51 24
191 159 53 32
191 159 55 24
191 159 56 32
191 159 57 32
191 159 58 32
191 159 63 32
191 159 66 24
191 159 69 32
191 159 73 32
191 159 87 32
191 159 88 32
191 159 89 32
191 159 91 32
191 159 94 32
191 159 98 24
191 159 101 32
191 159 102 32
191 159 103 32
191 159 106 32
191 159 108 24
191 159 109 32
191 159 115 24
191 159 118 24
191 159 121 32
191 159 122 32
191 159 124 32
191 159 141 32
191 159 150 24
191 159 155 32
191 159 157 32
191 159 165 24
191 159 173 32
191 159 177 24
191 159 182 32
191 159 184 32
191 159 186 32
191 160 28 25
191 160 29 25
191 160 31 25
191 160 58 25
191 160 88 25
191 160 110 25
191 160 127 25
191 160 139 25
191 160 155 25
191 160 168 25
191 163 2 32
191 163 4 24
191 163 11 24
191 163 18 24
191 163 22 32
191 163 30 24
191 163 34 32
191 163 40 32
191 163 43 32
191 163 44 32
191 163 48 24
191 163 55 32
191 163 56 32
191 163 58 32
191 163 60 24
191 163 62 32
191 163 63 32
191 163 66 32
191 163 70 32
191 163 73 24
191 163 94 32
191 163 95 32
191 163 96 32
191 163 100 24
191 163 106 32
191 163 114 32
191 163 118 32
191 163 121 24
191 163 133 24
191 163 135 24
191 163 138 24
191 163 139 24
191 163 142 32
191 163 146 32
191 163 152 32
191 163 154 32
191 163 156 24
191 163 157 24
191 163 159 32
191 163 160 32
191 163 161 32
191 163 165 32
191 163 170 24
191 163 174 32
191 163 178 32
191 163 182 32
191 163 185 32
191 163 189 32
191 164 8 49
191 164 9 49
191 164 13 49
191 164 18 49
191 164 23 49
191 164 34 49
191 164 36 49
191 164 51 49
191 164 59 49
191 164 64 49
191 164 86 49
191 164 100 49
191 164 109 49
191 164 117 49
191 164 125 49
191 164 135 49
191 164 149 49
191 164 150 49
191 164 160 49
191 164 162 49
191 164 163 49
191 165 21 36
191 165 87 36
191 165 91 36
191 165 101 36
191 165 105 36
191 165 171 36
191 166 4 27
191 166 5 27
191 166 13 27
191 166 14 36
191 166 22 36
191 166 25 27
191 166 32 27
191 166 38 36
191 166 41 36
191 166 44 36
191 166 87 36
191 166 90 27
191 166 101 36
191 166 109 27
191 166 128 27
191 166 142 36
191 166 152 36
191 166 162 27
191 166 165 36
191 166 178 36
191 166 186 36
191 167 3 32
191 167 10 24
191 167 13 32
191 167 19 32
191 167 25 32
191 167 44 24
191 167 57 32
191 167 59 32
191 167 62 32
191 167 64 32
191 167 67 24
191 167 68 32
191 167 76 24
191 167 93 24
191 167 107 32
191 167 114 32
191 167 124 32
191 167 134 24
191 167 146 32
191 167 147 32
191 167 172 24
191 167 174 32
191 167 178 24
191 167 181 32
191 168 2 27
191 168 3 24
191 168 12 36
191 168 13 24
191 168 16 36
191 168 17 27
191 168 24 27
191 168 32 27
191 168 47 24
191 168 52 36
191 168 54 27
191 168 64 24
191 168 75 27
191 168 81 36
191 168 92 27
191 168 107 27
191 168 126 24
191 168 147 24
191 168 154 27
191 168 158 36
191 168 167 24
191 168 180 36
191 168 183 24
191 169 4 27
191 169 10 27
191 169 21 36
191 169 24 27
191 169 44 36
191 169 91 36
191 169 108 27
191 169 118 27
191 169 121 27
191 169 122 36
191 169 128 27
191 169 137 36
191 169 140 36
191 169 143 36
191 169 145 36
191 169 155 36
191 169 163 27
191 169 176 36
191 169 178 36
191 169 184 27
191 169 187 36
191 170 3 24
191 170 15 32
191 170 18 32
191 170 35 24
191 170 39 32
191 170 49 32
191 170 51 32
191 170 53 32
191 170 56 32
191 170 58 32
191 170 62 32
191 170 64 24
191 170 67 32
191 170 74 24
191 170 111 24
191 170 114 32
191 170 131 24
191 170 134 32
191 170 137 32
191 170 138 32
191 170 145 32
191 170 150 24
191 170 173 32
191 170 177 24
191 171 47 36
191 171 53 36
191 171 84 36
191 171 126 36
191 171 166 36
191 171 173 36
191 172 44 36
191 172 76 36
191 172 93 36
191 172 143 36
191 172 178 36
191 172 187 36
191 173 19 25
191 173 35 25
191 173 41 25
191 173 47 25
191 173 63 25
191 173 93 25
191 173 112 25
191 173 166 25
191 173 175 25
191 173 188 25
191 175 9 36
191 175 16 27
191 175 23 36
191 175 26 24
191 175 34 27
191 175 48 27
191 175 60 36
191 175 64 27
191 175 67 24
191 175 70 24
191 175 85 36
191 175 86 27
191 175 97 27
191 175 108 36
191 175 134 24
191 175 137 24
191 175 145 24
191 175 154 27
191 175 156 36
191 175 161 24
191 175 162 27
191 175 169 24
191 175 184 27
191 177 11 32
191 177 15 24
191 177 18 24
191 177 25 24
191 177 27 32
191 177 29 32
191 177 33 32
191 177 35 24
191 177 42 32
191 177 44 32
191 177 47 32
191 177 50 32
191 177 51 24
191 177 60 24
191 177 70 32
191 177 72 32
191 177 74 32
191 177 75 32
191 177 81 24
191 177 84 32
191 177 90 24
191 177 92 32
191 177 104 24
191 177 107 24
191 177 110 32
191 177 111 32
191 177 112 32
191 177 126 32
191 177 127 32
191 177 130 32
191 177 131 24
191 177 137 32
191 177 138 24
191 177 139 32
191 177 141 32
191 177 143 32
191 177 145 32
191 177 149 32
191 177 156 24
191 177 158 24
191 177 159 24
191 177 161 32
191 177 163 32
191 177 166 32
191 177 178 32
191 177 185 24
191 177 187 32
191 177 188 32
191 180 10 36
191 180 31 36
191 180 37 36
191 180 38 27
191 180 55 27
191 180 73 36
191 180 90 36
191 180 91 27
191 180 98 36
191 180 99 36
191 180 104 36
191 180 105 27
191 180 110 27
191 180 114 27
191 180 115 36
191 180 157 36
191 180 164 36
191 180 165 27
191 180 167 27
191 180 172 36
191 180 188 27
191 181 5 24
191 181 7 32
191 181 10 24
191 181 15 32
191 181 18 32
191 181 25 24
191 181 27 24
191 181 28 32
191 181 42 24
191 181 50 32
191 181 51 32
191 181 52 32
191 181 57 24
191 181 61 32
191 181 73 32
191 181 77 24
191 181 82 32
191 181 83 32
191 181 84 32
191 181 92 24
191 181 106 32
191 181 107 24
191 181 109 24
191 181 116 32
191 181 119 32
191 181 124 24
191 181 127 32
191 181 129 24
191 181 137 32
191 181 138 32
191 181 140 32
191 181 141 24
191 181 143 32
191 181 145 32
191 181 149 32
191 181 153 24
191 181 157 32
191 181 159 32
191 181 166 32
191 181 168 32
191 181 172 24
191 181 176 32
191 181 180 32
191 181 182 32
191 181 184 24
191 181 185 32
191 181 187 32
191 181 188 32
191 182 13 36
191 182 34 36
191 182 40 36
191 182 43 36
191 182 47 27
191 182 50 36
191 182 56 27
191 182 63 27
191 182 89 27
191 182 112 27
191 182 118 36
191 182 131 27
191 182 147 36
191 182 149 36
191 182 150 36
191 182 154 36
191 182 160 36
191 182 161 27
191 182 164 27
191 182 171 27
191 182 177 36
191 184 13 24
191 184 14 32
191 184 15 24
191 184 17 32
191 184 20 32
191 184 21 32
191 184 22 32
191 184 31 32
191 184 37 32
191 184 41 32
191 184 45 32
191 184 46 24
191 184 51 24
191 184 52 24
191 184 54 24
191 184 61 24
191 184 71 32
191 184 72 24
191 184 74 24
191 184 76 32
191 184 81 32
191 184 84 32
191 184 86 32
191 184 91 32
191 184 93 32
191 184 99 32
191 184 102 32
191 184 103 32
191 184 105 32
191 184 111 24
191 184 113 32
191 184 119 24
191 184 123 32
191 184 127 32
191 184 130 24
191 184 132 32
191 184 133 24
191 184 135 24
191 184 146 32
191 184 147 24
191 184 158 32
191 184 164 32
191 184 165 32
191 184 166 32
191 184 171 32
191 184 174 32
191 184 180 24
191 184 188 32
191 185 5 24
191 185 8 24
191 185 9 32
191 185 10 32
191 185 14 32
191 185 15 24
191 185 17 32
191 185 24 24
191 185 30 24
191 185 33 32
191 185 35 32
191 185 38 32
191 185 41 32
191 185 45 32
191 185 51 24
191 185 55 32
191 185 61 32
191 185 63 24
191 185 66 32
191 185 67 24
191 185 81 32
191 185 85 32
191 185 87 24
191 185 94 24
191 185 95 32
191 185 101 24
191 185 102 24
191 185 103 24
191 185 105 32
191 185 110 32
191 185 119 32
191 185 121 24
191 185 122 32
191 185 131 32
191 185 134 24
191 185 140 32
191 185 148 32
191 185 151 32
191 185 153 24
191 185 155 32
191 185 158 32
191 185 167 32
191 185 171 32
191 185 172 32
191 185 176 32
191 185 183 32
191 185 186 32
191 185 189 32
191 186 5 49
191 186 12 49
191 186 43 49
191 186 50 49
191 186 52 49
191 186 67 49
191 186 69 49
191 186 77 49
191 186 78 49
191 186 79 49
191 186 103 49
191 186 109 49
191 186 115 49
191 186 118 49
191 186 125 49
191 186 130 49
191 186 135 49
191 186 144 49
191 186 154 49
191 186 156 49
191 186 172 49
191 187 2 24
191 187 3 24
191 187 6 24
191 187 7 32
191 187 9 24
191 187 20 24
191 187 21 32
191 187 22 24
191 187 28 32
191 187 32 24
191 187 38 32
191 187 39 32
191 187 40 24
191 187 43 24
191 187 47 32
191 187 49 32
191 187 57 32
191 187 64 24
191 187 72 32
191 187 77 32
191 187 82 32
191 187 85 24
191 187 86 24
191 187 88 24
191 187 89 24
191 187 91 32
191 187 96 24
191 187 105 32
191 187 116 32
191 187 122 32
191 187 124 32
191 187 126 32
191 187 129 32
191 187 130 32
191 187 140 32
191 187 146 32
191 187 148 32
191 187 151 32
191 187 154 32
191 187 155 32
191 187 160 32
191 187 165 24
191 187 171 32
191 187 174 32
191 187 175 32
191 187 176 32
191 187 179 32
191 187 186 32
191 188 3 25
191 188 34 25
191 188 69 25
191 188 107 25
191 188 108 25
191 188 120 25
191 188 129 25
191 188 130 25
191 188 149 25
191 188 158 25
191 190 7 32
191 190 15 32
191 190 30 24
191 190 33 32
191 190 51 32
191 190 56 32
191 190 58 32
191 190 72 24
191 190 80 32
191 190 82 32
191 190 84 32
191 190 87 24
191 190 88 24
191 190 89 24
191 190 90 32
191 190 101 24
191 190 102 32
191 190 103 32
191 190 104 32
191 190 110 32
191 190 117 32
191 190 121 24
191 190 130 24
191 190 166 32
193 1 5 49
193 1 14 24
193 1 26 49
193 1 37 49
193 1 40 49
193 1 47 49
193 1 51 49
193 1 55 24
193 1 64 24
193 1 67 24
193 1 69 24
193 1 71 49
193 1 73 49
193 1 74 49
193 1 79 49
193 1 83 24
193 1 85 24
193 1 89 49
193 1 96 24
193 1 100 24
193 1 103 49
193 1 109 24
193 1 113 49
193 1 119 49
193 1 121 24
193 1 123 49
193 1 125 49
193 1 141 49
193 1 151 24
193 1 152 49
193 1 155 49
193 1 160 49
193 1 170 24
193 1 174 49
193 1 186 24
193 1 190 24
193 1 191 24
193 3 21 36
193 3 27 36
193 3 46 36
193 3 62 36
193 3 143 36
193 3 165 36
193 7 21 36
193 7 36 36
193 7 46 36
193 7 59 36
193 7 95 36
193 7 128 36
193 8 8 36
193 8 11 24
193 8 21 36
193 8 37 24
193 8 46 36
193 8 49 27
193 8 50 27
193 8 67 27
193 8 75 27
193 8 83 27
193 8 84 36
193 8 108 36
193 8 120 24
193 8 145 27
193 8 158 24
193 8 169 36
193 8 177 27
193 8 181 27
193 8 185 27
193 11 6 36
193 11 16 36
193 11 65 36
193 11 98 36
193 11 161 36
193 11 181 36
193 12 16 25
193 12 49 25
193 12 92 25
193 12 112 25
193 12 121 25
193 12 129 25
193 12 157 25
193 12 169 25
193 12 172 25
193 12 177 25
193 14 5 49
193 14 8 24
193 14 10 49
193 14 11 49
193 14 13 24
193 14 14 24
193 14 15 49
193 14 16 24
193 14 17 24
193 14 27 24
193 14 30 24
193 14 34 24
193 14 38 24
193 14 39 49
193 14 40 24
193 14 41 24
193 14 44 24
193 14 51 24
193 14 53 24
193 14 54 24
193 14 60 49
193 14 62 24
193 14 64 24
193 14 69 24
193 14 70 24
193 14 71 24
193 14 78 49
193 14 79 49
193 14 82 24
193 14 83 24
193 14 87 24
193 14 89 49
193 14 90 49
193 14 91 24
193 14 94 24
193 14 100 24
193 14 102 24
193 14 104 24
193 14 111 24
193 14 113 24
193 14 115 49
193 14 117 49
193 14 119 49
193 14 120 49
193 14 123 24
193 14 125 49
193 14 127 24
193 14 135 24
193 14 136 24
193 14 140 49
193 14 141 24
193 14 143 24
193 14 148 24
193 14 152 49
193 14 153 24
193 14 154 24
193 14 159 24
193 14 160 49
193 14 163 49
193 14 164 49
193 14 165 24
193 14 167 24
193 14 168 24
193 14 169 24
193 14 174 49
193 14 176 24
193 14 181 24
193 14 183 24
193 14 190 24
193 15 12 36
193 15 45 27
193 15 56 36
193 15 65 36
193 15 71 27
193 15 72 36
193 15 74 27
193 15 91 27
193 15 95 36
193 15 98 36
193 15 103 27
193 15 124 36
193 15 126 36
193 15 128 36
193 15 133 27
193 15 135 27
193 15 153 27
193 15 162 36
193 15 177 36
193 15 178 27
193 15 179 36
193 16 10 24
193 16 11 24
193 16 13 49
193 16 15 24
193 16 17 24
193 16 19 24
193 16 20 24
193 16 23 24
193 16 27 24
193 16 28 24
193 16 29 24
193 16 34 49
193 16 37 49
193 16 38 24
193 16 41 24
193 16 42 24
193 16 44 24
193 16 45 24
193 16 47 49
193 16 53 49
193 16 55 24
193 16 58 24
193 16 61 24
193 16 65 24
193 16 66 49
193 16 68 24
193 16 70 24
193 16 78 49
193 16 79 49
193 16 81 24
193 16 82 49
193 16 87 49
193 16 88 24
193 16 90 49
193 16 91 24
193 16 95 24
193 16 98 24
193 16 99 49
193 16 103 24
193 16 111 49
193 16 112 24
193 16 113 24
193 16 114 24
193 16 119 24
193 16 122 49
193 16 125 49
193 16 127 24
193 16 128 24
193 16 131 24
193 16 132 24
193 16 133 24
193 16 135 49
193 16 136 24
193 16 140 49
193 16 141 24
193 16 143 24
193 16 149 49
193 16 150 24
193 16 154 49
193 16 156 49
193 16 158 24
193 16 159 24
193 16 163 24
193 16 167 24
193 16 171 24
193 16 174 24
193 16 182 49
193 16 184 24
193 16 186 24
193 18 27 36
193 18 54 36
193 18 62 36
193 18 143 36
193 18 165 36
193 18 168 36
193 19 3 32
193 19 4 32
193 19 5 49
193 19 10 49
193 19 21 24
193 19 22 49
193 19 23 32
193 19 29 49
193 19 31 32
193 19 37 49
193 19 42 32
193 19 45 49
193 19 46 24
193 19 51 49
193 19 61 49
193 19 66 49
193 19 74 49
193 19 90 49
193 19 91 49
193 19 102 49
193 19 113 49
193 19 114 49
193 19 129 32
193 19 137 32
193 19 145 32
193 19 151 24
193 19 152 49
193 19 153 49
193 19 154 49
193 19 158 49
193 19 170 24
193 19 173 49
193 19 174 49
193 20 9 36
193 20 12 36
193 20 15 24
193 20 16 36
193 20 24 36
193 20 27 36
193 20 32 36
193 20 38 24
193 20 43 36
193 20 51 24
193 20 53 24
193 20 72 36
193 20 73 24
193 20 76 24
193 20 85 36
193 20 90 24
193 20 103 24
193 20 106 24
193 20 109 36
193 20 114 24
193 20 122 24
193 20 126 36
193 20 127 24
193 20 143 36
193 20 150 36
193 20 156 24
193 20 160 24
193 20 171 24
193 20 177 36
193 20 178 24
193 20 181 36
193 20 184 36
193 20 185 36
193 20 187 36
193 23 6 24
193 23 10 49
193 23 22 32
193 23 32 24
193 23 38 49
193 23 40 49
193 23 41 32
193 23 44 49
193 23 47 32
193 23 53 49
193 23 60 32
193 23 61 49
193 23 66 49
193 23 67 24
193 23 74 32
193 23 79 32
193 23 82 32
193 23 90 32
193 23 102 32
193 23 104 49
193 23 105 49
193 23 106 49
193 23 113 32
193 23 114 49
193 23 115 32
193 23 117 49
193 23 121 24
193 23 123 32
193 23 132 49
193 23 133 49
193 23 134 24
193 23 140 32
193 23 142 32
193 23 153 32
193 23 154 49
193 23 157 24
193 23 160 49
193 23 161 24
193 23 163 49
193 23 173 49
193 23 176 49
193 23 178 32
193 23 180 49
193 23 182 49
193 23 187 24
193 24 22 25
193 24 41 25
193 24 68 25
193 24 71 25
193 24 90 25
193 24 114 25
193 24 117 25
193 24 125 25
193 24 153 25
193 24 163 25
193 27 27 25
193 27 31 25
193 27 54 25
193 27 65 25
193 27 69 25
193 27 72 25
193 27 75 25
193 27 150 25
193 27 166 25
193 27 186 25
193 28 6 49
193 28 9 24
193 28 32 49
193 28 42 49
193 28 43 24
193 28 46 49
193 28 51 24
193 28 53 24
193 28 55 24
193 28 57 24
193 28 62 49
193 28 63 49
193 28 65 49
193 28 76 24
193 28 81 49
193 28 84 49
193 28 95 24
193 28 96 24
193 28 121 49
193 28 124 49
193 28 128 24
193 28 131 49
193 28 134 49
193 28 139 49
193 28 140 24
193 28 142 24
193 28 145 49
193 28 149 24
193 28 150 49
193 28 160 24
193 28 169 49
193 28 175 49
193 28 177 49
193 28 181 49
193 28 186 24
193 28 189 49
193 28 191 24
193 31 4 24
193 31 23 49
193 31 24 24
193 31 31 49
193 31 37 24
193 31 43 49
193 31 48 49
193 31 50 49
193 31 54 24
193 31 56 49
193 31 57 24
193 31 59 49
193 31 63 24
193 31 65 49
193 31 80 24
193 31 83 49
193 31 97 49
193 31 101 49
193 31 109 49
193 31 112 49
193 31 120 24
193 31 131 49
193 31 135 24
193 31 139 49
193 31 143 49
193 31 144 24
193 31 145 24
193 31 147 49
193 31 149 24
193 31 152 24
193 31 157 49
193 31 168 24
193 31 177 49
193 31 183 24
193 31 184 49
193 31 185 24
193 31 190 49
193 33 9 27
193 33 11 24
193 33 18 36
193 33 28 27
193 33 31 36
193 33 42 27
193 33 84 27
193 33 98 27
193 33 101 27
193 33 118 36
193 33 137 36
193 33 139 27
193 33 151 36
193 33 158 24
193 33 164 24
193 33 170 36
193 33 173 24
193 33 179 27
193 33 185 27
193 34 11 49
193 34 13 32
193 34 15 49
193 34 17 49
193 34 18 24
193 34 20 32
193 34 21 24
193 34 29 32
193 34 37 32
193 34 39 32
193 34 40 32
193 34 41 49
193 34 45 32
193 34 46 24
193 34 47 32
193 34 51 32
193 34 53 32
193 34 54 24
193 34 56 24
193 34 57 49
193 34 58 49
193 34 73 49
193 34 79 49
193 34 80 49
193 34 94 49
193 34 99 32
193 34 102 49
193 34 104 32
193 34 105 49
193 34 111 32
193 34 115 32
193 34 116 49
193 34 118 24
193 34 120 32
193 34 142 49
193 34 148 49
193 34 153 49
193 34 160 49
193 34 162 24
193 34 163 32
193 34 164 49
193 34 168 24
193 34 182 49
193 34 183 49
193 34 188 49
193 35 13 25
193 35 19 25
193 35 26 25
193 35 34 25
193 35 76 25
193 35 82 25
193 35 106 25
193 35 116 25
193 35 158 25
193 35 174 25
193 37 3 49
193 37 4 49
193 37 6 24
193 37 9 24
193 37 14 24
193 37 25 49
193 37 30 24
193 37 35 24
193 37 36 24
193 37 43 24
193 37 51 24
193 37 53 24
193 37 56 49
193 37 59 24
193 37 64 49
193 37 69 24
193 37 72 49
193 37 73 24
193 37 84 49
193 37 86 49
193 37 92 49
193 37 95 49
193 37 96 49
193 37 100 49
193 37 124 49
193 37 130 49
193 37 131 49
193 37 137 49
193 37 143 49
193 37 148 24
193 37 151 49
193 37 156 24
193 37 161 24
193 37 169 49
193 37 182 24
193 37 186 49
193 37 189 49
193 38 6 24
193 38 13 49
193 38 15 49
193 38 16 24
193 38 38 49
193 38 45 49
193 38 49 32
193 38 52 49
193 38 53 49
193 38 65 32
193 38 73 49
193 38 80 49
193 38 82 49
193 38 89 49
193 38 93 32
193 38 98 32
193 38 99 49
193 38 102 49
193 38 106 49
193 38 110 32
193 38 116 49
193 38 117 49
193 38 130 32
193 38 140 49
193 38 141 49
193 38 149 49
193 38 150 32
193 38 155 49
193 38 161 24
193 38 164 49
193 38 178 49
193 38 181 24
193 38 184 32
193 39 3 36
193 39 4 36
193 39 6 36
193 39 11 27
193 39 25 36
193 39 26 27
193 39 55 36
193 39 61 27
193 39 72 36
193 39 76 27
193 39 78 27
193 39 80 27
193 39 126 36
193 39 129 36
193 39 139 36
193 39 145 36
193 39 154 27
193 39 161 36
193 39 173 27
193 39 174 27
193 39 186 36
193 40 3 36
193 40 10 24
193 40 13 24
193 40 21 36
193 40 30 24
193 40 38 24
193 40 41 24
193 40 44 24
193 40 46 36
193 40 50 36
193 40 56 36
193 40 58 24
193 40 63 36
193 40 92 36
193 40 96 36
193 40 104 24
193 40 106 24
193 40 107 36
193 40 113 24
193 40 122 24
193 40 127 24
193 40 129 36
193 40 135 24
193 40 136 24
193 40 144 36
193 40 147 36
193 40 148 24
193 40 150 36
193 40 162 36
193 40 166 36
193 40 172 36
193 40 183 24
193 40 184 36
193 40 191 36
193 41 23 36
193 41 42 36
193 41 65 36
193 41 84 36
193 41 98 36
193 41 108 36
193 43 13 25
193 43 38 25
193 43 44 25
193 43 70 25
193 43 73 25
193 43 77 25
193 43 80 25
193 43 122 25
193 43 146 25
193 43 158 25
193 44 13 32
193 44 22 32
193 44 23 24
193 44 26 49
193 44 30 49
193 44 34 49
193 44 37 32
193 44 42 24
193 44 44 32
193 44 51 49
193 44 57 49
193 44 70 32
193 44 71 32
193 44 74 49
193 44 75 24
193 44 77 49
193 44 79 32
193 44 82 32
193 44 87 32
193 44 91 32
193 44 94 49
193 44 104 32
193 44 105 32
193 44 106 49
193 44 115 49
193 44 119 49
193 44 120 32
193 44 123 49
193 44 125 32
193 44 136 32
193 44 140 49
193 44 147 24
193 44 151 24
193 44 153 32
193 44 156 49
193 44 158 49
193 44 160 49
193 44 164 49
193 44 167 49
193 44 170 24
193 44 171 49
193 44 172 24
193 44 175 24
193 44 178 49
193 44 180 49
193 46 5 49
193 46 10 49
193 46 13 49
193 46 17 49
193 46 24 24
193 46 27 32
193 46 35 49
193 46 44 49
193 46 49 32
193 46 66 49
193 46 74 49
193 46 76 49
193 46 82 49
193 46 83 32
193 46 87 49
193 46 100 32
193 46 102 49
193 46 115 49
193 46 120 49
193 46 130 32
193 46 133 49
193 46 142 49
193 46 143 32
193 46 146 49
193 46 147 24
193 46 150 32
193 46 163 49
193 46 172 24
193 46 174 49
193 46 180 49
193 46 183 49
193 46 184 32
193 46 185 24
193 48 2 24
193 48 5 24
193 48 13 24
193 48 15 24
193 48 20 24
193 48 22 49
193 48 24 24
193 48 26 24
193 48 27 24
193 48 29 24
193 48 33 49
193 48 34 24
193 48 36 24
193 48 37 24
193 48 39 24
193 48 40 24
193 48 44 49
193 48 45 24
193 48 47 49
193 48 48 24
193 48 51 49
193 48 52 24
193 48 58 49
193 48 59 24
193 48 60 49
193 48 65 24
193 48 68 49
193 48 70 24
193 48 77 49
193 48 78 49
193 48 80 49
193 48 81 24
193 48 86 24
193 48 91 24
193 48 97 24
193 48 98 24
193 48 99 24
193 48 101 24
193 48 103 24
193 48 104 24
193 48 105 24
193 48 106 24
193 48 111 24
193 48 112 24
193 48 116 24
193 48 120 24
193 48 122 24
193 48 123 49
193 48 125 24
193 48 127 49
193 48 132 24
193 48 140 24
193 48 142 24
193 48 143 24
193 48 148 49
193 48 149 49
193 48 153 49
193 48 155 49
193 48 160 49
193 48 163 24
193 48 164 24
193 48 167 49
193 48 171 49
193 48 173 24
193 48 174 24
193 48 176 24
193 48 178 49
193 48 185 24
193 48 189 24
193 50 12 24
193 50 13 49
193 50 16 32
193 50 25 32
193 50 28 32
193 50 29 49
193 50 30 49
193 50 38 49
193 50 41 49
193 50 47 49
193 50 51 49
193 50 55 32
193 50 66 49
193 50 71 49
193 50 88 49
193 50 94 49
193 50 96 24
193 50 99 49
193 50 102 49
193 50 116 49
193 50 131 32
193 50 139 32
193 50 158 49
193 50 159 49
193 50 171 49
193 50 174 49
193 50 177 24
193 50 178 49
193 50 181 32
193 50 182 49
193 50 186 32
193 50 188 49
193 50 191 24
193 51 3 36
193 51 36 36
193 51 59 36
193 51 93 36
193 51 110 36
193 51 129 36
193 52 10 49
193 52 16 24
193 52 17 49
193 52 26 32
193 52 30 49
193 52 33 32
193 52 34 32
193 52 35 49
193 52 44 49
193 52 45 32
193 52 51 49
193 52 52 32
193 52 54 24
193 52 68 49
193 52 71 49
193 52 73 49
193 52 76 32
193 52 79 49
193 52 80 49
193 52 82 49
193 52 90 49
193 52 93 24
193 52 94 32
193 52 105 49
193 52 106 49
193 52 110 24
193 52 111 49
193 52 114 32
193 52 116 49
193 52 117 32
193 52 124 24
193 52 132 32
193 52 133 49
193 52 140 49
193 52 154 32
193 52 155 49
193 52 160 32
193 52 163 32
193 52 167 49
193 52 168 24
193 52 171 32
193 52 174 32
193 52 176 32
193 52 179 24
193 52 181 24
193 54 40 24
193 54 102 24
193 54 111 24
193 54 123 24
193 55 3 49
193 55 10 24
193 55 14 49
193 55 16 49
193 55 18 49
193 55 19 24
193 55 32 49
193 55 36 49
193 55 43 49
193 55 49 24
193 55 50 24
193 55 58 24
193 55 61 24
193 55 63 49
193 55 67 49
193 55 73 24
193 55 75 49
193 55 85 49
193 55 92 24
193 55 93 49
193 55 95 49
193 55 96 24
193 55 98 49
193 55 101 49
193 55 107 24
193 55 108 49
193 55 119 24
193 55 124 49
193 55 130 24
193 55 131 49
193 55 133 24
193 55 147 49
193 55 156 24
193 55 166 24
193 55 168 49
193 55 184 49
193 55 191 24
193 56 9 25
193 56 18 25
193 56 24 25
193 56 25 25
193 56 31 25
193 56 56 25
193 56 81 25
193 56 124 25
193 56 151 25
193 56 184 25
193 58 2 25
193 58 3 25
193 58 12 25
193 58 16 25
193 58 28 25
193 58 32 25
193 58 109 25
193 58 118 25
193 58 166 25
193 58 184 25
193 60 3 32
193 60 12 24
193 60 15 49
193 60 19 49
193 60 25 32
193 60 33 49
193 60 47 49
193 60 53 49
193 60 56 24
193 60 57 49
193 60 66 49
193 60 67 32
193 60 78 49
193 60 80 49
193 60 86 32
193 60 90 49
193 60 101 32
193 60 121 32
193 60 129 32
193 60 132 49
193 60 133 49
193 60 136 49
193 60 139 32
193 60 142 49
193 60 148 49
193 60 153 49
193 60 154 49
193 60 160 49
193 60 162 24
193 60 171 49
193 60 173 49
193 60 176 49
193 60 177 24
193 61 13 49
193 61 14 24
193 61 18 24
193 61 28 24
193 61 38 49
193 61 40 49
193 61 41 49
193 61 55 24
193 61 61 49
193 61 67 24
193 61 69 24
193 61 76 49
193 61 77 49
193 61 82 49
193 61 85 24
193 61 91 49
193 61 94 49
193 61 109 24
193 61 114 49
193 61 116 49
193 61 118 24
193 61 119 49
193 61 121 24
193 61 131 24
193 61 147 24
193 61 149 49
193 61 150 24
193 61 155 49
193 61 158 49
193 61 159 49
193 61 163 49
193 61 167 49
193 61 172 24
193 61 174 49
193 61 176 49
193 61 184 24
193 61 186 24
193 62 2 32
193 62 5 49
193 62 6 32
193 62 19 49
193 62 20 49
193 62 22 49
193 62 26 49
193 62 38 49
193 62 40 49
193 62 55 32
193 62 62 24
193 62 66 49
193 62 82 49
193 62 91 49
193 62 93 24
193 62 94 49
193 62 97 32
193 62 105 49
193 62 110 24
193 62 120 49
193 62 123 49
193 62 151 32
193 62 158 49
193 62 159 49
193 62 160 49
193 62 161 32
193 62 163 49
193 62 165 24
193 62 170 32
193 62 171 49
193 62 173 49
193 62 176 49
193 62 186 32
193 64 10 49
193 64 11 49
193 64 14 32
193 64 20 49
193 64 21 32
193 64 23 24
193 64 26 49
193 64 35 49
193 64 40 49
193 64 42 24
193 64 45 49
193 64 46 32
193 64 47 49
193 64 49 32
193 64 57 49
193 64 69 32
193 64 74 49
193 64 81 32
193 64 82 49
193 64 87 49
193 64 112 32
193 64 114 49
193 64 122 49
193 64 130 32
193 64 133 49
193 64 134 24
193 64 140 49
193 64 152 49
193 64 154 49
193 64 157 24
193 64 173 49
193 64 180 49
193 64 188 49
193 66 2 32
193 66 8 32
193 66 9 24
193 66 22 49
193 66 29 49
193 66 30 49
193 66 35 49
193 66 37 49
193 66 39 49
193 66 43 24
193 66 44 49
193 66 54 24
193 66 61 49
193 66 66 49
193 66 73 49
193 66 84 32
193 66 97 32
193 66 105 49
193 66 108 32
193 66 115 49
193 66 127 49
193 66 133 49
193 66 142 49
193 66 149 49
193 66 151 32
193 66 152 49
193 66 164 49
193 66 168 24
193 66 169 32
193 66 170 32
193 66 171 49
193 66 178 49
193 66 180 49
193 68 29 25
193 68 41 25
193 68 58 25
193 68 61 25
193 68 106 25
193 68 125 25
193 68 148 25
193 68 154 25
193 68 164 25
193 68 188 25
193 69 3 27
193 69 7 36
193 69 18 36
193 69 22 24
193 69 49 27
193 69 50 27
193 69 78 24
193 69 79 24
193 69 81 27
193 69 86 27
193 69 107 27
193 69 118 36
193 69 138 36
193 69 146 24
193 69 147 36
193 69 170 27
193 69 172 36
193 69 179 27
193 69 187 27
193 71 7 27
193 71 25 27
193 71 27 27
193 71 31 36
193 71 36 27
193 71 46 27
193 71 54 27
193 71 71 24
193 71 75 36
193 71 87 24
193 71 95 36
193 71 119 24
193 71 128 36
193 71 133 24
193 71 137 36
193 71 147 27
193 71 170 27
193 71 175 36
193 71 177 27
193 73 2 25
193 73 3 25
193 73 23 25
193 73 75 25
193 73 101 25
193 73 108 25
193 73 118 25
193 73 138 25
193 73 143 25
193 73 186 25
193 74 73 24
193 74 114 24
193 74 156 24
193 74 171 24
193 81 47 24
193 81 115 24
193 81 164 24
193 81 173 24
193 82 21 36
193 82 31 36
193 82 46 36
193 82 137 36
193 82 151 36
193 82 170 36
193 85 6 25
193 85 14 25
193 85 18 25
193 85 65 25
193 85 110 25
193 85 143 25
193 85 169 25
193 85 172 25
193 85 177 25
193 85 185 25
193 86 6 36
193 86 31 36
193 86 56 36
193 86 137 36
193 86 161 36
193 86 162 36
193 88 20 24
193 88 22 24
193 88 29 24
193 88 79 24
193 89 2 36
193 89 4 36
193 89 8 36
193 89 9 36
193 89 23 36
193 89 25 36
193 89 32 36
193 89 42 36
193 89 43 36
193 89 48 36
193 89 62 36
193 89 63 36
193 89 75 36
193 89 81 36
193 89 83 36
193 89 84 36
193 89 85 36
193 89 95 36
193 89 96 36
193 89 97 36
193 89 100 36
193 89 108 36
193 89 109 36
193 89 112 36
193 89 128 36
193 89 139 36
193 89 144 36
193 89 145 36
193 89 147 36
193 89 165 36
193 89 169 36
193 89 172 36
193 89 175 36
193 89 187 36
193 89 189 36
193 89 191 36
193 90 2 25
193 90 7 25
193 90 21 25
193 90 27 25
193 90 62 25
193 90 92 25
193 90 101 25
193 90 110 25
193 90 177 25
193 90 190 25
193 94 10 24
193 94 13 24
193 94 15 49
193 94 17 49
193 94 19 49
193 94 21 24
193 94 22 24
193 94 24 24
193 94 26 24
193 94 31 24
193 94 35 24
193 94 36 24
193 94 39 49
193 94 40 49
193 94 46 24
193 94 47 24
193 94 52 24
193 94 53 49
193 94 57 24
193 94 58 24
193 94 59 24
193 94 60 49
193 94 62 24
193 94 63 24
193 94 68 49
193 94 75 24
193 94 76 24
193 94 77 24
193 94 78 49
193 94 79 24
193 94 80 49
193 94 82 49
193 94 84 24
193 94 89 24
193 94 90 24
193 94 102 24
193 94 104 24
193 94 105 24
193 94 108 24
193 94 114 24
193 94 115 24
193 94 116 49
193 94 117 49
193 94 119 49
193 94 123 24
193 94 125 24
193 94 127 49
193 94 132 24
193 94 137 24
193 94 141 24
193 94 144 24
193 94 148 49
193 94 149 24
193 94 154 49
193 94 155 49
193 94 158 49
193 94 160 24
193 94 165 24
193 94 167 24
193 94 171 24
193 94 173 49
193 94 174 24
193 94 175 24
193 94 176 49
193 94 178 24
193 94 180 24
193 94 182 24
193 94 185 24
193 94 188 24
193 96 28 25
193 96 42 25
193 96 56 25
193 96 59 25
193 96 84 25
193 96 97 25
193 96 139 25
193 96 151 25
193 96 157 25
193 96 181 25
193 97 12 25
193 97 36 25
193 97 42 25
193 97 54 25
193 97 96 25
193 97 109 25
193 97 134 25
193 97 137 25
193 97 151 25
193 97 165 25
193 99 5 24
193 99 8 24
193 99 11 24
193 99 13 24
193 99 15 24
193 99 17 49
193 99 18 24
193 99 19 24
193 99 20 49
193 99 22 24
193 99 26 24
193 99 28 24
193 99 33 24
193 99 35 49
193 99 38 49
193 99 39 49
193 99 44 24
193 99 45 49
193 99 49 24
193 99 52 24
193 99 56 24
193 99 61 24
193 99 66 49
193 99 68 24
193 99 70 24
193 99 74 49
193 99 76 49
193 99 77 49
193 99 78 24
193 99 79 24
193 99 85 24
193 99 88 24
193 99 89 24
193 99 91 24
193 99 103 24
193 99 104 24
193 99 109 24
193 99 111 49
193 99 113 49
193 99 114 24
193 99 115 49
193 99 116 24
193 99 117 24
193 99 118 24
193 99 125 49
193 99 130 24
193 99 131 24
193 99 133 49
193 99 134 24
193 99 135 24
193 99 136 24
193 99 140 49
193 99 141 24
193 99 146 24
193 99 147 24
193 99 153 49
193 99 154 49
193 99 157 24
193 99 158 24
193 99 162 24
193 99 167 24
193 99 169 24
193 99 171 24
193 99 172 24
193 99 174 49
193 99 176 49
193 99 178 49
193 99 180 24
193 99 183 24
193 103 3 25
193 103 16 25
193 103 83 25
193 103 92 25
193 103 101 25
193 103 131 25
193 103 166 25
193 103 172 25
193 103 186 25
193 103 191 25
193 104 2 36
193 104 4 36
193 104 6 36
193 104 18 36
193 104 21 36
193 104 24 36
193 104 28 36
193 104 46 36
193 104 48 36
193 104 49 36
193 104 54 36
193 104 65 36
193 104 81 36
193 104 84 36
193 104 85 36
193 104 93 36
193 104 96 36
193 104 97 36
193 104 98 36
193 104 108 36
193 104 109 36
193 104 110 36
193 104 112 36
193 104 118 36
193 104 130 36
193 104 131 36
193 104 145 36
193 104 150 36
193 104 151 36
193 104 161 36
193 104 168 36
193 104 170 36
193 104 184 36
193 104 185 36
193 104 189 36
193 104 191 36
193 105 114 24
193 105 164 24
193 105 171 24
193 105 173 24
193 107 31 36
193 107 32 36
193 107 56 36
193 107 137 36
193 107 162 36
193 107 187 36
193 108 8 25
193 108 16 25
193 108 21 25
193 108 24 25
193 108 50 25
193 108 83 25
193 108 128 25
193 108 175 25
193 108 179 25
193 108 187 25
193 111 23 36
193 111 42 36
193 111 56 36
193 111 147 36
193 111 162 36
193 111 172 36
193 112 20 24
193 112 29 24
193 112 78 24
193 112 146 24
193 119 22 24
193 119 37 24
193 119 79 24
193 119 120 24
193 120 7 25
193 120 50 25
193 120 55 25
193 120 75 25
193 120 85 25
193 120 92 25
193 120 118 25
193 120 170 25
193 120 190 25
193 120 191 25
193 122 16 27
193 122 18 36
193 122 23 27
193 122 46 27
193 122 56 36
193 122 60 24
193 122 65 36
193 122 74 24
193 122 98 36
193 122 106 24
193 122 118 36
193 122 122 24
193 122 139 27
193 122 147 27
193 122 157 27
193 122 162 36
193 122 166 27
193 122 168 27
193 122 186 27
193 124 6 27
193 124 14 27
193 124 21 36
193 124 23 27
193 124 46 36
193 124 47 24
193 124 55 36
193 124 75 36
193 124 86 27
193 124 107 27
193 124 112 27
193 124 114 24
193 124 115 24
193 124 143 27
193 124 144 27
193 124 171 24
193 124 175 36
193 124 186 36
193 124 190 27
193 125 5 25
193 125 29 25
193 125 39 25
193 125 45 25
193 125 68 25
193 125 87 25
193 125 132 25
193 125 135 25
193 125 152 25
193 125 164 25
193 127 13 49
193 127 15 49
193 127 22 49
193 127 23 32
193 127 24 32
193 127 25 24
193 127 29 49
193 127 41 49
193 127 42 32
193 127 44 49
193 127 51 49
193 127 60 49
193 127 66 49
193 127 78 49
193 127 85 32
193 127 88 49
193 127 96 32
193 127 109 32
193 127 120 49
193 127 127 49
193 127 132 49
193 127 139 24
193 127 149 49
193 127 150 24
193 127 154 49
193 127 156 49
193 127 158 49
193 127 163 49
193 127 164 49
193 127 171 49
193 127 184 24
193 127 185 32
193 127 191 32
193 129 5 49
193 129 13 49
193 129 20 49
193 129 36 24
193 129 39 49
193 129 41 49
193 129 53 49
193 129 59 24
193 129 60 49
193 129 63 32
193 129 71 49
193 129 79 49
193 129 81 32
193 129 106 49
193 129 111 49
193 129 112 32
193 129 119 49
193 129 124 32
193 129 136 49
193 129 144 32
193 129 146 49
193 129 147 32
193 129 148 49
193 129 151 24
193 129 153 49
193 129 158 49
193 129 167 49
193 129 170 24
193 129 172 32
193 129 173 49
193 129 179 32
193 129 182 49
193 129 183 49
193 131 7 32
193 131 17 49
193 131 20 49
193 131 22 49
193 131 23 32
193 131 28 24
193 131 30 49
193 131 32 32
193 131 33 49
193 131 34 49
193 131 35 49
193 131 42 32
193 131 70 49
193 131 73 49
193 131 83 24
193 131 88 49
193 131 96 32
193 131 99 49
193 131 100 24
193 131 102 49
193 131 111 49
193 131 127 49
193 131 131 24
193 131 138 32
193 131 153 49
193 131 155 49
193 131 167 49
193 131 171 49
193 131 173 49
193 131 174 49
193 131 187 32
193 131 188 49
193 131 191 32
193 132 7 24
193 132 9 24
193 132 17 49
193 132 19 49
193 132 21 24
193 132 26 49
193 132 30 49
193 132 34 49
193 132 35 49
193 132 38 49
193 132 43 24
193 132 44 49
193 132 46 24
193 132 62 24
193 132 72 24
193 132 74 49
193 132 75 24
193 132 77 49
193 132 79 49
193 132 84 24
193 132 99 49
193 132 102 49
193 132 108 24
193 132 111 49
193 132 116 49
193 132 117 49
193 132 124 24
193 132 126 24
193 132 132 49
193 132 138 24
193 132 152 49
193 132 153 49
193 132 155 49
193 132 165 24
193 132 175 24
193 132 179 24
193 132 180 49
193 133 16 24
193 133 17 49
193 133 20 49
193 133 22 49
193 133 31 24
193 133 33 49
193 133 39 49
193 133 40 49
193 133 45 49
193 133 51 49
193 133 54 32
193 133 57 49
193 133 60 49
193 133 61 49
193 133 64 32
193 133 72 32
193 133 92 32
193 133 103 49
193 133 107 32
193 133 113 49
193 133 115 49
193 133 126 32
193 133 127 49
193 133 136 49
193 133 137 24
193 133 140 49
193 133 146 49
193 133 160 49
193 133 168 32
193 133 174 49
193 133 178 49
193 133 181 24
193 133 190 32
193 135 9 25
193 135 27 25
193 135 75 25
193 135 84 25
193 135 161 25
193 135 165 25
193 135 177 25
193 135 181 25
193 135 190 25
193 135 191 25
193 137 9 25
193 137 42 25
193 137 69 25
193 137 112 25
193 137 137 25
193 137 162 25
193 137 168 25
193 137 169 25
193 137 175 25
193 137 184 25
193 138 2 24
193 138 9 49
193 138 25 49
193 138 27 24
193 138 37 24
193 138 46 49
193 138 60 24
193 138 62 49
193 138 63 24
193 138 69 49
193 138 74 24
193 138 85 49
193 138 86 24
193 138 92 49
193 138 95 49
193 138 97 24
193 138 98 49
193 138 100 49
193 138 101 24
193 138 108 49
193 138 118 49
193 138 120 24
193 138 126 49
193 138 130 49
193 138 132 24
193 138 135 24
193 138 143 24
193 138 144 24
193 138 150 49
193 138 157 49
193 138 161 49
193 138 174 24
193 138 175 49
193 138 177 49
193 138 179 49
193 138 183 24
193 138 190 49
193 139 70 24
193 139 82 24
193 139 91 24
193 139 153 24
193 141 12 24
193 141 14 24
193 141 17 32
193 141 19 32
193 141 22 32
193 141 25 24
193 141 26 49
193 141 30 32
193 141 33 32
193 141 38 49
193 141 39 32
193 141 53 49
193 141 60 49
193 141 61 32
193 141 69 24
193 141 76 32
193 141 77 49
193 141 79 32
193 141 82 49
193 141 83 24
193 141 87 49
193 141 88 49
193 141 99 32
193 141 100 24
193 141 103 49
193 141 111 49
193 141 113 49
193 141 114 49
193 141 117 32
193 141 120 49
193 141 122 49
193 141 125 49
193 141 139 24
193 141 141 32
193 141 142 49
193 141 148 32
193 141 149 49
193 141 158 49
193 141 159 32
193 141 160 32
193 141 163 49
193 141 167 32
193 141 176 49
193 141 177 24
193 141 183 49
193 142 64 36
193 142 83 36
193 142 100 36
193 142 134 36
193 142 157 36
193 142 190 36
193 143 2 24
193 143 5 49
193 143 7 32
193 143 11 49
193 143 12 32
193 143 15 49
193 143 16 24
193 143 19 49
193 143 22 49
193 143 34 49
193 143 35 49
193 143 54 32
193 143 62 32
193 143 77 49
193 143 91 49
193 143 94 49
193 143 97 24
193 143 99 49
193 143 105 49
193 143 122 49
193 143 127 49
193 143 138 32
193 143 142 49
193 143 146 49
193 143 152 49
193 143 155 49
193 143 163 49
193 143 164 49
193 143 165 32
193 143 168 32
193 143 177 32
193 143 180 49
193 143 181 24
193 145 4 24
193 145 8 24
193 145 15 49
193 145 17 24
193 145 19 24
193 145 20 24
193 145 22 49
193 145 26 49
193 145 29 24
193 145 30 24
193 145 33 49
193 145 38 49
193 145 40 49
193 145 44 49
193 145 45 49
193 145 50 24
193 145 51 24
193 145 53 24
193 145 61 24
193 145 66 49
193 145 68 24
193 145 70 49
193 145 71 24
193 145 73 24
193 145 77 24
193 145 81 24
193 145 82 24
193 145 87 24
193 145 88 24
193 145 89 24
193 145 90 24
193 145 92 24
193 145 94 24
193 145 95 24
193 145 96 24
193 145 102 24
193 145 107 24
193 145 112 24
193 145 113 49
193 145 115 49
193 145 116 49
193 145 123 24
193 145 125 49
193 145 128 24
193 145 133 49
193 145 134 24
193 145 135 49
193 145 141 24
193 145 142 49
193 145 145 24
193 145 146 49
193 145 148 24
193 145 149 49
193 145 153 24
193 145 154 24
193 145 156 24
193 145 157 24
193 145 159 24
193 145 160 49
193 145 164 24
193 145 166 24
193 145 167 24
193 145 169 24
193 145 171 49
193 145 173 24
193 145 178 24
193 145 180 24
193 145 188 24
193 145 191 24
193 147 8 24
193 147 9 32
193 147 10 49
193 147 13 49
193 147 19 49
193 147 21 24
193 147 30 49
193 147 43 32
193 147 46 24
193 147 47 49
193 147 50 32
193 147 51 49
193 147 60 49
193 147 63 32
193 147 73 49
193 147 78 49
193 147 91 49
193 147 93 32
193 147 106 49
193 147 110 32
193 147 111 49
193 147 117 49
193 147 119 49
193 147 127 49
193 147 144 32
193 147 149 49
193 147 158 49
193 147 166 32
193 147 169 24
193 147 176 49
193 147 180 49
193 147 183 49
193 147 188 49
193 149 13 49
193 149 15 49
193 149 18 24
193 149 21 24
193 149 22 49
193 149 23 24
193 149 26 49
193 149 29 49
193 149 33 49
193 149 35 49
193 149 37 49
193 149 40 32
193 149 42 24
193 149 46 24
193 149 53 49
193 149 57 32
193 149 68 32
193 149 70 49
193 149 73 32
193 149 74 49
193 149 78 49
193 149 87 49
193 149 88 32
193 149 89 32
193 149 99 49
193 149 102 32
193 149 106 32
193 149 111 32
193 149 114 32
193 149 116 49
193 149 118 24
193 149 119 49
193 149 122 32
193 149 123 32
193 149 136 49
193 149 142 49
193 149 149 32
193 149 151 24
193 149 156 32
193 149 159 49
193 149 163 49
193 149 167 49
193 149 170 24
193 149 171 32
193 149 180 32
193 150 35 25
193 150 47 25
193 150 71 25
193 150 113 25
193 150 116 25
193 150 120 25
193 150 123 25
193 150 149 25
193 150 155 25
193 150 180 25
193 152 85 36
193 152 95 36
193 152 109 36
193 152 128 36
193 152 151 36
193 152 170 36
193 153 2 36
193 153 9 36
193 153 10 24
193 153 21 36
193 153 27 36
193 153 31 36
193 153 43 36
193 153 45 24
193 153 46 36
193 153 49 36
193 153 57 24
193 153 58 24
193 153 64 36
193 153 66 24
193 153 71 24
193 153 80 24
193 153 86 36
193 153 87 24
193 153 89 24
193 153 97 36
193 153 101 36
193 153 130 36
193 153 135 24
193 153 137 36
193 153 143 36
193 153 147 36
193 153 149 24
193 153 152 24
193 153 155 24
193 153 163 24
193 153 172 36
193 153 180 24
193 153 183 24
193 153 190 36
193 154 7 36
193 154 19 27
193 154 20 27
193 154 32 36
193 154 39 27
193 154 48 36
193 154 54 36
193 154 64 36
193 154 67 36
193 154 113 27
193 154 115 27
193 154 117 27
193 154 121 36
193 154 132 27
193 154 138 36
193 154 167 27
193 154 168 36
193 154 182 27
193 154 187 36
193 154 189 36
193 154 190 36
193 155 9 32
193 155 12 24
193 155 15 49
193 155 29 49
193 155 32 24
193 155 38 49
193 155 43 32
193 155 44 49
193 155 52 49
193 155 53 49
193 155 63 32
193 155 76 49
193 155 77 49
193 155 83 32
193 155 87 49
193 155 91 49
193 155 94 49
193 155 95 32
193 155 100 32
193 155 104 49
193 155 111 49
193 155 113 49
193 155 120 49
193 155 128 32
193 155 140 49
193 155 141 49
193 155 144 32
193 155 148 49
193 155 155 49
193 155 177 24
193 155 178 49
193 155 180 49
193 155 187 24
193 156 4 49
193 156 7 49
193 156 11 24
193 156 24 49
193 156 32 24
193 156 37 24
193 156 42 49
193 156 45 24
193 156 50 49
193 156 56 49
193 156 62 49
193 156 63 49
193 156 69 49
193 156 93 49
193 156 97 49
193 156 98 49
193 156 101 49
193 156 107 49
193 156 109 49
193 156 120 24
193 156 121 49
193 156 124 24
193 156 129 49
193 156 134 24
193 156 137 49
193 156 140 24
193 156 142 24
193 156 150 24
193 156 157 24
193 156 158 24
193 156 163 24
193 156 168 49
193 156 179 24
193 156 184 24
193 156 187 24
193 156 189 49
193 156 190 49
193 158 19 25
193 158 35 25
193 158 77 25
193 158 87 25
193 158 111 25
193 158 117 25
193 158 159 25
193 158 167 25
193 158 174 25
193 158 180 25
193 159 5 49
193 159 10 49
193 159 11 49
193 159 25 24
193 159 29 49
193 159 30 32
193 159 31 24
193 159 33 49
193 159 40 49
193 159 45 49
193 159 51 49
193 159 73 32
193 159 75 24
193 159 77 49
193 159 78 32
193 159 82 32
193 159 88 49
193 159 89 32
193 159 91 49
193 159 94 32
193 159 99 49
193 159 113 49
193 159 114 49
193 159 120 49
193 159 135 49
193 159 136 49
193 159 137 24
193 159 139 24
193 159 140 32
193 159 142 32
193 159 146 32
193 159 147 24
193 159 148 32
193 159 152 49
193 159 153 32
193 159 154 32
193 159 156 32
193 159 164 32
193 159 172 24
193 159 173 32
193 159 175 24
193 159 176 49
193 159 178 49
193 159 180 32
193 159 182 49
193 160 8 27
193 160 14 27
193 160 20 24
193 160 23 36
193 160 29 24
193 160 35 24
193 160 42 36
193 160 54 27
193 160 56 36
193 160 75 36
193 160 92 27
193 160 95 27
193 160 109 27
193 160 151 27
193 160 162 36
193 160 165 27
193 160 175 36
193 160 182 24
193 160 184 27
193 162 3 49
193 162 8 24
193 162 9 49
193 162 10 24
193 162 16 49
193 162 25 24
193 162 36 49
193 162 41 24
193 162 44 24
193 162 46 49
193 162 48 24
193 162 49 24
193 162 50 49
193 162 54 49
193 162 58 24
193 162 62 49
193 162 73 24
193 162 81 49
193 162 84 49
193 162 92 49
193 162 96 49
193 162 110 49
193 162 113 24
193 162 128 49
193 162 130 24
193 162 134 49
193 162 136 24
193 162 137 49
193 162 139 24
193 162 143 49
193 162 145 49
193 162 150 49
193 162 156 24
193 162 162 49
193 162 169 24
193 162 170 49
193 162 189 24
193 165 2 24
193 165 4 49
193 165 7 24
193 165 12 49
193 165 16 49
193 165 18 49
193 165 24 49
193 165 33 24
193 165 43 49
193 165 44 24
193 165 48 49
193 165 51 24
193 165 53 24
193 165 54 49
193 165 59 49
193 165 62 49
193 165 65 24
193 165 69 49
193 165 72 49
193 165 97 24
193 165 98 24
193 165 109 49
193 165 112 49
193 165 117 24
193 165 128 49
193 165 130 49
193 165 131 49
193 165 136 24
193 165 138 24
193 165 140 24
193 165 142 24
193 165 147 49
193 165 150 24
193 165 151 49
193 165 161 49
193 165 184 24
193 165 187 49
193 166 7 25
193 166 27 25
193 166 43 25
193 166 118 25
193 166 121 25
193 166 124 25
193 166 128 25
193 166 139 25
193 166 162 25
193 166 166 25
193 169 30 25
193 169 40 25
193 169 68 25
193 169 76 25
193 169 79 25
193 169 103 25
193 169 122 25
193 169 125 25
193 169 152 25
193 169 171 25
193 170 6 24
193 170 11 49
193 170 13 49
193 170 15 32
193 170 17 49
193 170 20 49
193 170 30 49
193 170 32 24
193 170 33 49
193 170 36 24
193 170 39 49
193 170 40 32
193 170 51 32
193 170 53 32
193 170 59 24
193 170 60 49
193 170 61 49
193 170 70 32
193 170 72 24
193 170 76 49
193 170 78 32
193 170 79 49
193 170 80 32
193 170 87 49
193 170 88 49
193 170 89 49
193 170 91 32
193 170 103 32
193 170 111 32
193 170 114 32
193 170 119 32
193 170 126 24
193 170 127 49
193 170 132 49
193 170 133 32
193 170 140 49
193 170 146 32
193 170 149 49
193 170 152 32
193 170 153 49
193 170 155 49
193 170 161 24
193 170 171 32
193 170 183 49
193 170 187 24
193 173 6 36
193 173 8 36
193 173 9 36
193 173 12 36
193 173 15 24
193 173 16 36
193 173 22 24
193 173 33 24
193 173 37 24
193 173 43 36
193 173 50 36
193 173 66 24
193 173 67 36
193 173 71 24
193 173 79 24
193 173 84 36
193 173 87 24
193 173 90 24
193 173 103 24
193 173 108 36
193 173 117 24
193 173 120 24
193 173 121 36
193 173 140 24
193 173 142 24
193 173 150 36
193 173 155 24
193 173 161 36
193 173 166 36
193 173 169 36
193 173 177 36
193 173 178 24
193 173 181 36
193 173 184 36
193 174 19 49
193 174 20 49
193 174 23 24
193 174 35 49
193 174 39 49
193 174 40 49
193 174 41 49
193 174 42 24
193 174 48 32
193 174 56 32
193 174 64 32
193 174 79 49
193 174 80 49
193 174 91 49
193 174 102 49
193 174 103 49
193 174 119 49
193 174 127 49
193 174 132 49
193 174 142 49
193 174 147 24
193 174 148 49
193 174 151 32
193 174 156 49
193 174 162 32
193 174 164 49
193 174 170 32
193 174 171 49
193 174 172 24
193 174 183 49
193 174 188 49
193 174 189 32
193 174 190 32
193 175 25 36
193 175 28 36
193 175 50 36
193 175 131 36
193 175 139 36
193 175 166 36
193 177 7 24
193 177 9 24
193 177 11 49
193 177 19 24
193 177 22 24
193 177 26 24
193 177 30 24
193 177 34 24
193 177 35 24
193 177 37 49
193 177 39 49
193 177 43 24
193 177 44 49
193 177 50 24
193 177 52 24
193 177 53 49
193 177 57 24
193 177 58 49
193 177 60 24
193 177 61 24
193 177 62 24
193 177 65 24
193 177 66 24
193 177 68 49
193 177 71 49
193 177 74 24
193 177 79 24
193 177 80 24
193 177 81 24
193 177 82 49
193 177 90 24
193 177 94 49
193 177 95 24
193 177 98 24
193 177 102 24
193 177 103 49
193 177 105 24
193 177 106 49
193 177 111 49
193 177 112 24
193 177 114 49
193 177 115 49
193 177 123 24
193 177 125 24
193 177 127 49
193 177 128 24
193 177 132 24
193 177 135 24
193 177 138 24
193 177 140 49
193 177 146 49
193 177 148 24
193 177 149 24
193 177 151 24
193 177 152 24
193 177 155 24
193 177 156 49
193 177 159 49
193 177 164 24
193 177 165 24
193 177 166 24
193 177 170 24
193 177 173 24
193 177 174 24
193 177 176 24
193 177 178 24
193 177 180 49
193 177 182 24
193 177 183 24
193 178 14 36
193 178 15 27
193 178 16 36
193 178 31 36
193 178 40 27
193 178 58 27
193 178 60 27
193 178 65 36
193 178 67 36
193 178 69 36
193 178 90 27
193 178 95 36
193 178 98 36
193 178 102 27
193 178 119 27
193 178 121 36
193 178 122 27
193 178 128 36
193 178 137 36
193 178 148 27
193 178 181 36
193 179 3 24
193 179 10 24
193 179 12 24
193 179 17 24
193 179 19 49
193 179 24 24
193 179 25 24
193 179 26 24
193 179 28 24
193 179 29 49
193 179 30 49
193 179 33 49
193 179 34 24
193 179 39 24
193 179 40 24
193 179 41 49
193 179 45 24
193 179 50 24
193 179 52 24
193 179 53 49
193 179 57 24
193 179 58 24
193 179 66 24
193 179 68 49
193 179 70 24
193 179 73 49
193 179 74 49
193 179 76 49
193 179 78 49
193 179 80 24
193 179 82 24
193 179 89 24
193 179 91 24
193 179 93 24
193 179 99 24
193 179 102 24
193 179 103 49
193 179 104 49
193 179 106 24
193 179 110 24
193 179 111 24
193 179 114 49
193 179 115 49
193 179 122 24
193 179 123 24
193 179 124 24
193 179 129 24
193 179 131 24
193 179 133 49
193 179 139 24
193 179 140 24
193 179 142 24
193 179 149 24
193 179 152 24
193 179 153 24
193 179 154 49
193 179 155 24
193 179 159 24
193 179 163 24
193 179 166 24
193 179 176 24
193 179 177 24
193 179 178 49
193 179 179 24
193 179 180 24
193 179 182 49
193 179 183 49
193 179 185 24
193 179 188 49
193 181 16 25
193 181 21 25
193 181 24 25
193 181 36 25
193 181 64 25
193 181 72 25
193 181 81 25
193 181 101 25
193 181 144 25
193 181 177 25
193 182 12 36
193 182 32 36
193 182 95 36
193 182 128 36
193 182 177 36
193 182 187 36
193 185 8 27
193 185 12 27
193 185 16 27
193 185 24 36
193 185 35 24
193 185 48 27
193 185 73 24
193 185 85 36
193 185 109 36
193 185 110 27
193 185 118 27
193 185 126 27
193 185 143 27
193 185 144 27
193 185 147 36
193 185 156 24
193 185 172 36
193 185 182 24
193 185 185 36
193 186 65 36
193 186 98 36
193 186 134 36
193 186 147 36
193 186 157 36
193 186 172 36
193 190 28 36
193 190 50 36
193 190 131 36
193 190 147 36
193 190 166 36
193 190 172 36
193 192 2 24
193 192 3 24
193 192 7 24
193 192 19 49
193 192 23 24
193 192 33 49
193 192 38 49
193 192 41 49
193 192 42 24
193 192 52 49
193 192 68 49
193 192 70 49
193 192 72 24
193 192 74 49
193 192 80 49
193 192 84 24
193 192 90 49
193 192 93 24
193 192 97 24
193 192 104 49
193 192 108 24
193 192 110 24
193 192 114 49
193 192 119 49
193 192 120 49
193 192 122 49
193 192 124 24
193 192 126 24
193 192 129 24
193 192 138 24
193 192 142 49
193 192 146 49
193 192 153 49
193 192 156 49
193 192 167 49
193 192 179 24
193 192 188 49
197 0 52 25
197 0 58 25
197 0 66 25
197 0 80 25
197 0 89 25
197 0 108 25
197 0 117 25
197 0 131 25
197 0 139 25
197 0 145 25
197 1 16 36
197 1 19 36
197 1 24 27
197 1 35 24
197 1 37 36
197 1 41 36
197 1 54 36
197 1 61 27
197 1 62 27
197 1 83 36
197 1 88 27
197 1 97 27
197 1 98 24
197 1 100 36
197 1 112 27
197 1 132 36
197 1 133 27
197 1 135 36
197 1 137 36
197 1 152 24
197 1 154 27
197 1 171 27
197 1 173 36
197 1 174 36
197 1 195 24
197 6 10 25
197 6 49 25
197 6 51 25
197 6 59 25
197 6 88 25
197 6 93 25
197 6 142 25
197 6 148 25
197 6 155 25
197 6 181 25
197 9 3 49
197 9 8 49
197 9 13 49
197 9 15 25
197 9 17 49
197 9 18 49
197 9 37 25
197 9 39 25
197 9 55 25
197 9 65 25
197 9 67 49
197 9 69 49
197 9 80 49
197 9 89 49
197 9 118 49
197 9 122 49
197 9 125 49
197 9 134 25
197 9 135 25
197 9 138 25
197 9 139 49
197 9 147 49
197 9 149 49
197 9 151 49
197 9 170 49
197 9 171 25
197 9 172 25
197 9 179 49
197 9 184 49
197 9 185 49
197 9 189 49
197 12 5 24
197 12 6 27
197 12 19 36
197 12 24 36
197 12 25 36
197 12 29 36
197 12 34 36
197 12 49 36
197 12 51 27
197 12 59 27
197 12 64 27
197 12 76 27
197 12 79 24
197 12 83 36
197 12 97 27
197 12 114 36
197 12 121 27
197 12 130 24
197 12 134 36
197 12 147 24
197 12 156 36
197 12 169 27
197 12 171 27
197 12 178 36
197 12 193 36
197 13 29 24
197 13 34 24
197 13 39 32
197 13 42 32
197 13 61 32
197 13 63 32
197 13 96 32
197 13 107 32
197 13 116 32
197 13 164 24
197 13 172 32
197 13 191 24
197 14 7 36
197 14 16 36
197 14 23 27
197 14 25 27
197 14 29 36
197 14 34 36
197 14 35 24
197 14 37 36
197 14 41 36
197 14 54 27
197 14 101 27
197 14 107 36
197 14 116 36
197 14 121 36
197 14 127 36
197 14 131 24
197 14 133 27
197 14 152 24
197 14 163 27
197 14 169 36
197 14 171 27
197 14 173 36
197 14 181 27
197 14 182 27
197 14 194 24
197 15 7 49
197 15 10 49
197 15 44 25
197 15 47 49
197 15 49 49
197 15 62 49
197 15 64 49
197 15 70 49
197 15 73 25
197 15 79 25
197 15 91 25
197 15 96 49
197 15 104 49
197 15 105 49
197 15 106 25
197 15 107 49
197 15 112 49
197 15 119 25
197 15 123 25
197 15 129 25
197 15 134 49
197 15 135 49
197 15 136 49
197 15 154 49
197 15 164 49
197 15 171 49
197 15 172 49
197 15 175 49
197 15 177 25
197 15 179 25
197 15 187 49
197 16 16 24
197 16 37 24
197 16 56 24
197 16 57 24
197 16 82 24
197 16 86 24
197 16 88 24
197 16 95 24
197 16 112 24
197 16 126 24
197 16 142 24
197 16 146 24
197 16 150 24
197 16 154 24
197 16 159 24
197 16 185 24
197 17 21 24
197 17 23 24
197 17 40 24
197 17 56 24
197 17 60 24
197 17 68 24
197 17 95 24
197 17 105 24
197 17 113 24
197 17 119 24
197 17 122 24
197 17 133 24
197 17 149 24
197 17 160 24
197 17 181 24
197 17 182 24
197 20 5 32
197 20 11 32
197 20 18 32
197 20 79 32
197 20 131 32
197 20 139 32
197 20 180 32
197 20 194 32
197 22 2 49
197 22 4 25
197 22 6 25
197 22 9 25
197 22 21 49
197 22 23 25
197 22 30 49
197 22 53 25
197 22 63 25
197 22 69 49
197 22 70 25
197 22 73 49
197 22 77 49
197 22 79 49
197 22 84 49
197 22 88 25
197 22 91 49
197 22 94 49
197 22 106 49
197 22 108 49
197 22 115 49
197 22 125 49
197 22 128 49
197 22 130 49
197 22 136 25
197 22 140 49
197 22 141 49
197 22 152 49
197 22 170 49
197 22 182 25
197 22 195 49
197 23 4 24
197 23 9 32
197 23 16 32
197 23 22 32
197 23 37 32
197 23 64 32
197 23 137 32
197 23 148 24
197 23 157 32
197 23 163 24
197 23 168 24
197 23 174 32
197 24 6 24
197 24 11 24
197 24 18 24
197 24 30 24
197 24 33 24
197 24 36 24
197 24 46 24
197 24 93 24
197 24 102 24
197 24 104 24
197 24 105 24
197 24 128 24
197 24 141 24
197 24 161 24
197 24 177 24
197 24 182 24
197 25 41 32
197 25 49 32
197 25 81 24
197 25 90 24
197 25 107 32
197 25 116 32
197 25 121 32
197 25 127 32
197 25 173 32
197 25 175 24
197 25 188 24
197 25 193 32
197 26 4 24
197 26 23 24
197 26 47 24
197 26 53 24
197 26 60 24
197 26 62 24
197 26 63 24
197 26 70 24
197 26 76 24
197 26 100 24
197 26 109 24
197 26 132 24
197 26 143 24
197 26 148 24
197 26 171 24
197 26 172 24
197 29 3 27
197 29 16 36
197 29 20 27
197 29 24 36
197 29 27 27
197 29 37 36
197 29 47 36
197 29 59 36
197 29 81 36
197 29 84 27
197 29 90 36
197 29 105 36
197 29 109 36
197 29 111 27
197 29 113 27
197 29 156 36
197 29 159 27
197 29 165 27
197 29 182 36
197 29 184 27
197 29 187 36
197 30 7 24
197 30 81 32
197 30 90 32
197 30 100 24
197 30 101 32
197 30 132 24
197 30 158 32
197 30 160 32
197 30 163 32
197 30 168 32
197 30 169 24
197 30 181 32
197 31 6 24
197 31 21 32
197 31 30 32
197 31 33 24
197 31 45 32
197 31 46 32
197 31 50 32
197 31 62 24
197 31 64 24
197 31 67 32
197 31 75 32
197 31 82 32
197 31 94 32
197 31 122 32
197 31 125 32
197 31 143 24
197 31 145 32
197 31 153 32
197 31 157 24
197 31 160 24
197 31 162 32
197 31 176 32
197 31 181 24
197 31 185 32
197 32 12 49
197 32 16 25
197 32 30 49
197 32 31 49
197 32 50 49
197 32 54 25
197 32 56 49
197 32 80 49
197 32 82 49
197 32 102 49
197 32 103 49
197 32 106 49
197 32 109 25
197 32 111 49
197 32 114 25
197 32 118 49
197 32 119 49
197 32 123 49
197 32 124 49
197 32 128 49
197 32 129 49
197 32 134 25
197 32 137 25
197 32 151 49
197 32 156 25
197 32 173 25
197 32 176 49
197 32 183 49
197 32 186 49
197 32 188 25
197 32 190 25
197 33 4 36
197 33 6 36
197 33 20 27
197 33 33 36
197 33 43 36
197 33 49 36
197 33 55 36
197 33 56 27
197 33 66 27
197 33 74 27
197 33 75 27
197 33 79 27
197 33 105 36
197 33 108 27
197 33 112 36
197 33 145 27
197 33 146 36
197 33 148 36
197 33 182 36
197 33 185 27
197 33 193 36
197 34 9 27
197 34 23 36
197 34 29 27
197 34 43 36
197 34 51 36
197 34 53 36
197 34 55 36
197 34 57 24
197 34 59 27
197 34 60 36
197 34 65 27
197 34 85 36
197 34 109 27
197 34 114 36
197 34 116 27
197 34 121 27
197 34 130 24
197 34 138 27
197 34 147 24
197 34 159 24
197 34 160 27
197 34 163 36
197 34 168 36
197 34 171 36
197 34 178 36
197 36 7 32
197 36 39 32
197 36 49 24
197 36 70 24
197 36 76 24
197 36 81 32
197 36 90 32
197 36 93 32
197 36 96 32
197 36 161 32
197 36 169 32
197 36 193 24
197 37 7 32
197 37 25 24
197 37 43 32
197 37 51 24
197 37 55 32
197 37 85 24
197 37 114 32
197 37 134 24
197 37 142 32
197 37 154 32
197 37 169 32
197 37 178 32
197 38 27 24
197 38 29 24
197 38 30 24
197 38 34 24
197 38 38 24
197 38 41 24
197 38 46 24
197 38 64 24
197 38 71 24
197 38 73 24
197 38 111 24
197 38 140 24
197 38 157 24
197 38 160 24
197 38 173 24
197 38 181 24
197 41 4 24
197 41 15 24
197 41 24 24
197 41 36 24
197 41 62 24
197 41 65 24
197 41 70 24
197 41 76 24
197 41 92 24
197 41 97 24
197 41 104 24
197 41 143 24
197 41 148 24
197 41 156 24
197 41 175 24
197 41 188 24
197 42 24 32
197 42 26 32
197 42 36 32
197 42 47 24
197 42 54 24
197 42 65 32
197 42 97 32
197 42 104 32
197 42 109 24
197 42 135 24
197 42 144 32
197 42 156 32
197 43 19 36
197 43 26 36
197 43 41 27
197 43 44 24
197 43 53 27
197 43 63 36
197 43 71 24
197 43 81 36
197 43 83 36
197 43 90 36
197 43 103 24
197 43 111 24
197 43 112 27
197 43 114 27
197 43 137 36
197 43 144 36
197 43 160 27
197 43 161 27
197 43 172 36
197 43 174 36
197 43 175 36
197 43 182 27
197 43 188 36
197 43 190 27
197 43 193 27
197 45 7 24
197 45 9 24
197 45 10 24
197 45 22 24
197 45 25 24
197 45 41 24
197 45 42 24
197 45 47 24
197 45 61 24
197 45 105 24
197 45 109 24
197 45 134 24
197 45 138 24
197 45 169 24
197 45 173 24
197 45 182 24
197 46 8 27
197 46 11 27
197 46 21 27
197 46 25 36
197 46 28 36
197 46 59 36
197 46 87 27
197 46 93 36
197 46 106 27
197 46 107 36
197 46 108 27
197 46 114 36
197 46 116 36
197 46 134 36
197 46 147 27
197 46 161 36
197 46 167 27
197 46 178 36
197 46 186 27
197 46 187 36
197 46 190 36
197 47 6 36
197 47 33 36
197 47 36 36
197 47 39 27
197 47 63 27
197 47 64 36
197 47 81 36
197 47 88 36
197 47 90 36
197 47 92 27
197 47 98 24
197 47 102 24
197 47 104 36
197 47 109 27
197 47 133 27
197 47 137 27
197 47 141 24
197 47 142 27
197 47 150 36
197 47 157 36
197 47 175 36
197 47 182 27
197 47 188 36
197 47 193 27
197 47 195 24
197 48 2 27
197 48 11 27
197 48 14 27
197 48 23 36
197 48 24 36
197 48 30 27
197 48 35 27
197 48 39 36
197 48 45 27
197 48 60 36
197 48 88 36
197 48 96 36
197 48 119 27
197 48 130 27
197 48 131 27
197 48 150 36
197 48 156 36
197 48 160 36
197 48 175 36
197 48 181 36
197 48 188 36
197 50 7 49
197 50 10 49
197 50 14 25
197 50 17 25
197 50 22 49
197 50 32 25
197 50 40 49
197 50 43 49
197 50 46 25
197 50 54 49
197 50 60 49
197 50 63 49
197 50 70 49
197 50 71 25
197 50 81 49
197 50 89 25
197 50 93 49
197 50 97 49
197 50 104 49
197 50 109 49
197 50 124 25
197 50 127 49
197 50 130 25
197 50 132 49
197 50 136 49
197 50 144 49
197 50 156 49
197 50 158 49
197 50 185 25
197 50 188 49
197 50 189 25
197 51 6 24
197 51 15 24
197 51 24 24
197 51 33 24
197 51 42 24
197 51 49 24
197 51 51 24
197 51 61 24
197 51 62 24
197 51 81 24
197 51 85 24
197 51 90 24
197 51 92 24
197 51 143 24
197 51 156 24
197 51 193 24
197 52 9 25
197 52 14 49
197 52 27 49
197 52 30 49
197 52 37 25
197 52 60 25
197 52 61 25
197 52 62 25
197 52 64 25
197 52 70 25
197 52 72 49
197 52 94 49
197 52 99 49
197 52 103 49
197 52 108 49
197 52 115 49
197 52 118 49
197 52 119 49
197 52 122 49
197 52 125 49
197 52 126 49
197 52 129 49
197 52 136 25
197 52 141 49
197 52 148 25
197 52 160 25
197 52 170 49
197 52 176 49
197 52 185 49
197 52 189 49
197 52 194 49
197 53 8 32
197 53 21 32
197 53 25 24
197 53 39 24
197 53 68 32
197 53 74 32
197 53 75 32
197 53 96 24
197 53 113 32
197 53 114 24
197 53 122 32
197 53 124 32
197 53 128 32
197 53 130 32
197 53 134 24
197 53 147 32
197 53 151 32
197 53 163 24
197 53 167 32
197 53 168 24
197 53 170 32
197 53 176 32
197 53 177 32
197 53 178 24
197 55 21 32
197 55 106 32
197 55 122 32
197 55 128 32
197 55 177 32
197 55 179 32
197 55 184 32
197 55 186 32
197 59 3 49
197 59 9 25
197 59 12 49
197 59 21 49
197 59 23 25
197 59 24 25
197 59 27 49
197 59 32 49
197 59 43 25
197 59 45 49
197 59 48 49
197 59 52 49
197 59 56 49
197 59 57 49
197 59 65 25
197 59 67 49
197 59 71 49
197 59 86 49
197 59 90 25
197 59 106 49
197 59 129 49
197 59 137 25
197 59 142 25
197 59 147 49
197 59 149 49
197 59 160 25
197 59 176 49
197 59 177 49
197 59 179 49
197 59 185 49
197 59 193 25
197 62 5 32
197 62 8 32
197 62 25 24
197 62 43 24
197 62 51 24
197 62 55 24
197 62 74 32
197 62 75 32
197 62 77 32
197 62 79 32
197 62 85 24
197 62 87 32
197 62 94 32
197 62 98 32
197 62 100 24
197 62 118 32
197 62 125 32
197 62 132 24
197 62 134 24
197 62 145 32
197 62 153 32
197 62 176 32
197 62 192 32
197 62 195 32
197 63 2 32
197 63 16 24
197 63 37 24
197 63 63 24
197 63 68 32
197 63 99 32
197 63 113 32
197 63 119 32
197 63 121 24
197 63 124 32
197 63 127 24
197 63 128 32
197 63 130 32
197 63 131 32
197 63 147 32
197 63 149 32
197 63 160 24
197 63 170 32
197 63 172 24
197 63 177 32
197 63 179 32
197 63 181 24
197 63 186 32
197 63 194 32
197 64 4 27
197 64 9 36
197 64 12 24
197 64 15 27
197 64 22 36
197 64 24 27
197 64 26 36
197 64 34 27
197 64 41 36
197 64 51 36
197 64 80 24
197 64 85 36
197 64 88 36
197 64 100 36
197 64 104 27
197 64 109 27
197 64 115 24
197 64 116 27
197 64 132 36
197 64 136 27
197 64 137 27
197 64 144 36
197 64 150 36
197 64 165 24
197 64 173 36
197 66 6 36
197 66 9 36
197 66 22 36
197 66 23 36
197 66 24 27
197 66 33 36
197 66 38 24
197 66 51 36
197 66 53 27
197 66 55 27
197 66 60 36
197 66 81 27
197 66 83 27
197 66 85 36
197 66 109 27
197 66 112 36
197 66 119 24
197 66 121 36
197 66 127 36
197 66 133 27
197 66 140 24
197 66 146 36
197 66 149 24
197 66 173 27
197 66 178 27
197 67 5 49
197 67 23 25
197 67 35 49
197 67 38 49
197 67 47 25
197 67 50 49
197 67 54 25
197 67 57 49
197 67 59 25
197 67 71 49
197 67 73 49
197 67 74 49
197 67 90 25
197 67 94 49
197 67 103 49
197 67 105 25
197 67 107 25
197 67 115 49
197 67 118 49
197 67 125 49
197 67 126 49
197 67 139 49
197 67 141 49
197 67 144 25
197 67 147 49
197 67 162 49
197 67 165 49
197 67 174 25
197 67 183 49
197 67 186 49
197 67 191 25
197 68 5 49
197 68 14 49
197 68 32 49
197 68 33 25
197 68 44 49
197 68 50 49
197 68 52 49
197 68 57 49
197 68 62 25
197 68 65 25
197 68 77 49
197 68 78 49
197 68 84 49
197 68 85 25
197 68 113 49
197 68 122 49
197 68 124 49
197 68 125 49
197 68 135 25
197 68 148 25
197 68 152 49
197 68 153 49
197 68 157 25
197 68 162 49
197 68 166 49
197 68 167 49
197 68 174 25
197 68 175 25
197 68 177 49
197 68 182 25
197 68 189 49
197 69 2 27
197 69 23 36
197 69 24 36
197 69 40 36
197 69 43 36
197 69 45 27
197 69 55 36
197 69 59 36
197 69 60 36
197 69 79 27
197 69 86 27
197 69 119 27
197 69 120 27
197 69 133 36
197 69 156 36
197 69 164 36
197 69 176 27
197 69 177 27
197 69 183 27
197 69 187 36
197 69 191 36
197 70 20 24
197 70 23 24
197 70 25 24
197 70 60 24
197 70 62 24
197 70 69 24
197 70 94 24
197 70 118 24
197 70 123 24
197 70 134 24
197 70 137 24
197 70 143 24
197 70 153 24
197 70 174 24
197 70 189 24
197 70 192 24
197 71 6 24
197 71 7 24
197 71 21 24
197 71 26 24
197 71 33 24
197 71 75 24
197 71 86 24
197 71 122 24
197 71 126 24
197 71 144 24
197 71 151 24
197 71 160 24
197 71 167 24
197 71 169 24
197 71 176 24
197 71 181 24
197 72 29 32
197 72 34 32
197 72 59 32
197 72 64 32
197 72 100 32
197 72 101 24
197 72 132 32
197 72 157 32
197 72 158 24
197 72 175 24
197 72 187 32
197 72 188 24
197 74 6 36
197 74 12 24
197 74 22 27
197 74 23 36
197 74 26 36
197 74 33 36
197 74 36 36
197 74 42 36
197 74 43 27
197 74 56 24
197 74 60 36
197 74 61 36
197 74 65 27
197 74 70 27
197 74 95 24
197 74 100 36
197 74 101 27
197 74 104 36
197 74 105 27
197 74 115 24
197 74 132 36
197 74 138 27
197 74 144 36
197 74 146 27
197 74 148 27
197 76 7 49
197 76 9 49
197 76 19 49
197 76 24 49
197 76 38 25
197 76 45 25
197 76 51 49
197 76 55 49
197 76 56 25
197 76 57 25
197 76 63 49
197 76 69 25
197 76 70 49
197 76 73 25
197 76 78 25
197 76 80 25
197 76 94 25
197 76 104 49
197 76 112 49
197 76 127 49
197 76 142 49
197 76 144 49
197 76 149 25
197 76 157 49
197 76 158 49
197 76 161 49
197 76 173 49
197 76 174 49
197 76 190 49
197 76 191 49
197 76 193 49
197 79 2 49
197 79 14 49
197 79 18 49
197 79 28 25
197 79 31 49
197 79 40 25
197 79 41 25
197 79 42 25
197 79 70 25
197 79 73 49
197 79 82 49
197 79 86 49
197 79 87 49
197 79 91 49
197 79 116 25
197 79 117 49
197 79 125 49
197 79 129 49
197 79 130 49
197 79 134 25
197 79 151 49
197 79 152 49
197 79 153 49
197 79 159 49
197 79 162 49
197 79 168 25
197 79 179 49
197 79 181 25
197 79 182 25
197 79 189 49
197 79 192 49
197 83 21 24
197 83 40 24
197 83 41 24
197 83 45 24
197 83 47 24
197 83 109 24
197 83 114 24
197 83 122 24
197 83 130 24
197 83 133 24
197 83 147 24
197 83 162 24
197 83 173 24
197 83 178 24
197 83 179 24
197 83 186 24
197 85 7 27
197 85 15 36
197 85 20 24
197 85 23 27
197 85 29 36
197 85 34 36
197 85 42 36
197 85 61 36
197 85 64 27
197 85 69 24
197 85 76 27
197 85 84 24
197 85 85 27
197 85 92 36
197 85 96 27
197 85 101 36
197 85 121 36
197 85 127 36
197 85 129 24
197 85 133 27
197 85 137 36
197 85 158 36
197 85 161 27
197 85 168 27
197 85 174 36
197 86 10 36
197 86 12 24
197 86 29 36
197 86 34 36
197 86 41 36
197 86 51 27
197 86 57 24
197 86 62 36
197 86 90 27
197 86 97 27
197 86 114 27
197 86 115 24
197 86 121 27
197 86 133 27
197 86 138 36
197 86 143 36
197 86 150 27
197 86 158 27
197 86 159 24
197 86 160 36
197 86 164 36
197 86 173 36
197 86 181 36
197 86 187 27
197 86 191 36
197 87 29 32
197 87 34 32
197 87 41 32
197 87 59 24
197 87 70 32
197 87 76 32
197 87 93 24
197 87 137 32
197 87 161 24
197 87 173 32
197 87 174 32
197 87 187 24
197 88 14 24
197 88 19 36
197 88 26 27
197 88 28 27
197 88 29 36
197 88 34 36
197 88 41 36
197 88 57 24
197 88 59 27
197 88 61 27
197 88 62 27
197 88 63 36
197 88 83 36
197 88 105 36
197 88 121 36
197 88 127 36
197 88 148 27
197 88 155 27
197 88 159 24
197 88 168 27
197 88 172 36
197 88 173 36
197 88 182 36
197 88 183 24
197 88 191 27
197 89 11 25
197 89 16 49
197 89 19 49
197 89 30 25
197 89 40 49
197 89 43 49
197 89 57 25
197 89 65 49
197 89 81 49
197 89 85 49
197 89 92 49
197 89 112 49
197 89 120 25
197 89 125 25
197 89 131 25
197 89 134 49
197 89 135 49
197 89 137 49
197 89 139 25
197 89 143 49
197 89 144 49
197 89 154 49
197 89 161 49
197 89 166 25
197 89 168 49
197 89 171 49
197 89 181 49
197 89 185 25
197 89 187 49
197 89 193 49
197 89 195 25
197 90 2 32
197 90 14 32
197 90 39 24
197 90 41 24
197 90 44 32
197 90 57 32
197 90 81 24
197 90 82 32
197 90 86 32
197 90 90 24
197 90 96 24
197 90 99 32
197 90 103 32
197 90 119 32
197 90 125 32
197 90 126 32
197 90 145 32
197 90 149 32
197 90 159 32
197 90 160 24
197 90 173 24
197 90 181 24
197 90 183 32
197 90 185 32
197 91 23 24
197 91 54 24
197 91 60 24
197 91 105 32
197 91 121 32
197 91 127 32
197 91 135 24
197 91 163 32
197 91 168 32
197 91 175 32
197 91 182 32
197 91 188 32
197 93 5 24
197 93 26 24
197 93 40 24
197 93 63 24
197 93 79 24
197 93 80 24
197 93 100 24
197 93 123 24
197 93 132 24
197 93 133 24
197 93 139 24
197 93 144 24
197 93 165 24
197 93 172 24
197 93 180 24
197 93 189 24
197 94 13 24
197 94 19 24
197 94 51 24
197 94 70 24
197 94 75 24
197 94 76 24
197 94 82 24
197 94 83 24
197 94 85 24
197 94 91 24
197 94 112 24
197 94 146 24
197 94 176 24
197 94 179 24
197 94 185 24
197 94 186 24
197 95 6 24
197 95 28 24
197 95 33 24
197 95 42 24
197 95 51 24
197 95 59 24
197 95 61 24
197 95 85 24
197 95 101 24
197 95 112 24
197 95 114 24
197 95 146 24
197 95 158 24
197 95 178 24
197 95 187 24
197 95 190 24
197 96 5 27
197 96 23 36
197 96 41 36
197 96 51 36
197 96 53 36
197 96 59 36
197 96 60 36
197 96 82 27
197 96 85 36
197 96 91 27
197 96 93 36
197 96 113 27
197 96 120 27
197 96 130 27
197 96 149 27
197 96 151 27
197 96 161 36
197 96 171 36
197 96 173 36
197 96 186 27
197 96 187 36
197 97 4 24
197 97 23 24
197 97 38 24
197 97 42 24
197 97 60 24
197 97 61 24
197 97 71 24
197 97 81 24
197 97 84 24
197 97 90 24
197 97 111 24
197 97 129 24
197 97 140 24
197 97 148 24
197 97 151 24
197 97 167 24
197 100 30 24
197 100 46 24
197 100 49 24
197 100 57 24
197 100 68 24
197 100 86 24
197 100 107 24
197 100 113 24
197 100 116 24
197 100 126 24
197 100 136 24
197 100 137 24
197 100 155 24
197 100 159 24
197 100 174 24
197 100 193 24
197 101 10 36
197 101 11 27
197 101 24 36
197 101 26 36
197 101 36 36
197 101 46 27
197 101 48 27
197 101 67 27
197 101 77 27
197 101 84 27
197 101 104 36
197 101 106 27
197 101 112 36
197 101 115 27
197 101 137 36
197 101 138 36
197 101 144 36
197 101 146 36
197 101 156 36
197 101 174 36
197 101 192 27
197 102 7 24
197 102 10 24
197 102 19 24
197 102 39 24
197 102 51 24
197 102 83 24
197 102 85 24
197 102 96 24
197 102 112 24
197 102 136 24
197 102 138 24
197 102 146 24
197 102 155 24
197 102 164 24
197 102 169 24
197 102 191 24
197 103 11 24
197 103 12 24
197 103 18 24
197 103 21 24
197 103 51 24
197 103 85 24
197 103 106 24
197 103 112 24
197 103 114 24
197 103 115 24
197 103 121 24
197 103 122 24
197 103 127 24
197 103 146 24
197 103 178 24
197 103 184 24
197 104 8 24
197 104 17 24
197 104 25 24
197 104 32 24
197 104 53 24
197 104 58 24
197 104 64 24
197 104 65 24
197 104 74 24
197 104 97 24
197 104 117 24
197 104 118 24
197 104 134 24
197 104 157 24
197 104 171 24
197 104 192 24
197 106 9 32
197 106 15 32
197 106 22 32
197 106 29 32
197 106 34 32
197 106 62 24
197 106 70 32
197 106 76 32
197 106 92 32
197 106 137 24
197 106 143 24
197 106 174 24
197 107 12 32
197 107 14 32
197 107 16 24
197 107 24 24
197 107 37 24
197 107 38 32
197 107 48 32
197 107 52 32
197 107 71 32
197 107 72 32
197 107 78 32
197 107 94 32
197 107 98 32
197 107 101 24
197 107 107 24
197 107 111 32
197 107 115 32
197 107 116 24
197 107 140 32
197 107 153 32
197 107 156 24
197 107 158 24
197 107 183 32
197 107 195 32
197 108 2 25
197 108 4 49
197 108 10 49
197 108 12 25
197 108 16 49
197 108 26 49
197 108 29 49
197 108 31 25
197 108 36 49
197 108 43 49
197 108 53 49
197 108 54 49
197 108 58 25
197 108 60 49
197 108 62 49
197 108 63 49
197 108 66 25
197 108 72 25
197 108 77 25
197 108 85 49
197 108 105 49
197 108 112 49
197 108 116 49
197 108 132 49
197 108 140 25
197 108 154 49
197 108 157 49
197 108 167 25
197 108 178 49
197 108 181 49
197 108 186 25
197 109 6 27
197 109 14 24
197 109 15 36
197 109 24 36
197 109 25 36
197 109 29 27
197 109 38 24
197 109 42 27
197 109 49 27
197 109 70 36
197 109 76 36
197 109 92 36
197 109 114 36
197 109 134 36
197 109 135 27
197 109 136 27
197 109 138 27
197 109 140 24
197 109 156 36
197 109 163 36
197 109 168 36
197 109 169 27
197 109 171 27
197 109 178 36
197 109 183 24
197 110 10 24
197 110 23 32
197 110 24 32
197 110 36 24
197 110 60 32
197 110 104 24
197 110 121 32
197 110 127 32
197 110 138 24
197 110 156 32
197 110 163 32
197 110 168 32
197 111 6 36
197 111 10 27
197 111 16 36
197 111 24 36
197 111 33 36
197 111 37 36
197 111 38 24
197 111 39 27
197 111 47 27
197 111 54 36
197 111 59 36
197 111 64 27
197 111 76 27
197 111 82 24
197 111 83 27
197 111 100 27
197 111 107 27
197 111 135 36
197 111 140 24
197 111 146 27
197 111 156 36
197 111 163 36
197 111 168 36
197 111 185 24
197 111 187 36
197 112 23 36
197 112 29 27
197 112 36 27
197 112 39 36
197 112 60 36
197 112 64 27
197 112 68 24
197 112 70 36
197 112 76 36
197 112 96 36
197 112 101 27
197 112 105 36
197 112 112 27
197 112 113 24
197 112 121 27
197 112 128 24
197 112 133 27
197 112 136 36
197 112 155 36
197 112 163 36
197 112 168 36
197 112 174 27
197 112 177 24
197 112 182 36
197 112 190 27
197 114 11 24
197 114 18 24
197 114 19 24
197 114 24 24
197 114 35 24
197 114 50 24
197 114 64 24
197 114 67 24
197 114 75 24
197 114 83 24
197 114 88 24
197 114 150 24
197 114 152 24
197 114 156 24
197 114 157 24
197 114 176 24
197 118 5 49
197 118 8 49
197 118 15 25
197 118 16 25
197 118 18 49
197 118 29 25
197 118 35 49
197 118 38 49
197 118 44 49
197 118 45 49
197 118 46 49
197 118 63 25
197 118 67 49
197 118 68 49
197 118 72 49
197 118 80 49
197 118 81 25
197 118 106 49
197 118 110 49
197 118 111 49
197 118 115 49
197 118 124 49
197 118 127 25
197 118 155 25
197 118 156 25
197 118 157 25
197 118 166 49
197 118 169 25
197 118 179 49
197 118 183 49
197 118 195 49
197 121 4 49
197 121 6 49
197 121 7 49
197 121 23 49
197 121 24 49
197 121 36 49
197 121 39 49
197 121 40 49
197 121 48 25
197 121 53 49
197 121 55 49
197 121 70 49
197 121 85 49
197 121 93 49
197 121 103 25
197 121 117 25
197 121 119 25
197 121 124 25
197 121 127 49
197 121 128 25
197 121 134 49
197 121 140 25
197 121 141 25
197 121 142 49
197 121 146 49
197 121 152 25
197 121 159 25
197 121 173 49
197 121 178 49
197 121 188 49
197 121 190 49
197 123 49 27
197 123 51 27
197 123 53 36
197 123 59 27
197 123 65 36
197 123 82 24
197 123 92 27
197 123 93 36
197 123 96 27
197 123 97 36
197 123 102 24
197 123 127 27
197 123 132 27
197 123 136 36
197 123 137 36
197 123 141 24
197 123 154 27
197 123 155 36
197 123 161 36
197 123 164 36
197 123 171 36
197 123 174 36
197 123 175 27
197 123 185 24
197 123 191 36
197 125 9 24
197 125 10 32
197 125 22 24
197 125 39 24
197 125 40 32
197 125 65 32
197 125 96 24
197 125 97 32
197 125 133 32
197 125 138 32
197 125 163 32
197 125 168 32
197 126 16 24
197 126 21 24
197 126 28 24
197 126 30 24
197 126 37 24
197 126 46 24
197 126 53 24
197 126 71 24
197 126 75 24
197 126 111 24
197 126 122 24
197 126 164 24
197 126 171 24
197 126 176 24
197 126 190 24
197 126 191 24
197 127 5 24
197 127 8 24
197 127 23 24
197 127 44 24
197 127 54 24
197 127 60 24
197 127 63 24
197 127 74 24
197 127 79 24
197 127 103 24
197 127 128 24
197 127 135 24
197 127 137 24
197 127 172 24
197 127 174 24
197 127 177 24
197 128 6 36
197 128 10 36
197 128 14 27
197 128 20 27
197 128 21 27
197 128 33 36
197 128 41 36
197 128 64 36
197 128 77 27
197 128 78 27
197 128 111 27
197 128 118 27
197 128 137 36
197 128 138 36
197 128 142 36
197 128 152 27
197 128 154 36
197 128 157 36
197 128 173 36
197 128 174 36
197 128 195 27
197 129 8 49
197 129 15 25
197 129 20 49
197 129 22 25
197 129 23 25
197 129 30 49
197 129 31 49
197 129 35 49
197 129 40 25
197 129 44 49
197 129 45 49
197 129 49 25
197 129 62 25
197 129 72 49
197 129 73 49
197 129 75 49
197 129 84 49
197 129 112 25
197 129 113 49
197 129 119 49
197 129 120 49
197 129 132 25
197 129 135 25
197 129 140 49
197 129 145 49
197 129 147 49
197 129 153 49
197 129 164 25
197 129 165 49
197 129 183 49
197 129 192 49
197 130 6 25
197 130 11 49
197 130 14 49
197 130 23 25
197 130 32 49
197 130 35 49
197 130 50 49
197 130 53 25
197 130 56 49
197 130 58 49
197 130 71 49
197 130 72 49
197 130 79 49
197 130 82 49
197 130 90 25
197 130 92 25
197 130 94 49
197 130 103 49
197 130 107 25
197 130 123 49
197 130 124 49
197 130 126 49
197 130 138 25
197 130 140 49
197 130 143 25
197 130 147 49
197 130 150 25
197 130 159 49
197 130 162 49
197 130 174 25
197 130 192 49
197 131 19 27
197 131 24 27
197 131 48 24
197 131 51 36
197 131 57 24
197 131 64 27
197 131 70 36
197 131 76 36
197 131 78 24
197 131 85 36
197 131 88 27
197 131 112 36
197 131 114 27
197 131 116 27
197 131 137 36
197 131 142 27
197 131 144 27
197 131 146 36
197 131 159 24
197 131 164 36
197 131 173 27
197 131 174 36
197 131 175 36
197 131 188 36
197 131 191 36
197 133 24 36
197 133 32 24
197 133 47 36
197 133 53 36
197 133 60 27
197 133 61 27
197 133 65 36
197 133 81 27
197 133 82 24
197 133 88 27
197 133 93 27
197 133 97 36
197 133 109 36
197 133 112 36
197 133 117 24
197 133 146 36
197 133 156 36
197 133 163 27
197 133 171 36
197 133 173 27
197 133 175 36
197 133 182 27
197 133 185 24
197 133 188 36
197 133 193 27
197 134 3 32
197 134 11 32
197 134 16 24
197 134 18 32
197 134 20 32
197 134 25 24
197 134 27 32
197 134 37 24
197 134 48 32
197 134 50 32
197 134 66 32
197 134 67 32
197 134 69 32
197 134 70 24
197 134 73 32
197 134 76 24
197 134 78 32
197 134 84 32
197 134 98 32
197 134 129 32
197 134 134 24
197 134 160 24
197 134 181 24
197 134 195 32
197 135 2 32
197 135 5 32
197 135 21 32
197 135 44 32
197 135 52 32
197 135 63 24
197 135 65 24
197 135 72 32
197 135 79 32
197 135 97 24
197 135 99 32
197 135 103 32
197 135 110 32
197 135 112 24
197 135 118 32
197 135 120 32
197 135 122 32
197 135 123 32
197 135 142 24
197 135 146 24
197 135 154 24
197 135 172 24
197 135 189 32
197 135 192 32
197 138 4 25
197 138 12 49
197 138 18 49
197 138 20 49
197 138 21 49
197 138 37 25
197 138 48 49
197 138 50 49
197 138 55 25
197 138 60 25
197 138 68 49
197 138 91 49
197 138 107 25
197 138 111 49
197 138 126 49
197 138 130 49
197 138 132 25
197 138 140 49
197 138 141 49
197 138 145 49
197 138 149 49
197 138 152 49
197 138 154 25
197 138 165 49
197 138 170 49
197 138 173 25
197 138 174 25
197 138 176 49
197 138 185 49
197 138 188 25
197 138 194 49
197 142 11 32
197 142 13 32
197 142 18 32
197 142 20 32
197 142 69 32
197 142 75 32
197 142 91 32
197 142 176 32
197 144 19 24
197 144 20 32
197 144 21 32
197 144 27 32
197 144 29 24
197 144 30 32
197 144 34 24
197 144 46 32
197 144 50 32
197 144 63 24
197 144 67 32
197 144 69 32
197 144 73 32
197 144 75 32
197 144 83 24
197 144 84 32
197 144 101 24
197 144 122 32
197 144 123 32
197 144 129 32
197 144 158 24
197 144 172 24
197 144 176 32
197 144 189 32
197 145 3 49
197 145 8 49
197 145 12 49
197 145 21 49
197 145 27 49
197 145 37 25
197 145 49 25
197 145 56 49
197 145 61 25
197 145 68 49
197 145 71 49
197 145 72 49
197 145 75 49
197 145 78 49
197 145 79 49
197 145 82 49
197 145 89 49
197 145 94 49
197 145 98 49
197 145 103 49
197 145 125 49
197 145 127 25
197 145 133 25
197 145 135 25
197 145 136 25
197 145 137 25
197 145 160 25
197 145 167 49
197 145 170 49
197 145 183 49
197 145 188 25
197 146 4 24
197 146 41 24
197 146 54 24
197 146 105 24
197 146 107 24
197 146 112 24
197 146 116 24
197 146 135 24
197 146 136 24
197 146 146 24
197 146 148 24
197 146 155 24
197 146 164 24
197 146 173 24
197 146 182 24
197 146 191 24
197 147 8 25
197 147 9 49
197 147 12 25
197 147 39 49
197 147 41 49
197 147 53 49
197 147 61 49
197 147 65 49
197 147 67 25
197 147 70 49
197 147 73 25
197 147 88 49
197 147 93 49
197 147 100 49
197 147 104 49
197 147 108 25
197 147 116 49
197 147 126 25
197 147 127 49
197 147 134 49
197 147 137 49
197 147 143 49
197 147 151 25
197 147 154 49
197 147 157 49
197 147 165 25
197 147 175 49
197 147 180 25
197 147 183 25
197 147 187 49
197 147 190 49
197 149 9 36
197 149 16 36
197 149 22 36
197 149 37 36
197 149 41 36
197 149 47 36
197 149 66 27
197 149 67 27
197 149 78 27
197 149 101 36
197 149 109 36
197 149 137 36
197 149 152 27
197 149 158 36
197 149 162 27
197 149 167 27
197 149 173 36
197 149 174 36
197 149 183 27
197 149 186 27
197 149 195 27
197 150 2 24
197 150 4 27
197 150 9 36
197 150 15 27
197 150 22 36
197 150 40 36
197 150 47 36
197 150 55 27
197 150 56 24
197 150 60 27
197 150 64 27
197 150 88 27
197 150 93 36
197 150 95 24
197 150 99 24
197 150 105 27
197 150 107 36
197 150 109 36
197 150 116 36
197 150 133 36
197 150 134 27
197 150 158 27
197 150 161 36
197 150 164 36
197 150 191 36
197 151 7 36
197 151 10 36
197 151 11 27
197 151 19 36
197 151 30 27
197 151 36 36
197 151 50 27
197 151 63 36
197 151 81 36
197 151 83 36
197 151 89 27
197 151 90 36
197 151 91 27
197 151 104 36
197 151 110 27
197 151 138 36
197 151 169 36
197 151 172 36
197 151 176 27
197 151 186 27
197 151 189 27
197 152 15 24
197 152 24 24
197 152 28 24
197 152 59 24
197 152 63 24
197 152 88 24
197 152 92 24
197 152 136 24
197 152 150 24
197 152 155 24
197 152 156 24
197 152 172 24
197 152 175 24
197 152 187 24
197 152 188 24
197 152 190 24
197 154 4 27
197 154 7 27
197 154 9 36
197 154 15 27
197 154 22 36
197 154 23 36
197 154 25 36
197 154 36 27
197 154 37 27
197 154 53 36
197 154 60 36
197 154 83 27
197 154 85 27
197 154 86 24
197 154 94 24
197 154 107 36
197 154 114 36
197 154 116 36
197 154 126 24
197 154 134 36
197 154 144 27
197 154 153 24
197 154 156 27
197 154 171 36
197 154 178 36
197 155 41 32
197 155 53 32
197 155 62 24
197 155 88 24
197 155 93 32
197 155 100 32
197 155 132 32
197 155 143 24
197 155 150 24
197 155 161 32
197 155 171 32
197 155 173 32
197 156 9 24
197 156 22 24
197 156 41 24
197 156 49 24
197 156 54 24
197 156 93 24
197 156 100 24
197 156 105 24
197 156 121 24
197 156 127 24
197 156 132 24
197 156 135 24
197 156 161 24
197 156 173 24
197 156 182 24
197 156 193 24
197 159 16 24
197 159 24 24
197 159 37 24
197 159 40 24
197 159 57 24
197 159 86 24
197 159 124 24
197 159 126 24
197 159 133 24
197 159 151 24
197 159 156 24
197 159 159 24
197 159 163 24
197 159 167 24
197 159 168 24
197 159 170 24
197 160 19 32
197 160 28 32
197 160 43 32
197 160 55 32
197 160 63 24
197 160 83 32
197 160 112 24
197 160 142 32
197 160 146 24
197 160 154 32
197 160 172 24
197 160 190 32
197 161 4 24
197 161 28 32
197 161 36 32
197 161 101 32
197 161 104 32
197 161 107 32
197 161 116 32
197 161 121 24
197 161 127 24
197 161 148 24
197 161 158 32
197 161 190 32
197 163 19 36
197 163 26 36
197 163 29 36
197 163 34 36
197 163 37 27
197 163 38 24
197 163 50 24
197 163 59 27
197 163 67 24
197 163 76 27
197 163 81 27
197 163 83 36
197 163 88 27
197 163 112 36
197 163 132 27
197 163 137 36
197 163 138 27
197 163 140 24
197 163 142 36
197 163 144 36
197 163 146 36
197 163 154 36
197 163 168 27
197 163 174 36
197 163 188 27
197 164 4 36
197 164 12 27
197 164 15 36
197 164 49 36
197 164 51 36
197 164 52 27
197 164 85 36
197 164 89 27
197 164 92 36
197 164 118 27
197 164 122 27
197 164 123 27
197 164 131 27
197 164 141 27
197 164 142 36
197 164 148 36
197 164 154 36
197 164 164 36
197 164 177 27
197 164 191 36
197 164 193 36
197 165 7 25
197 165 9 25
197 165 11 49
197 165 14 49
197 165 21 49
197 165 24 25
197 165 41 25
197 165 46 49
197 165 60 25
197 165 63 25
197 165 68 49
197 165 69 49
197 165 73 49
197 165 74 49
197 165 78 49
197 165 79 49
197 165 83 25
197 165 86 49
197 165 88 25
197 165 91 49
197 165 94 49
197 165 95 49
197 165 115 49
197 165 117 49
197 165 141 49
197 165 143 25
197 165 147 49
197 165 166 49
197 165 167 49
197 165 181 25
197 165 185 49
197 166 12 32
197 166 16 24
197 166 21 32
197 166 35 32
197 166 37 24
197 166 40 24
197 166 44 32
197 166 52 32
197 166 54 24
197 166 72 32
197 166 75 32
197 166 103 32
197 166 115 32
197 166 122 32
197 166 130 32
197 166 133 24
197 166 135 24
197 166 147 32
197 166 151 32
197 166 152 32
197 166 164 24
197 166 167 32
197 166 176 32
197 166 191 24
197 167 16 32
197 167 28 24
197 167 29 32
197 167 34 32
197 167 37 32
197 167 39 32
197 167 65 24
197 167 96 32
197 167 97 24
197 167 107 32
197 167 116 32
197 167 190 24
197 168 10 36
197 168 13 27
197 168 15 36
197 168 32 27
197 168 38 27
197 168 41 36
197 168 84 27
197 168 86 27
197 168 88 36
197 168 92 36
197 168 107 36
197 168 113 27
197 168 116 36
197 168 138 36
197 168 150 36
197 168 160 36
197 168 170 27
197 168 173 36
197 168 177 27
197 168 181 36
197 168 194 27
197 171 25 24
197 171 26 24
197 171 49 24
197 171 54 24
197 171 65 24
197 171 88 24
197 171 97 24
197 171 121 24
197 171 127 24
197 171 134 24
197 171 135 24
197 171 137 24
197 171 144 24
197 171 150 24
197 171 174 24
197 171 193 24
197 172 4 32
197 172 9 24
197 172 22 24
197 172 24 32
197 172 70 32
197 172 76 32
197 172 81 32
197 172 90 32
197 172 107 24
197 172 116 24
197 172 148 32
197 172 156 32
197 173 15 24
197 173 20 24
197 173 36 24
197 173 56 24
197 173 69 24
197 173 92 24
197 173 93 24
197 173 95 24
197 173 104 24
197 173 151 24
197 173 161 24
197 173 164 24
197 173 167 24
197 173 179 24
197 173 186 24
197 173 191 24
197 174 23 32
197 174 29 24
197 174 34 24
197 174 40 32
197 174 49 24
197 174 60 32
197 174 133 32
197 174 160 32
197 174 175 32
197 174 181 32
197 174 188 32
197 174 193 24
197 175 2 49
197 175 15 25
197 175 27 49
197 175 45 49
197 175 56 49
197 175 57 49
197 175 61 25
197 175 67 49
197 175 69 49
197 175 72 49
197 175 82 49
197 175 89 49
197 175 91 49
197 175 103 49
197 175 106 49
197 175 109 25
197 175 113 49
197 175 118 49
197 175 120 49
197 175 124 49
197 175 127 25
197 175 128 49
197 175 134 25
197 175 144 25
197 175 167 49
197 175 174 25
197 175 176 49
197 175 188 25
197 175 191 25
197 175 193 25
197 175 195 49
197 177 3 32
197 177 17 32
197 177 58 32
197 177 66 32
197 177 118 32
197 177 179 32
197 177 186 32
197 177 192 32
197 180 15 24
197 180 16 24
197 180 37 24
197 180 48 24
197 180 64 24
197 180 75 24
197 180 78 24
197 180 84 24
197 180 92 24
197 180 102 24
197 180 129 24
197 180 137 24
197 180 141 24
197 180 157 24
197 180 174 24
197 180 176 24
197 181 12 24
197 181 38 24
197 181 43 24
197 181 47 24
197 181 51 24
197 181 55 24
197 181 71 24
197 181 85 24
197 181 102 24
197 181 109 24
197 181 111 24
197 181 115 24
197 181 140 24
197 181 141 24
197 181 160 24
197 181 181 24
197 182 10 49
197 182 18 25
197 182 20 25
197 182 22 49
197 182 25 49
197 182 26 49
197 182 33 49
197 182 43 49
197 182 61 49
197 182 62 49
197 182 63 49
197 182 68 25
197 182 74 25
197 182 78 25
197 182 85 49
197 182 90 49
197 182 91 25
197 182 92 49
197 182 93 49
197 182 101 49
197 182 106 25
197 182 118 25
197 182 124 25
197 182 127 49
197 182 133 49
197 182 135 49
197 182 148 49
197 182 150 49
197 182 153 25
197 182 187 49
197 182 190 49
197 183 3 24
197 183 15 27
197 183 16 27
197 183 24 36
197 183 26 27
197 183 28 36
197 183 34 27
197 183 45 24
197 183 64 27
197 183 66 24
197 183 70 36
197 183 76 36
197 183 81 36
197 183 90 36
197 183 96 27
197 183 143 27
197 183 156 36
197 183 160 36
197 183 162 24
197 183 163 36
197 183 168 36
197 183 172 27
197 183 174 27
197 183 181 36
197 183 190 36
197 184 6 24
197 184 25 32
197 184 33 24
197 184 81 32
197 184 90 32
197 184 101 32
197 184 134 32
197 184 136 32
197 184 155 32
197 184 158 32
197 184 163 24
197 184 168 24
197 185 4 36
197 185 19 36
197 185 26 27
197 185 28 27
197 185 41 36
197 185 50 24
197 185 63 36
197 185 67 24
197 185 76 27
197 185 83 36
197 185 100 27
197 185 114 36
197 185 118 24
197 185 121 27
197 185 133 27
197 185 138 27
197 185 146 27
197 185 148 36
197 185 163 36
197 185 168 36
197 185 172 36
197 185 173 36
197 185 178 36
197 185 191 27
197 185 192 24
197 188 8 49
197 188 12 49
197 188 13 49
197 188 18 49
197 188 25 25
197 188 26 25
197 188 27 49
197 188 46 49
197 188 48 49
197 188 50 49
197 188 58 49
197 188 59 25
197 188 62 25
197 188 63 25
197 188 72 49
197 188 75 49
197 188 79 49
197 188 108 49
197 188 117 49
197 188 128 49
197 188 130 49
197 188 132 25
197 188 142 25
197 188 158 25
197 188 160 25
197 188 179 49
197 188 180 49
197 188 182 25
197 188 184 49
197 188 189 49
197 188 194 49
197 191 16 25
197 191 42 25
197 191 49 25
197 191 55 25
197 191 104 25
197 191 109 25
197 191 138 25
197 191 146 25
197 191 148 25
197 191 187 25
197 196 2 24
197 196 23 36
197 196 24 36
197 196 26 27
197 196 43 27
197 196 45 24
197 196 60 36
197 196 62 36
197 196 64 27
197 196 65 36
197 196 85 27
197 196 97 36
197 196 99 24
197 196 100 27
197 196 109 27
197 196 114 36
197 196 135 27
197 196 136 27
197 196 143 36
197 196 156 36
197 196 160 36
197 196 162 24
197 196 173 27
197 196 178 36
197 196 181 36
199 0 2 25
199 0 8 25
199 0 11 25
199 0 38 25
199 0 45 25
199 0 64 25
199 0 70 25
199 0 83 25
199 0 91 25
199 0 94 25
199 0 105 25
199 0 108 25
199 0 116 25
199 0 129 25
199 0 135 25
199 0 154 25
199 0 161 25
199 0 188 25
199 0 191 25
199 0 197 25
199 1 15 36
199 1 18 27
199 1 30 36
199 1 39 36
199 1 51 27
199 1 55 36
199 1 65 27
199 1 69 36
199 1 73 36
199 1 75 36
199 1 76 36
199 1 89 27
199 1 94 27
199 1 100 27
199 1 105 36
199 1 132 27
199 1 146 36
199 1 148 36
199 1 163 36
199 1 172 27
199 1 178 27
199 3 12 32
199 3 16 24
199 3 17 24
199 3 19 32
199 3 21 32
199 3 22 32
199 3 37 24
199 3 47 32
199 3 72 32
199 3 74 32
199 3 78 32
199 3 79 32
199 3 82 24
199 3 83 32
199 3 92 24
199 3 104 32
199 3 106 24
199 3 112 24
199 3 131 32
199 3 155 32
199 3 156 24
199 3 178 32
199 3 180 32
199 3 190 32
199 4 19 49
199 4 22 49
199 4 55 49
199 4 73 49
199 4 75 49
199 4 83 49
199 4 85 49
199 4 87 49
199 4 95 49
199 4 97 49
199 4 99 49
199 4 108 49
199 4 110 49
199 4 152 49
199 4 156 49
199 4 163 49
199 4 166 49
199 4 173 49
199 4 174 49
199 4 189 49
199 4 195 49
199 5 9 32
199 5 29 32
199 5 124 32
199 5 130 32
199 5 140 32
199 5 151 32
199 5 172 32
199 5 177 32
199 6 11 25
199 6 12 25
199 6 13 25
199 6 20 25
199 6 24 25
199 6 51 25
199 6 54 25
199 6 57 25
199 6 63 25
199 6 72 25
199 6 75 25
199 6 76 25
199 6 80 25
199 6 117 25
199 6 120 25
199 6 133 25
199 6 138 25
199 6 161 25
199 6 188 25
199 6 190 25
199 7 3 25
199 7 5 25
199 7 13 25
199 7 25 25
199 7 29 25
199 7 30 25
199 7 31 25
199 7 43 25
199 7 59 25
199 7 61 25
199 7 63 25
199 7 78 25
199 7 114 25
199 7 120 25
199 7 129 25
199 7 146 25
199 7 153 25
199 7 169 25
199 7 179 25
199 7 192 25
199 8 17 27
199 8 19 27
199 8 35 24
199 8 42 27
199 8 69 36
199 8 75 36
199 8 91 24
199 8 99 27
199 8 104 24
199 8 110 27
199 8 127 36
199 8 129 27
199 8 149 36
199 8 152 36
199 8 155 24
199 8 170 27
199 8 174 27
199 8 192 27
199 8 195 36
199 9 18 49
199 9 23 49
199 9 31 49
199 9 45 49
199 9 49 49
199 9 50 49
199 9 53 49
199 9 62 49
199 9 66 49
199 9 79 49
199 9 90 49
199 9 94 49
199 9 100 49
199 9 106 49
199 9 124 49
199 9 125 49
199 9 128 49
199 9 145 49
199 9 172 49
199 9 175 49
199 9 193 49
199 10 8 49
199 10 9 49
199 10 10 49
199 10 28 49
199 10 36 49
199 10 43 49
199 10 49 49
199 10 50 49
199 10 63 49
199 10 86 49
199 10 100 49
199 10 106 49
199 10 116 49
199 10 125 49
199 10 126 49
199 10 130 49
199 10 140 49
199 10 155 49
199 10 157 49
199 10 161 49
199 10 178 49
199 11 5 32
199 11 11 32
199 11 15 32
199 11 40 32
199 11 42 32
199 11 69 24
199 11 75 24
199 11 88 24
199 11 89 32
199 11 92 32
199 11 103 24
199 11 106 32
199 11 109 32
199 11 114 24
199 11 123 32
199 11 124 24
199 11 130 24
199 11 144 32
199 11 146 32
199 11 147 24
199 11 153 32
199 11 161 32
199 11 181 32
199 11 186 32
199 12 7 32
199 12 10 32
199 12 14 32
199 12 15 24
199 12 18 32
199 12 20 32
199 12 35 32
199 12 42 24
199 12 55 24
199 12 57 32
199 12 76 24
199 12 80 32
199 12 91 32
199 12 102 32
199 12 109 24
199 12 128 32
199 12 134 24
199 12 146 24
199 12 150 24
199 12 158 32
199 12 165 32
199 12 178 32
199 12 180 32
199 12 188 32
199 13 11 32
199 13 16 32
199 13 27 32
199 13 28 24
199 13 32 32
199 13 43 24
199 13 49 32
199 13 56 32
199 13 59 32
199 13 64 24
199 13 65 32
199 13 97 24
199 13 99 32
199 13 105 24
199 13 112 32
199 13 119 24
199 13 124 32
199 13 130 32
199 13 162 24
199 13 163 24
199 13 174 32
199 13 181 32
199 13 191 32
199 13 197 32
199 14 5 24
199 14 12 36
199 14 40 24
199 14 54 27
199 14 68 27
199 14 83 36
199 14 87 27
199 14 93 36
199 14 95 27
199 14 105 27
199 14 107 36
199 14 134 36
199 14 141 27
199 14 142 27
199 14 149 27
199 14 150 36
199 14 158 24
199 14 159 27
199 14 165 24
199 15 4 36
199 15 50 36
199 15 80 36
199 15 102 36
199 15 178 36
199 15 180 36
199 16 4 36
199 16 5 36
199 16 6 36
199 16 8 36
199 16 12 36
199 16 14 36
199 16 17 36
199 16 18 36
199 16 25 36
199 16 27 36
199 16 29 36
199 16 31 36
199 16 39 36
199 16 40 36
199 16 49 36
199 16 50 36
199 16 59 36
199 16 65 36
199 16 67 36
199 16 68 36
199 16 77 36
199 16 82 36
199 16 83 36
199 16 101 36
199 16 120 36
199 16 121 36
199 16 122 36
199 16 125 36
199 16 128 36
199 16 135 36
199 16 148 36
199 16 151 36
199 16 166 36
199 16 168 36
199 16 171 36
199 16 188 36
199 18 12 24
199 18 13 32
199 18 28 32
199 18 31 32
199 18 46 32
199 18 51 32
199 18 55 24
199 18 63 32
199 18 64 32
199 18 70 32
199 18 76 24
199 18 81 32
199 18 83 24
199 18 86 32
199 18 92 32
199 18 93 24
199 18 106 32
199 18 107 24
199 18 122 32
199 18 139 32
199 18 142 24
199 18 145 32
199 18 160 32
199 18 192 24
199 19 3 36
199 19 12 36
199 19 15 36
199 19 34 36
199 19 37 36
199 19 39 36
199 19 41 36
199 19 44 36
199 19 68 36
199 19 77 36
199 19 83 36
199 19 85 36
199 19 87 36
199 19 95 36
199 19 96 36
199 19 97 36
199 19 99 36
199 19 113 36
199 19 118 36
199 19 119 36
199 19 120 36
199 19 133 36
199 19 134 36
199 19 135 36
199 19 143 36
199 19 146 36
199 19 148 36
199 19 150 36
199 19 156 36
199 19 167 36
199 19 168 36
199 19 171 36
199 19 173 36
199 19 176 36
199 19 183 36
199 19 197 36
199 20 5 49
199 20 9 49
199 20 10 49
199 20 13 49
199 20 43 49
199 20 64 49
199 20 72 49
199 20 86 49
199 20 100 49
199 20 115 49
199 20 116 49
199 20 128 49
199 20 131 49
199 20 132 49
199 20 139 49
199 20 145 49
199 20 151 49
199 20 155 49
199 20 158 49
199 20 184 49
199 20 193 49
199 21 2 36
199 21 6 24
199 21 11 24
199 21 19 24
199 21 21 24
199 21 23 36
199 21 26 36
199 21 29 36
199 21 36 36
199 21 38 24
199 21 42 24
199 21 51 36
199 21 68 24
199 21 79 36
199 21 88 24
199 21 94 36
199 21 98 36
199 21 100 36
199 21 109 24
199 21 110 24
199 21 113 24
199 21 117 36
199 21 118 24
199 21 120 24
199 21 131 36
199 21 132 36
199 21 147 24
199 21 151 36
199 21 158 36
199 21 160 36
199 21 165 36
199 21 166 24
199 21 181 24
199 21 182 36
199 22 19 36
199 22 21 36
199 22 24 36
199 22 105 36
199 22 141 36
199 22 163 36
199 23 4 32
199 23 31 32
199 23 50 32
199 23 103 32
199 23 114 32
199 23 122 32
199 23 126 32
199 23 169 32
199 24 13 24
199 24 24 36
199 24 44 27
199 24 46 24
199 24 49 24
199 24 60 36
199 24 65 24
199 24 69 27
199 24 88 27
199 24 96 27
199 24 101 27
199 24 119 27
199 24 134 27
199 24 136 36
199 24 141 36
199 24 142 36
199 24 146 27
199 24 148 27
199 24 192 36
199 25 22 49
199 25 24 49
199 25 42 49
199 25 44 49
199 25 60 49
199 25 71 49
199 25 83 49
199 25 110 49
199 25 127 49
199 25 134 49
199 25 138 49
199 25 146 49
199 25 156 49
199 25 166 49
199 25 167 49
199 25 168 49
199 25 170 49
199 25 174 49
199 25 179 49
199 25 183 49
199 25 194 49
199 26 7 27
199 26 10 36
199 26 18 27
199 26 20 36
199 26 32 27
199 26 48 24
199 26 53 27
199 26 66 36
199 26 106 27
199 26 113 24
199 26 117 27
199 26 118 24
199 26 126 36
199 26 130 27
199 26 169 36
199 26 170 24
199 26 177 27
199 26 193 27
199 26 196 36
199 27 9 36
199 27 20 27
199 27 31 27
199 27 43 36
199 27 56 27
199 27 57 27
199 27 84 36
199 27 93 36
199 27 99 36
199 27 107 36
199 27 112 27
199 27 126 36
199 27 128 27
199 27 145 27
199 27 154 36
199 27 162 36
199 27 169 36
199 27 175 27
199 27 177 36
199 27 184 27
199 27 197 36
199 29 15 25
199 29 32 25
199 29 70 25
199 29 81 25
199 29 84 25
199 29 95 25
199 29 100 25
199 29 114 25
199 29 127 25
199 29 131 25
199 29 138 25
199 29 139 25
199 29 148 25
199 29 159 25
199 29 162 25
199 29 168 25
199 29 170 25
199 29 188 25
199 29 190 25
199 29 196 25
199 30 23 25
199 30 24 25
199 30 25 25
199 30 43 25
199 30 46 25
199 30 52 25
199 30 67 25
199 30 70 25
199 30 77 25
199 30 102 25
199 30 109 25
199 30 112 25
199 30 127 25
199 30 133 25
199 30 136 25
199 30 154 25
199 30 155 25
199 30 156 25
199 30 185 25
199 30 193 25
199 31 3 25
199 31 8 25
199 31 11 25
199 31 13 25
199 31 26 25
199 31 28 25
199 31 33 25
199 31 44 25
199 31 73 25
199 31 90 25
199 31 103 25
199 31 117 25
199 31 130 25
199 31 132 25
199 31 138 25
199 31 149 25
199 31 168 25
199 31 174 25
199 31 176 25
199 31 185 25
199 32 4 27
199 32 22 36
199 32 26 27
199 32 54 36
199 32 62 27
199 32 64 27
199 32 71 36
199 32 85 36
199 32 93 36
199 32 94 27
199 32 96 36
199 32 97 36
199 32 107 36
199 32 119 36
199 32 121 27
199 32 126 27
199 32 129 36
199 32 131 27
199 32 144 27
199 32 185 36
199 32 190 36
199 33 9 32
199 33 13 32
199 33 32 24
199 33 46 32
199 33 51 32
199 33 56 24
199 33 67 32
199 33 70 32
199 33 77 32
199 33 87 32
199 33 92 24
199 33 101 32
199 33 106 24
199 33 108 24
199 33 113 24
199 33 118 24
199 33 145 32
199 33 159 32
199 33 160 32
199 33 164 24
199 33 168 32
199 33 177 32
199 33 183 32
199 33 194 32
199 34 7 27
199 34 22 36
199 34 28 27
199 34 31 27
199 34 35 36
199 34 43 36
199 34 56 27
199 34 86 27
199 34 91 36
199 34 114 27
199 34 121 36
199 34 124 27
199 34 125 36
199 34 126 27
199 34 142 36
199 34 155 27
199 34 159 36
199 34 162 36
199 34 190 36
199 34 192 36
199 34 194 36
199 35 20 49
199 35 31 49
199 35 32 49
199 35 40 49
199 35 46 49
199 35 50 49
199 35 51 49
199 35 62 49
199 35 91 49
199 35 94 49
199 35 102 49
199 35 126 49
199 35 128 49
199 35 130 49
199 35 131 49
199 35 132 49
199 35 144 49
199 35 145 49
199 35 151 49
199 35 187 49
199 35 196 49
199 36 3 32
199 36 12 32
199 36 22 32
199 36 24 32
199 36 30 32
199 36 32 24
199 36 56 24
199 36 67 32
199 36 69 32
199 36 70 24
199 36 73 32
199 36 74 32
199 36 75 32
199 36 78 32
199 36 81 24
199 36 83 32
199 36 86 24
199 36 101 32
199 36 126 24
199 36 133 32
199 36 141 32
199 36 145 24
199 36 169 24
199 36 190 32
199 37 42 36
199 37 68 36
199 37 109 36
199 37 120 36
199 37 134 36
199 37 150 36
199 38 6 27
199 38 8 36
199 38 21 27
199 38 25 36
199 38 29 36
199 38 31 36
199 38 34 27
199 38 74 27
199 38 84 27
199 38 88 27
199 38 98 36
199 38 116 36
199 38 117 36
199 38 120 27
199 38 122 36
199 38 132 36
199 38 151 36
199 38 152 27
199 38 182 36
199 38 187 36
199 38 194 27
199 39 8 24
199 39 15 32
199 39 22 32
199 39 25 24
199 39 34 32
199 39 37 32
199 39 38 32
199 39 41 32
199 39 51 24
199 39 60 32
199 39 97 32
199 39 103 24
199 39 110 32
199 39 114 24
199 39 117 24
199 39 119 32
199 39 134 32
199 39 136 32
199 39 146 32
199 39 150 32
199 39 156 32
199 39 160 24
199 39 182 24
199 39 190 32
199 40 7 25
199 40 14 25
199 40 26 25
199 40 43 25
199 40 54 25
199 40 55 25
199 40 70 25
199 40 78 25
199 40 103 25
199 40 104 25
199 40 108 25
199 40 127 25
199 40 139 25
199 40 147 25
199 40 149 25
199 40 161 25
199 40 170 25
199 40 171 25
199 40 176 25
199 40 187 25
199 41 16 32
199 41 23 32
199 41 26 32
199 41 47 24
199 41 66 24
199 41 70 32
199 41 72 24
199 41 90 32
199 41 112 32
199 41 145 32
199 41 157 32
199 41 196 24
199 43 3 32
199 43 12 24
199 43 27 32
199 43 54 24
199 43 59 32
199 43 67 32
199 43 83 24
199 43 97 32
199 43 101 32
199 43 119 32
199 43 129 24
199 43 133 32
199 44 6 25
199 44 37 25
199 44 45 25
199 44 46 25
199 44 56 25
199 44 84 25
199 44 92 25
199 44 95 25
199 44 105 25
199 44 109 25
199 44 118 25
199 44 121 25
199 44 136 25
199 44 140 25
199 44 142 25
199 44 155 25
199 44 157 25
199 44 173 25
199 44 177 25
199 44 182 25
199 45 5 25
199 45 9 25
199 45 19 25
199 45 26 25
199 45 37 25
199 45 52 25
199 45 55 25
199 45 58 25
199 45 68 25
199 45 81 25
199 45 96 25
199 45 108 25
199 45 117 25
199 45 121 25
199 45 143 25
199 45 154 25
199 45 172 25
199 45 188 25
199 45 189 25
199 45 197 25
199 46 11 24
199 46 54 32
199 46 67 32
199 46 84 32
199 46 101 32
199 46 108 24
199 46 116 32
199 46 117 24
199 46 121 24
199 46 124 32
199 46 125 24
199 46 129 32
199 46 130 32
199 46 135 32
199 46 154 32
199 46 158 32
199 46 164 24
199 46 165 32
199 46 171 32
199 46 178 32
199 46 180 32
199 46 181 24
199 46 182 24
199 46 187 32
199 47 2 32
199 47 9 32
199 47 23 32
199 47 26 32
199 47 30 24
199 47 32 32
199 47 47 32
199 47 51 32
199 47 53 32
199 47 56 32
199 47 72 32
199 47 73 24
199 47 87 24
199 47 100 32
199 47 126 32
199 47 135 24
199 47 160 32
199 47 169 32
199 47 171 24
199 47 177 32
199 47 179 24
199 47 183 24
199 47 184 32
199 47 189 24
199 48 2 32
199 48 10 32
199 48 11 24
199 48 16 32
199 48 18 32
199 48 20 32
199 48 55 24
199 48 58 32
199 48 69 24
199 48 75 24
199 48 76 24
199 48 88 24
199 48 89 32
199 48 90 32
199 48 100 32
199 48 112 32
199 48 117 32
199 48 147 24
199 48 157 32
199 48 161 32
199 48 175 32
199 48 181 24
199 48 182 32
199 48 188 32
199 49 5 25
199 49 10 25
199 49 48 25
199 49 59 25
199 49 80 25
199 49 82 25
199 49 87 25
199 49 89 25
199 49 91 25
199 49 100 25
199 49 110 25
199 49 133 25
199 49 139 25
199 49 148 25
199 49 150 25
199 49 163 25
199 49 177 25
199 49 178 25
199 49 195 25
199 49 196 25
199 50 28 32
199 50 64 32
199 50 89 32
199 50 121 32
199 50 124 32
199 50 125 32
199 50 130 32
199 50 161 32
199 51 7 32
199 51 10 32
199 51 20 32
199 51 22 32
199 51 32 24
199 51 53 32
199 51 56 24
199 51 57 32
199 51 68 32
199 51 85 24
199 51 87 24
199 51 92 32
199 51 93 32
199 51 96 24
199 51 104 24
199 51 106 32
199 51 107 32
199 51 120 32
199 51 155 24
199 51 174 32
199 51 183 24
199 51 184 32
199 51 190 32
199 51 191 32
199 53 3 49
199 53 12 49
199 53 24 49
199 53 30 49
199 53 39 49
199 53 54 49
199 53 67 49
199 53 68 49
199 53 75 49
199 53 77 49
199 53 78 49
199 53 82 49
199 53 95 49
199 53 99 49
199 53 113 49
199 53 138 49
199 53 146 49
199 53 150 49
199 53 167 49
199 53 185 49
199 53 195 49
199 54 2 32
199 54 5 32
199 54 13 32
199 54 22 24
199 54 28 32
199 54 32 32
199 54 34 24
199 54 40 32
199 54 41 24
199 54 46 32
199 54 49 32
199 54 54 24
199 54 56 32
199 54 64 32
199 54 65 32
199 54 98 32
199 54 100 32
199 54 126 32
199 54 129 24
199 54 132 32
199 54 142 24
199 54 169 32
199 54 190 24
199 54 192 24
199 55 23 32
199 55 26 32
199 55 30 32
199 55 37 24
199 55 49 32
199 55 65 32
199 55 73 32
199 55 74 32
199 55 78 32
199 55 89 24
199 55 108 24
199 55 117 32
199 55 123 32
199 55 126 24
199 55 135 32
199 55 144 32
199 55 156 24
199 55 159 32
199 55 161 24
199 55 164 24
199 55 169 24
199 55 171 32
199 55 182 32
199 55 194 32
199 56 39 24
199 56 44 24
199 56 95 24
199 56 99 32
199 56 113 32
199 56 118 32
199 56 127 32
199 56 135 32
199 56 148 24
199 56 152 32
199 56 171 32
199 56 197 32
199 57 6 27
199 57 10 36
199 57 15 36
199 57 17 27
199 57 19 36
199 57 20 36
199 57 21 36
199 57 53 36
199 57 83 27
199 57 98 36
199 57 110 27
199 57 127 27
199 57 132 36
199 57 134 27
199 57 146 36
199 57 147 27
199 57 149 27
199 57 159 36
199 57 170 27
199 57 184 36
199 57 194 36
199 58 52 36
199 58 61 36
199 58 62 36
199 58 89 36
199 58 111 36
199 58 161 36
199 60 13 36
199 60 18 36
199 60 28 36
199 60 29 36
199 60 33 36
199 60 35 36
199 60 45 36
199 60 46 36
199 60 47 36
199 60 49 36
199 60 52 36
199 60 61 36
199 60 62 36
199 60 64 36
199 60 65 36
199 60 70 36
199 60 72 36
199 60 91 36
199 60 92 36
199 60 103 36
199 60 104 36
199 60 106 36
199 60 111 36
199 60 114 36
199 60 115 36
199 60 116 36
199 60 126 36
199 60 140 36
199 60 145 36
199 60 151 36
199 60 155 36
199 60 169 36
199 60 172 36
199 60 187 36
199 60 188 36
199 60 193 36
199 61 4 32
199 61 49 32
199 61 50 32
199 61 61 32
199 61 62 32
199 61 65 32
199 61 66 24
199 61 104 32
199 61 116 24
199 61 155 32
199 61 187 24
199 61 196 24
199 62 3 32
199 62 11 32
199 62 60 24
199 62 74 32
199 62 77 32
199 62 78 32
199 62 84 24
199 62 133 32
199 62 136 24
199 62 154 24
199 62 168 32
199 62 181 32
199 63 4 27
199 63 26 27
199 63 28 27
199 63 36 27
199 63 37 36
199 63 63 36
199 63 65 27
199 63 81 36
199 63 85 36
199 63 86 36
199 63 92 27
199 63 96 36
199 63 98 36
199 63 99 36
199 63 132 36
199 63 139 36
199 63 156 36
199 63 158 27
199 63 161 27
199 63 178 27
199 63 197 36
199 65 2 36
199 65 51 36
199 65 100 36
199 65 158 36
199 65 160 36
199 65 165 36
199 67 4 49
199 67 5 49
199 67 8 49
199 67 14 49
199 67 23 49
199 67 32 49
199 67 45 49
199 67 51 49
199 67 52 49
199 67 57 49
199 67 80 49
199 67 86 49
199 67 106 49
199 67 121 49
199 67 124 49
199 67 132 49
199 67 139 49
199 67 157 49
199 67 172 49
199 67 193 49
199 67 196 49
199 68 12 24
199 68 32 32
199 68 35 32
199 68 36 32
199 68 56 32
199 68 61 32
199 68 62 32
199 68 63 32
199 68 67 24
199 68 83 24
199 68 89 32
199 68 91 32
199 68 92 32
199 68 94 32
199 68 101 24
199 68 105 24
199 68 106 32
199 68 108 24
199 68 126 32
199 68 139 32
199 68 161 32
199 68 163 24
199 68 164 24
199 68 169 32
199 69 9 27
199 69 25 27
199 69 27 36
199 69 39 36
199 69 44 36
199 69 56 27
199 69 59 36
199 69 60 36
199 69 69 36
199 69 75 36
199 69 95 36
199 69 98 27
199 69 102 27
199 69 126 27
199 69 136 36
199 69 148 36
199 69 151 27
199 69 158 27
199 69 173 36
199 69 176 36
199 69 180 27
199 70 5 24
199 70 10 32
199 70 20 32
199 70 28 24
199 70 35 32
199 70 40 24
199 70 64 24
199 70 91 32
199 70 104 32
199 70 124 32
199 70 130 32
199 70 155 32
199 71 6 27
199 71 12 27
199 71 17 36
199 71 47 36
199 71 51 36
199 71 54 27
199 71 55 27
199 71 60 27
199 71 72 36
199 71 80 36
199 71 82 36
199 71 99 27
199 71 102 36
199 71 137 36
199 71 138 36
199 71 150 27
199 71 160 36
199 71 174 36
199 71 179 27
199 71 186 27
199 71 191 36
199 75 16 25
199 75 31 25
199 75 34 25
199 75 70 25
199 75 81 25
199 75 91 25
199 75 93 25
199 75 95 25
199 75 101 25
199 75 108 25
199 75 109 25
199 75 113 25
199 75 117 25
199 75 128 25
199 75 129 25
199 75 149 25
199 75 172 25
199 75 178 25
199 75 192 25
199 75 193 25
199 76 8 32
199 76 24 32
199 76 25 32
199 76 35 32
199 76 47 32
199 76 51 32
199 76 54 24
199 76 71 32
199 76 72 32
199 76 87 32
199 76 89 24
199 76 91 32
199 76 104 24
199 76 108 32
199 76 129 24
199 76 137 24
199 76 138 24
199 76 141 32
199 76 155 24
199 76 160 32
199 76 161 24
199 76 164 32
199 76 183 32
199 76 185 32
199 77 3 32
199 77 19 32
199 77 21 32
199 77 42 32
199 77 55 32
199 77 76 32
199 77 109 32
199 77 133 32
199 78 12 36
199 78 24 27
199 78 28 24
199 78 64 24
199 78 68 36
199 78 71 27
199 78 83 36
199 78 87 36
199 78 92 24
199 78 97 27
199 78 106 24
199 78 120 36
199 78 150 27
199 78 153 27
199 78 163 27
199 78 170 27
199 78 179 27
199 78 183 36
199 78 195 27
199 79 2 24
199 79 4 24
199 79 10 24
199 79 12 36
199 79 20 24
199 79 28 24
199 79 39 36
199 79 44 36
199 79 50 24
199 79 64 24
199 79 66 24
199 79 71 36
199 79 83 36
199 79 84 36
199 79 95 36
199 79 98 24
199 79 99 36
199 79 100 24
199 79 103 24
199 79 114 24
199 79 124 24
199 79 130 24
199 79 132 24
199 79 134 36
199 79 135 36
199 79 142 36
199 79 148 36
199 79 150 36
199 79 154 36
199 79 171 36
199 79 185 36
199 79 192 36
199 79 196 24
199 79 197 36
199 80 5 27
199 80 6 36
199 80 13 27
199 80 44 36
199 80 51 27
199 80 87 36
199 80 92 27
199 80 93 36
199 80 95 36
199 80 98 27
199 80 99 36
199 80 103 27
199 80 107 36
199 80 128 27
199 80 142 36
199 80 166 36
199 80 178 27
199 80 183 36
199 80 187 27
199 80 192 36
199 80 197 36
199 81 5 49
199 81 7 49
199 81 10 49
199 81 23 49
199 81 25 49
199 81 29 49
199 81 31 49
199 81 35 49
199 81 46 49
199 81 47 49
199 81 56 49
199 81 58 49
199 81 62 49
199 81 66 49
199 81 80 49
199 81 86 49
199 81 89 49
199 81 98 49
199 81 106 49
199 81 121 49
199 81 169 49
199 83 16 36
199 83 33 36
199 83 89 36
199 83 112 36
199 83 161 36
199 83 193 36
199 84 11 25
199 84 12 25
199 84 27 25
199 84 34 25
199 84 45 25
199 84 70 25
199 84 72 25
199 84 74 25
199 84 88 25
199 84 98 25
199 84 99 25
199 84 112 25
199 84 116 25
199 84 126 25
199 84 143 25
199 84 149 25
199 84 151 25
199 84 163 25
199 84 182 25
199 84 193 25
199 86 9 36
199 86 12 27
199 86 15 27
199 86 29 36
199 86 39 36
199 86 60 27
199 86 71 36
199 86 78 27
199 86 82 27
199 86 104 36
199 86 107 27
199 86 120 27
199 86 148 36
199 86 151 36
199 86 155 36
199 86 164 27
199 86 173 36
199 86 176 36
199 86 177 36
199 86 185 36
199 86 194 27
199 87 5 32
199 87 7 24
199 87 33 24
199 87 40 32
199 87 52 32
199 87 53 32
199 87 57 24
199 87 58 32
199 87 111 32
199 87 175 32
199 87 184 32
199 87 193 24
199 89 19 32
199 89 21 32
199 89 34 32
199 89 41 32
199 89 48 24
199 89 74 24
199 89 77 32
199 89 78 24
199 89 153 32
199 89 168 32
199 89 170 24
199 89 186 32
199 90 3 27
199 90 7 24
199 90 11 36
199 90 13 24
199 90 17 27
199 90 27 36
199 90 39 27
199 90 42 27
199 90 44 36
199 90 46 24
199 90 57 24
199 90 59 36
199 90 95 36
199 90 101 27
199 90 127 27
199 90 137 27
199 90 168 27
199 90 181 36
199 90 189 27
199 91 2 49
199 91 4 49
199 91 10 49
199 91 16 49
199 91 23 49
199 91 25 49
199 91 31 49
199 91 45 49
199 91 58 49
199 91 91 49
199 91 92 49
199 91 131 49
199 91 132 49
199 91 139 49
199 91 140 49
199 91 151 49
199 91 155 49
199 91 160 49
199 91 165 49
199 91 178 49
199 91 188 49
199 93 7 49
199 93 8 49
199 93 9 49
199 93 18 49
199 93 20 49
199 93 65 49
199 93 79 49
199 93 81 49
199 93 89 49
199 93 91 49
199 93 106 49
199 93 114 49
199 93 121 49
199 93 122 49
199 93 128 49
199 93 132 49
199 93 140 49
199 93 158 49
199 93 180 49
199 93 182 49
199 93 184 49
199 94 5 49
199 94 9 49
199 94 16 49
199 94 20 49
199 94 32 49
199 94 33 49
199 94 36 49
199 94 43 49
199 94 52 49
199 94 57 49
199 94 65 49
199 94 66 49
199 94 86 49
199 94 114 49
199 94 132 49
199 94 140 49
199 94 144 49
199 94 160 49
199 94 161 49
199 94 175 49
199 94 184 49
199 96 7 36
199 96 10 36
199 96 16 36
199 96 20 36
199 96 23 36
199 96 26 36
199 96 28 36
199 96 54 36
199 96 57 36
199 96 64 36
199 96 67 36
199 96 74 36
199 96 78 36
199 96 90 36
199 96 101 36
199 96 103 36
199 96 105 36
199 96 108 36
199 96 112 36
199 96 114 36
199 96 129 36
199 96 135 36
199 96 137 36
199 96 138 36
199 96 140 36
199 96 157 36
199 96 159 36
199 96 163 36
199 96 164 36
199 96 171 36
199 96 172 36
199 96 178 36
199 96 179 36
199 96 180 36
199 96 189 36
199 96 194 36
199 97 6 36
199 97 7 27
199 97 11 36
199 97 30 36
199 97 52 27
199 97 58 27
199 97 66 27
199 97 73 36
199 97 104 27
199 97 116 27
199 97 126 27
199 97 127 36
199 97 135 36
199 97 152 36
199 97 157 27
199 97 159 36
199 97 166 36
199 97 171 36
199 97 180 27
199 97 181 36
199 97 194 36
199 98 6 25
199 98 13 25
199 98 20 25
199 98 31 25
199 98 54 25
199 98 58 25
199 98 76 25
199 98 81 25
199 98 100 25
199 98 101 25
199 98 102 25
199 98 107 25
199 98 125 25
199 98 135 25
199 98 138 25
199 98 146 25
199 98 149 25
199 98 151 25
199 98 165 25
199 98 197 25
199 99 8 25
199 99 16 25
199 99 17 25
199 99 27 25
199 99 29 25
199 99 33 25
199 99 35 25
199 99 40 25
199 99 49 25
199 99 54 25
199 99 67 25
199 99 68 25
199 99 71 25
199 99 88 25
199 99 110 25
199 99 122 25
199 99 154 25
199 99 159 25
199 99 187 25
199 99 196 25
199 100 3 25
199 100 12 25
199 100 40 25
199 100 45 25
199 100 77 25
199 100 89 25
199 100 111 25
199 100 128 25
199 100 131 25
199 100 132 25
199 100 145 25
199 100 150 25
199 100 159 25
199 100 164 25
199 100 166 25
199 100 170 25
199 100 172 25
199 100 182 25
199 100 183 25
199 100 191 25
199 101 2 25
199 101 34 25
199 101 48 25
199 101 50 25
199 101 53 25
199 101 61 25
199 101 64 25
199 101 74 25
199 101 92 25
199 101 97 25
199 101 98 25
199 101 99 25
199 101 118 25
199 101 123 25
199 101 141 25
199 101 145 25
199 101 168 25
199 101 179 25
199 101 186 25
199 101 193 25
199 102 5 36
199 102 18 36
199 102 19 27
199 102 28 36
199 102 33 36
199 102 40 36
199 102 42 27
199 102 47 36
199 102 64 36
199 102 72 36
199 102 73 27
199 102 83 27
199 102 95 27
199 102 126 36
199 102 133 27
199 102 141 27
199 102 147 27
199 102 169 36
199 102 188 36
199 102 192 27
199 102 193 36
199 103 5 36
199 103 10 36
199 103 19 36
199 103 20 36
199 103 21 36
199 103 27 36
199 103 28 36
199 103 35 36
199 103 36 36
199 103 40 36
199 103 42 36
199 103 59 36
199 103 61 36
199 103 62 36
199 103 64 36
199 103 70 36
199 103 85 36
199 103 87 36
199 103 91 36
199 103 94 36
199 103 96 36
199 103 98 36
199 103 109 36
199 103 121 36
199 103 125 36
199 103 132 36
199 103 135 36
199 103 142 36
199 103 145 36
199 103 171 36
199 103 173 36
199 103 176 36
199 103 179 36
199 103 183 36
199 103 189 36
199 103 192 36
199 105 15 49
199 105 24 49
199 105 38 49
199 105 39 49
199 105 55 49
199 105 59 49
199 105 67 49
199 105 85 49
199 105 113 49
199 105 133 49
199 105 134 49
199 105 142 49
199 105 147 49
199 105 156 49
199 105 163 49
199 105 166 49
199 105 167 49
199 105 179 49
199 105 183 49
199 105 190 49
199 105 194 49
199 106 15 49
199 106 17 49
199 106 19 49
199 106 41 49
199 106 59 49
199 106 67 49
199 106 71 49
199 106 77 49
199 106 78 49
199 106 85 49
199 106 93 49
199 106 108 49
199 106 110 49
199 106 118 49
199 106 120 49
199 106 134 49
199 106 179 49
199 106 181 49
199 106 190 49
199 106 191 49
199 106 192 49
199 108 11 49
199 108 21 49
199 108 34 49
199 108 39 49
199 108 44 49
199 108 48 49
199 108 59 49
199 108 60 49
199 108 67 49
199 108 68 49
199 108 107 49
199 108 108 49
199 108 141 49
199 108 154 49
199 108 168 49
199 108 174 49
199 108 176 49
199 108 183 49
199 108 189 49
199 108 195 49
199 108 197 49
199 109 10 27
199 109 18 36
199 109 31 27
199 109 62 27
199 109 72 27
199 109 98 27
199 109 104 36
199 109 140 36
199 109 142 24
199 109 153 24
199 109 155 36
199 109 157 27
199 109 160 27
199 109 172 36
199 109 182 27
199 109 186 24
199 109 188 36
199 109 192 24
199 109 196 27
199 110 13 32
199 110 29 24
199 110 31 32
199 110 46 32
199 110 121 24
199 110 122 32
199 110 125 24
199 110 151 24
199 110 158 32
199 110 165 32
199 110 178 32
199 110 180 32
199 112 6 24
199 112 15 32
199 112 24 32
199 112 88 32
199 112 141 32
199 112 142 24
199 112 146 32
199 112 147 32
199 112 159 32
199 112 166 24
199 112 192 24
199 112 194 32
199 113 5 27
199 113 14 36
199 113 22 36
199 113 23 36
199 113 26 36
199 113 35 27
199 113 44 36
199 113 48 36
199 113 51 36
199 113 79 27
199 113 92 27
199 113 95 36
199 113 117 27
199 113 121 27
199 113 128 36
199 113 139 27
199 113 160 36
199 113 170 36
199 113 184 27
199 113 187 27
199 113 190 36
199 115 6 25
199 115 17 25
199 115 36 25
199 115 48 25
199 115 50 25
199 115 56 25
199 115 73 25
199 115 83 25
199 115 87 25
199 115 100 25
199 115 101 25
199 115 111 25
199 115 125 25
199 115 127 25
199 115 129 25
199 115 154 25
199 115 165 25
199 115 172 25
199 115 187 25
199 115 188 25
199 116 6 36
199 116 38 36
199 116 87 36
199 116 110 36
199 116 166 36
199 116 183 36
199 118 30 49
199 118 78 49
199 118 93 49
199 118 101 49
199 118 110 49
199 118 113 49
199 118 119 49
199 118 133 49
199 118 137 49
199 118 141 49
199 118 143 49
199 118 152 49
199 118 153 49
199 118 164 49
199 118 168 49
199 118 170 49
199 118 174 49
199 118 176 49
199 118 189 49
199 118 192 49
199 118 194 49
199 119 2 36
199 119 7 36
199 119 12 27
199 119 16 36
199 119 21 27
199 119 33 36
199 119 57 36
199 119 71 27
199 119 92 36
199 119 96 27
199 119 100 36
199 119 101 27
199 119 104 36
199 119 106 36
199 119 107 27
199 119 112 36
199 119 148 27
199 119 155 36
199 119 186 27
199 119 193 36
199 119 194 27
199 120 2 36
199 120 3 24
199 120 7 36
199 120 14 36
199 120 28 36
199 120 45 36
199 120 49 36
199 120 51 36
199 120 57 36
199 120 64 36
199 120 65 36
199 120 67 24
199 120 69 24
199 120 75 24
199 120 85 24
199 120 96 24
199 120 99 24
199 120 100 36
199 120 101 24
199 120 104 36
199 120 115 36
199 120 116 36
199 120 128 36
199 120 133 24
199 120 135 24
199 120 149 24
199 120 155 36
199 120 160 36
199 120 171 24
199 120 179 24
199 120 187 36
199 120 189 24
199 120 195 24
199 120 197 24
199 121 4 27
199 121 16 36
199 121 20 27
199 121 29 27
199 121 36 27
199 121 46 27
199 121 49 27
199 121 79 36
199 121 93 24
199 121 102 27
199 121 107 24
199 121 112 36
199 121 116 36
199 121 128 27
199 121 131 36
199 121 135 24
199 121 171 24
199 121 175 27
199 121 187 36
199 122 66 32
199 122 90 32
199 122 123 32
199 122 144 32
199 122 157 32
199 122 178 32
199 122 180 32
199 122 196 32
199 123 14 32
199 123 16 32
199 123 35 32
199 123 38 24
199 123 39 32
199 123 44 24
199 123 58 32
199 123 61 24
199 123 62 24
199 123 70 24
199 123 91 32
199 123 95 24
199 123 108 32
199 123 110 24
199 123 112 32
199 123 127 32
199 123 128 32
199 123 145 24
199 123 148 32
199 123 152 32
199 123 164 32
199 123 174 32
199 123 175 32
199 123 191 32
199 124 6 25
199 124 7 25
199 124 21 25
199 124 27 25
199 124 50 25
199 124 70 25
199 124 71 25
199 124 82 25
199 124 86 25
199 124 90 25
199 124 91 25
199 124 98 25
199 124 104 25
199 124 106 25
199 124 108 25
199 124 118 25
199 124 129 25
199 124 165 25
199 124 168 25
199 124 183 25
199 128 8 36
199 128 13 27
199 128 20 27
199 128 25 36
199 128 39 36
199 128 49 27
199 128 61 36
199 128 62 36
199 128 97 36
199 128 100 27
199 128 117 36
199 128 119 36
199 128 127 36
199 128 139 27
199 128 144 27
199 128 145 27
199 128 148 36
199 128 152 36
199 128 182 36
199 128 187 27
199 128 193 27
199 129 44 32
199 129 69 32
199 129 75 32
199 129 95 32
199 129 108 32
199 129 135 24
199 129 159 24
199 129 164 32
199 129 171 24
199 129 179 32
199 129 189 32
199 129 194 24
199 130 19 27
199 130 23 36
199 130 26 36
199 130 41 27
199 130 48 27
199 130 51 36
199 130 63 36
199 130 73 27
199 130 97 27
199 130 101 27
199 130 104 36
199 130 124 36
199 130 130 36
199 130 139 36
199 130 140 36
199 130 143 27
199 130 155 36
199 130 160 36
199 130 172 36
199 130 174 27
199 130 190 27
199 131 30 32
199 131 35 24
199 131 36 24
199 131 38 32
199 131 60 32
199 131 73 32
199 131 91 24
199 131 93 32
199 131 94 24
199 131 98 24
199 131 105 32
199 131 107 32
199 131 108 32
199 131 110 32
199 131 116 24
199 131 132 24
199 131 136 32
199 131 137 32
199 131 138 32
199 131 143 32
199 131 163 32
199 131 164 32
199 131 167 32
199 131 187 24
199 132 3 49
199 132 6 49
199 132 27 49
199 132 42 49
199 132 60 49
199 132 67 49
199 132 75 49
199 132 78 49
199 132 93 49
199 132 113 49
199 132 119 49
199 132 142 49
199 132 147 49
199 132 148 49
199 132 154 49
199 132 167 49
199 132 176 49
199 132 185 49
199 132 191 49
199 132 194 49
199 132 195 49
199 134 34 36
199 134 39 36
199 134 41 36
199 134 99 36
199 134 148 36
199 134 197 36
199 136 2 36
199 136 21 27
199 136 38 27
199 136 41 27
199 136 43 36
199 136 60 36
199 136 67 36
199 136 100 36
199 136 101 36
199 136 103 36
199 136 107 27
199 136 113 36
199 136 114 36
199 136 118 36
199 136 134 27
199 136 136 36
199 136 162 36
199 136 163 27
199 136 171 27
199 136 173 27
199 136 195 27
199 137 18 32
199 137 31 32
199 137 45 24
199 137 63 24
199 137 66 32
199 137 115 24
199 137 121 32
199 137 122 32
199 137 125 32
199 137 139 24
199 137 188 32
199 137 196 32
199 138 3 24
199 138 12 24
199 138 44 32
199 138 83 24
199 138 95 32
199 138 133 24
199 138 134 32
199 138 137 32
199 138 138 32
199 138 149 32
199 138 150 32
199 138 195 32
199 139 6 36
199 139 11 36
199 139 12 36
199 139 27 36
199 139 30 36
199 139 44 36
199 139 48 36
199 139 54 36
199 139 59 36
199 139 73 36
199 139 83 36
199 139 84 36
199 139 85 36
199 139 88 36
199 139 93 36
199 139 95 36
199 139 96 36
199 139 107 36
199 139 108 36
199 139 127 36
199 139 129 36
199 139 134 36
199 139 135 36
199 139 137 36
199 139 138 36
199 139 147 36
199 139 150 36
199 139 152 36
199 139 153 36
199 139 154 36
199 139 164 36
199 139 166 36
199 139 170 36
199 139 171 36
199 139 181 36
199 139 186 36
199 141 38 36
199 141 88 36
199 141 110 36
199 141 137 36
199 141 138 36
199 141 147 36
199 142 5 36
199 142 15 36
199 142 29 27
199 142 40 36
199 142 50 27
199 142 52 27
199 142 53 36
199 142 65 27
199 142 67 36
199 142 72 27
199 142 89 27
199 142 101 36
199 142 116 27
199 142 146 36
199 142 178 36
199 142 179 36
199 142 180 36
199 142 182 27
199 142 184 36
199 142 189 36
199 142 193 27
199 143 2 32
199 143 28 32
199 143 47 32
199 143 51 24
199 143 64 32
199 143 72 32
199 143 81 32
199 143 86 32
199 143 100 32
199 143 104 24
199 143 155 24
199 143 160 24
199 144 5 32
199 144 17 32
199 144 28 32
199 144 30 24
199 144 35 24
199 144 38 24
199 144 40 32
199 144 43 24
199 144 55 32
199 144 64 32
199 144 73 24
199 144 76 32
199 144 82 32
199 144 91 24
199 144 110 24
199 144 121 32
199 144 125 32
199 144 126 32
199 144 134 32
199 144 150 32
199 144 162 24
199 144 169 32
199 144 173 32
199 144 176 32
199 145 7 24
199 145 9 24
199 145 30 32
199 145 57 24
199 145 67 32
199 145 70 24
199 145 73 32
199 145 99 32
199 145 101 32
199 145 134 32
199 145 135 32
199 145 143 32
199 145 145 24
199 145 150 32
199 145 153 32
199 145 158 24
199 145 159 32
199 145 165 24
199 145 167 32
199 145 171 32
199 145 177 24
199 145 186 32
199 145 194 32
199 145 197 32
199 146 4 49
199 146 14 49
199 146 32 49
199 146 49 49
199 146 53 49
199 146 61 49
199 146 86 49
199 146 100 49
199 146 104 49
199 146 117 49
199 146 121 49
199 146 122 49
199 146 124 49
199 146 131 49
199 146 132 49
199 146 145 49
199 146 160 49
199 146 169 49
199 146 175 49
199 146 187 49
199 146 196 49
199 148 8 32
199 148 9 32
199 148 15 32
199 148 16 24
199 148 25 32
199 148 44 24
199 148 79 32
199 148 92 32
199 148 93 32
199 148 95 24
199 148 103 24
199 148 106 32
199 148 107 32
199 148 112 24
199 148 114 24
199 148 131 32
199 148 142 32
199 148 143 24
199 148 146 32
199 148 167 24
199 148 177 32
199 148 179 32
199 148 189 32
199 148 192 32
199 149 38 32
199 149 69 32
199 149 74 32
199 149 75 32
199 149 78 32
199 149 110 32
199 149 135 32
199 149 171 32
199 150 3 25
199 150 4 25
199 150 21 25
199 150 22 25
199 150 36 25
199 150 49 25
199 150 51 25
199 150 60 25
199 150 66 25
199 150 89 25
199 150 99 25
199 150 108 25
199 150 110 25
199 150 112 25
199 150 117 25
199 150 119 25
199 150 140 25
199 150 151 25
199 150 189 25
199 150 194 25
199 151 11 32
199 151 17 32
199 151 18 24
199 151 24 32
199 151 38 32
199 151 42 32
199 151 52 24
199 151 82 32
199 151 87 32
199 151 99 32
199 151 109 32
199 151 110 32
199 151 111 24
199 151 123 24
199 151 124 24
199 151 130 24
199 151 141 32
199 151 144 24
199 151 179 32
199 151 181 32
199 151 183 32
199 151 188 24
199 151 189 32
199 151 197 32
199 152 10 24
199 152 15 32
199 152 16 24
199 152 20 24
199 152 22 32
199 152 28 24
199 152 30 32
199 152 39 32
199 152 64 24
199 152 73 32
199 152 99 32
199 152 112 24
199 152 126 24
199 152 127 32
199 152 143 32
199 152 146 32
199 152 148 32
199 152 152 32
199 152 167 32
199 152 169 24
199 152 173 32
199 152 176 32
199 152 190 32
199 152 197 32
199 153 12 32
199 153 17 24
199 153 18 24
199 153 19 32
199 153 21 32
199 153 28 32
199 153 34 32
199 153 35 24
199 153 41 32
199 153 45 32
199 153 64 32
199 153 69 32
199 153 70 32
199 153 74 24
199 153 75 32
199 153 78 24
199 153 82 24
199 153 83 32
199 153 91 24
199 153 98 32
199 153 115 32
199 153 132 32
199 153 145 32
199 153 188 24
199 154 2 25
199 154 10 25
199 154 11 25
199 154 27 25
199 154 45 25
199 154 56 25
199 154 78 25
199 154 82 25
199 154 91 25
199 154 103 25
199 154 118 25
199 154 131 25
199 154 141 25
199 154 144 25
199 154 147 25
199 154 162 25
199 154 173 25
199 154 180 25
199 154 190 25
199 154 194 25
199 155 17 25
199 155 22 25
199 155 26 25
199 155 42 25
199 155 44 25
199 155 57 25
199 155 59 25
199 155 63 25
199 155 78 25
199 155 81 25
199 155 90 25
199 155 94 25
199 155 104 25
199 155 107 25
199 155 115 25
199 155 143 25
199 155 153 25
199 155 154 25
199 155 162 25
199 155 193 25
199 156 66 32
199 156 70 24
199 156 80 32
199 156 98 32
199 156 102 32
199 156 116 24
199 156 132 32
199 156 140 32
199 156 145 24
199 156 172 32
199 156 187 24
199 156 196 32
199 158 3 24
199 158 42 32
199 158 54 32
199 158 87 32
199 158 109 32
199 158 127 24
199 158 129 32
199 158 133 24
199 158 152 24
199 158 173 32
199 158 176 32
199 158 183 32
199 159 12 25
199 159 23 25
199 159 28 25
199 159 29 25
199 159 38 25
199 159 50 25
199 159 52 25
199 159 60 25
199 159 72 25
199 159 91 25
199 159 95 25
199 159 96 25
199 159 121 25
199 159 129 25
199 159 144 25
199 159 145 25
199 159 156 25
199 159 173 25
199 159 185 25
199 159 192 25
199 160 9 32
199 160 17 24
199 160 39 24
199 160 43 32
199 160 49 32
199 160 53 32
199 160 63 32
199 160 65 32
199 160 80 32
199 160 82 24
199 160 85 24
199 160 89 32
199 160 96 24
199 160 102 32
199 160 139 32
199 160 148 24
199 160 158 32
199 160 161 32
199 160 162 32
199 160 165 32
199 160 174 24
199 160 177 32
199 160 184 32
199 160 191 24
199 161 5 27
199 161 12 36
199 161 17 36
199 161 47 27
199 161 48 36
199 161 67 36
199 161 77 36
199 161 79 27
199 161 82 36
199 161 83 36
199 161 101 36
199 161 111 27
199 161 115 27
199 161 125 27
199 161 165 27
199 161 168 36
199 161 170 36
199 161 174 36
199 161 178 27
199 161 191 36
199 161 193 27
199 162 49 36
199 162 65 36
199 162 79 36
199 162 90 36
199 162 131 36
199 162 157 36
199 163 9 32
199 163 30 24
199 163 54 24
199 163 58 32
199 163 66 32
199 163 73 24
199 163 98 32
199 163 113 24
199 163 116 32
199 163 118 24
199 163 121 32
199 163 124 32
199 163 125 32
199 163 126 32
199 163 129 24
199 163 130 32
199 163 132 32
199 163 143 24
199 163 167 24
199 163 169 32
199 163 175 32
199 163 177 32
199 163 187 32
199 163 196 32
199 164 3 49
199 164 12 49
199 164 48 49
199 164 54 49
199 164 55 49
199 164 67 49
199 164 68 49
199 164 69 49
199 164 71 49
199 164 73 49
199 164 97 49
199 164 105 49
199 164 108 49
199 164 137 49
199 164 148 49
199 164 149 49
199 164 153 49
199 164 159 49
199 164 167 49
199 164 168 49
199 164 179 49
199 165 5 36
199 165 7 36
199 165 9 36
199 165 37 36
199 165 40 36
199 165 44 27
199 165 57 36
199 165 73 27
199 165 74 36
199 165 75 27
199 165 78 36
199 165 85 27
199 165 108 36
199 165 113 27
199 165 143 27
199 165 156 36
199 165 164 36
199 165 168 27
199 165 171 27
199 165 177 36
199 165 192 27
199 166 5 32
199 166 16 32
199 166 22 32
199 166 31 32
199 166 35 24
199 166 39 32
199 166 40 32
199 166 54 32
199 166 81 24
199 166 86 24
199 166 91 24
199 166 93 24
199 166 98 32
199 166 107 24
199 166 112 32
199 166 122 32
199 166 129 32
199 166 132 32
199 166 143 24
199 166 148 32
199 166 153 32
199 166 167 24
199 166 186 32
199 166 190 32
199 167 9 36
199 167 14 36
199 167 55 27
199 167 68 27
199 167 70 36
199 167 73 27
199 167 78 27
199 167 80 36
199 167 92 36
199 167 102 36
199 167 103 36
199 167 105 27
199 167 106 36
199 167 114 36
199 167 128 36
199 167 135 27
199 167 137 27
199 167 145 36
199 167 173 27
199 167 177 36
199 167 195 27
199 168 14 25
199 168 23 25
199 168 25 25
199 168 31 25
199 168 50 25
199 168 61 25
199 168 67 25
199 168 69 25
199 168 82 25
199 168 96 25
199 168 109 25
199 168 126 25
199 168 155 25
199 168 166 25
199 168 171 25
199 168 173 25
199 168 186 25
199 168 188 25
199 168 191 25
199 168 196 25
199 169 6 25
199 169 14 25
199 169 43 25
199 169 44 25
199 169 45 25
199 169 63 25
199 169 66 25
199 169 72 25
199 169 87 25
199 169 90 25
199 169 97 25
199 169 122 25
199 169 129 25
199 169 132 25
199 169 147 25
199 169 153 25
199 169 156 25
199 169 174 25
199 169 175 25
199 169 176 25
199 170 3 25
199 170 9 25
199 170 11 25
199 170 29 25
199 170 31 25
199 170 37 25
199 170 40 25
199 170 51 25
199 170 60 25
199 170 61 25
199 170 68 25
199 170 72 25
199 170 85 25
199 170 99 25
199 170 104 25
199 170 115 25
199 170 118 25
199 170 129 25
199 170 167 25
199 170 184 25
199 172 2 36
199 172 15 27
199 172 22 36
199 172 24 27
199 172 30 36
199 172 37 36
199 172 45 36
199 172 54 27
199 172 71 27
199 172 73 36
199 172 87 27
199 172 92 36
199 172 100 36
199 172 106 36
199 172 115 36
199 172 142 27
199 172 143 27
199 172 156 36
199 172 168 27
199 172 179 27
199 172 190 36
199 173 3 36
199 173 6 27
199 173 22 27
199 173 29 24
199 173 30 36
199 173 69 27
199 173 73 36
199 173 81 24
199 173 82 27
199 173 86 24
199 173 93 27
199 173 133 36
199 173 146 27
199 173 151 24
199 173 167 27
199 173 179 36
199 173 181 27
199 173 189 36
199 173 192 27
199 174 5 49
199 174 16 49
199 174 20 49
199 174 25 49
199 174 29 49
199 174 31 49
199 174 32 49
199 174 33 49
199 174 43 49
199 174 53 49
199 174 61 49
199 174 65 49
199 174 72 49
199 174 89 49
199 174 116 49
199 174 128 49
199 174 139 49
199 174 155 49
199 174 157 49
199 174 175 49
199 174 177 49
199 175 7 36
199 175 51 27
199 175 53 27
199 175 57 36
199 175 58 36
199 175 63 36
199 175 65 27
199 175 80 27
199 175 98 27
199 175 103 27
199 175 111 27
199 175 130 27
199 175 134 24
199 175 139 36
199 175 150 24
199 175 153 24
199 175 155 27
199 175 175 36
199 175 186 24
199 176 30 32
199 176 73 32
199 176 77 32
199 176 85 32
199 176 96 32
199 176 149 32
199 176 168 32
199 176 195 32
199 177 36 36
199 177 58 36
199 177 94 36
199 177 175 36
199 177 178 36
199 177 180 36
199 178 17 36
199 178 18 24
199 178 33 24
199 178 34 36
199 178 39 36
199 178 41 36
199 178 48 36
199 178 52 24
199 178 67 36
199 178 68 36
199 178 79 24
199 178 81 24
199 178 82 36
199 178 86 24
199 178 89 24
199 178 90 24
199 178 99 36
199 178 101 36
199 178 105 36
199 178 111 24
199 178 120 36
199 178 131 24
199 178 148 36
199 178 157 24
199 178 161 24
199 178 163 36
199 178 170 36
199 178 173 36
199 178 176 36
199 178 178 24
199 178 180 24
199 178 188 24
199 178 193 24
199 178 197 36
199 179 6 49
199 179 15 49
199 179 41 49
199 179 44 49
199 179 48 49
199 179 54 49
199 179 60 49
199 179 67 49
199 179 68 49
199 179 71 49
199 179 83 49
199 179 84 49
199 179 99 49
199 179 113 49
199 179 127 49
199 179 135 49
199 179 156 49
199 179 186 49
199 179 189 49
199 179 190 49
199 179 194 49
199 180 2 36
199 180 16 36
199 180 23 36
199 180 26 36
199 180 28 36
199 180 31 36
199 180 32 36
199 180 43 36
199 180 49 36
199 180 51 36
199 180 53 36
199 180 56 36
199 180 64 36
199 180 65 36
199 180 66 36
199 180 79 36
199 180 80 36
199 180 81 36
199 180 86 36
199 180 100 36
199 180 102 36
199 180 103 36
199 180 104 36
199 180 112 36
199 180 114 36
199 180 116 36
199 180 122 36
199 180 131 36
199 180 155 36
199 180 158 36
199 180 160 36
199 180 162 36
199 180 165 36
199 180 184 36
199 180 187 36
199 180 196 36
199 181 7 24
199 181 39 32
199 181 54 32
199 181 57 24
199 181 60 32
199 181 77 32
199 181 92 24
199 181 93 32
199 181 106 24
199 181 107 32
199 181 113 32
199 181 116 24
199 181 118 32
199 181 123 24
199 181 129 32
199 181 135 32
199 181 136 32
199 181 144 24
199 181 148 32
199 181 153 32
199 181 168 32
199 181 171 32
199 181 186 32
199 181 187 24
199 183 11 36
199 183 28 36
199 183 31 36
199 183 33 36
199 183 48 36
199 183 51 36
199 183 64 36
199 183 71 36
199 183 74 36
199 183 77 36
199 183 78 36
199 183 79 36
199 183 98 36
199 183 116 36
199 183 117 36
199 183 122 36
199 183 131 36
199 183 132 36
199 183 134 36
199 183 140 36
199 183 149 36
199 183 150 36
199 183 159 36
199 183 160 36
199 183 168 36
199 183 170 36
199 183 172 36
199 183 174 36
199 183 181 36
199 183 182 36
199 183 185 36
199 183 187 36
199 183 191 36
199 183 193 36
199 183 194 36
199 183 195 36
199 184 19 36
199 184 21 36
199 184 97 36
199 184 119 36
199 184 149 36
199 184 195 36
199 185 34 24
199 185 40 27
199 185 41 24
199 185 49 36
199 185 50 27
199 185 57 27
199 185 58 27
199 185 65 36
199 185 92 36
199 185 94 27
199 185 104 27
199 185 106 36
199 185 112 27
199 185 116 36
199 185 131 27
199 185 145 27
199 185 159 24
199 185 187 36
199 185 194 24
199 186 2 32
199 186 8 32
199 186 18 32
199 186 25 32
199 186 36 24
199 186 37 24
199 186 69 32
199 186 75 32
199 186 80 24
199 186 87 32
199 186 94 24
199 186 100 32
199 186 102 24
199 186 134 32
199 186 135 24
199 186 140 32
199 186 143 32
199 186 150 32
199 186 156 24
199 186 167 32
199 186 171 24
199 186 172 32
199 186 183 32
199 186 188 32
199 187 11 32
199 187 19 32
199 187 21 32
199 187 34 32
199 187 41 32
199 187 49 24
199 187 53 24
199 187 65 24
199 187 71 32
199 187 90 24
199 187 97 32
199 187 108 32
199 187 119 32
199 187 123 24
199 187 142 32
199 187 144 24
199 187 157 24
199 187 164 32
199 187 179 32
199 187 181 32
199 187 184 24
199 187 185 32
199 187 189 32
199 187 192 32
199 188 13 32
199 188 18 32
199 188 38 32
199 188 46 32
199 188 52 24
199 188 53 32
199 188 55 32
199 188 69 24
199 188 75 24
199 188 76 32
199 188 85 24
199 188 90 32
199 188 93 32
199 188 96 24
199 188 107 32
199 188 110 32
199 188 111 24
199 188 124 24
199 188 130 24
199 188 157 32
199 188 159 32
199 188 184 32
199 188 188 32
199 188 194 32
199 189 21 49
199 189 38 49
199 189 42 49
199 189 44 49
199 189 59 49
199 189 69 49
199 189 73 49
199 189 74 49
199 189 83 49
199 189 93 49
199 189 99 49
199 189 113 49
199 189 136 49
199 189 149 49
199 189 150 49
199 189 156 49
199 189 163 49
199 189 171 49
199 189 189 49
199 189 190 49
199 189 191 49
199 190 6 49
199 190 24 49
199 190 27 49
199 190 54 49
199 190 71 49
199 190 74 49
199 190 75 49
199 190 93 49
199 190 99 49
199 190 105 49
199 190 109 49
199 190 120 49
199 190 133 49
199 190 137 49
199 190 146 49
199 190 149 49
199 190 150 49
199 190 154 49
199 190 168 49
199 190 176 49
199 190 181 49
199 191 4 36
199 191 7 27
199 191 25 27
199 191 29 27
199 191 44 24
199 191 47 36
199 191 50 36
199 191 70 27
199 191 72 36
199 191 89 27
199 191 95 24
199 191 100 27
199 191 108 24
199 191 124 36
199 191 130 36
199 191 157 27
199 191 164 24
199 191 180 27
199 191 182 27
199 192 7 25
199 192 20 25
199 192 30 25
199 192 46 25
199 192 53 25
199 192 70 25
199 192 79 25
199 192 85 25
199 192 121 25
199 192 136 25
199 192 138 25
199 192 140 25
199 192 156 25
199 192 168 25
199 192 169 25
199 192 170 25
199 192 174 25
199 192 186 25
199 192 194 25
199 192 196 25
199 193 9 25
199 193 11 25
199 193 38 25
199 193 61 25
199 193 66 25
199 193 79 25
199 193 82 25
199 193 119 25
199 193 123 25
199 193 124 25
199 193 127 25
199 193 136 25
199 193 142 25
199 193 145 25
199 193 148 25
199 193 175 25
199 193 179 25
199 193 186 25
199 193 187 25
199 193 188 25
199 194 22 32
199 194 27 32
199 194 48 32
199 194 59 32
199 194 69 32
199 194 75 32
199 194 170 32
199 194 190 32
199 195 4 49
199 195 10 49
199 195 25 49
199 195 26 49
199 195 33 49
199 195 36 49
199 195 43 49
199 195 47 49
199 195 89 49
199 195 91 49
199 195 100 49
199 195 102 49
199 195 104 49
199 195 112 49
199 195 114 49
199 195 116 49
199 195 124 49
199 195 126 49
199 195 144 49
199 195 177 49
199 195 180 49
199 196 9 32
199 196 19 32
199 196 21 32
199 196 43 24
199 196 44 32
199 196 68 32
199 196 87 24
199 196 93 24
199 196 95 32
199 196 107 24
199 196 116 32
199 196 117 24
199 196 120 32
199 196 121 32
199 196 125 32
199 196 127 32
199 196 152 32
199 196 162 24
199 196 177 32
199 196 178 32
199 196 180 32
199 196 182 24
199 196 183 24
199 196 187 32
199 198 21 27
199 198 27 27
199 198 36 36
199 198 51 36
199 198 53 36
199 198 67 27
199 198 94 36
199 198 99 27
199 198 105 27
199 198 110 27
199 198 123 36
199 198 124 36
199 198 126 36
199 198 130 36
199 198 134 27
199 198 144 36
199 198 148 27
199 198 160 36
199 198 169 36
199 198 181 27
199 198 184 36
211 1 2 32
211 1 12 32
211 1 22 32
211 1 23 32
211 1 27 32
211 1 29 32
211 1 32 32
211 1 33 32
211 1 46 24
211 1 48 32
211 1 52 24
211 1 58 24
211 1 60 32
211 1 69 24
211 1 78 24
211 1 86 32
211 1 88 32
211 1 102 32
211 1 106 32
211 1 119 24
211 1 131 32
211 1 156 32
211 1 171 24
211 1 172 24
211 3 13 27
211 3 19 27
211 3 34 36
211 3 36 27
211 3 37 27
211 3 45 27
211 3 58 36
211 3 68 36
211 3 90 36
211 3 97 36
211 3 104 36
211 3 109 27
211 3 123 36
211 3 124 36
211 3 140 36
211 3 148 27
211 3 171 36
211 3 180 36
211 3 182 27
211 3 199 36
211 3 201 27
211 4 25 24
211 4 43 32
211 4 54 32
211 4 55 32
211 4 62 32
211 4 73 24
211 4 76 24
211 4 134 32
211 4 137 32
211 4 185 24
211 4 188 32
211 4 194 32
211 5 13 25
211 5 24 25
211 5 73 25
211 5 82 25
211 5 95 25
211 5 109 25
211 5 120 25
211 5 137 25
211 5 143 25
211 5 184 25
211 7 4 25
211 7 6 25
211 7 20 25
211 7 71 25
211 7 84 25
211 7 114 25
211 7 119 25
211 7 163 25
211 7 193 25
211 7 203 25
211 9 4 24
211 9 13 32
211 9 53 24
211 9 62 24
211 9 65 32
211 9 73 32
211 9 82 32
211 9 125 32
211 9 184 32
211 9 185 32
211 9 193 32
211 9 194 24
211 10 3 32
211 10 8 32
211 10 11 24
211 10 14 24
211 10 17 32
211 10 22 32
211 10 29 32
211 10 37 24
211 10 40 32
211 10 48 32
211 10 61 32
211 10 74 32
211 10 77 32
211 10 79 24
211 10 96 24
211 10 128 32
211 10 131 32
211 10 132 32
211 10 141 32
211 10 149 32
211 10 153 32
211 10 154 24
211 10 196 24
211 10 203 24
211 11 5 36
211 11 6 36
211 11 22 36
211 11 28 36
211 11 32 36
211 11 33 36
211 11 36 36
211 11 38 36
211 11 48 36
211 11 50 36
211 11 51 36
211 11 60 36
211 11 70 36
211 11 71 36
211 11 73 36
211 11 98 36
211 11 102 36
211 11 107 36
211 11 116 36
211 11 120 36
211 11 121 36
211 11 125 36
211 11 142 36
211 11 143 36
211 11 157 36
211 11 159 36
211 11 167 36
211 11 168 36
211 11 169 36
211 11 170 36
211 11 176 36
211 11 184 36
211 11 185 36
211 11 187 36
211 11 191 36
211 11 208 36
211 12 12 36
211 12 28 27
211 12 40 27
211 12 57 27
211 12 62 24
211 12 88 36
211 12 102 27
211 12 111 36
211 12 116 36
211 12 134 24
211 12 137 24
211 12 156 27
211 12 164 27
211 12 167 27
211 12 191 36
211 12 192 36
211 12 194 24
211 12 198 27
211 12 200 27
211 13 3 49
211 13 31 49
211 13 41 49
211 13 57 49
211 13 61 49
211 13 74 49
211 13 89 49
211 13 97 49
211 13 102 49
211 13 132 49
211 13 138 49
211 13 146 49
211 13 152 49
211 13 153 49
211 13 156 49
211 13 157 49
211 13 158 49
211 13 167 49
211 13 190 49
211 13 195 49
211 13 205 49
211 14 7 32
211 14 29 24
211 14 74 32
211 14 77 32
211 14 94 32
211 14 110 32
211 14 111 32
211 14 131 24
211 14 158 24
211 14 181 32
211 14 192 32
211 14 207 24
211 15 8 49
211 15 17 49
211 15 18 49
211 15 22 49
211 15 39 49
211 15 67 49
211 15 74 49
211 15 86 49
211 15 102 49
211 15 104 49
211 15 108 49
211 15 110 49
211 15 116 49
211 15 131 49
211 15 141 49
211 15 147 49
211 15 165 49
211 15 167 49
211 15 168 49
211 15 174 49
211 15 177 49
211 17 18 36
211 17 24 24
211 17 25 24
211 17 36 24
211 17 44 24
211 17 46 24
211 17 58 24
211 17 61 36
211 17 63 36
211 17 67 36
211 17 71 24
211 17 72 36
211 17 76 24
211 17 78 24
211 17 83 24
211 17 85 36
211 17 89 36
211 17 91 36
211 17 97 36
211 17 107 24
211 17 112 36
211 17 124 36
211 17 125 24
211 17 128 36
211 17 129 36
211 17 130 36
211 17 147 36
211 17 150 24
211 17 157 36
211 17 160 36
211 17 168 36
211 17 170 24
211 17 171 24
211 17 184 24
211 18 9 36
211 18 20 36
211 18 30 36
211 18 31 27
211 18 47 36
211 18 48 27
211 18 50 27
211 18 55 36
211 18 70 36
211 18 72 27
211 18 88 27
211 18 95 36
211 18 97 27
211 18 129 27
211 18 175 27
211 18 178 36
211 18 179 36
211 18 186 27
211 18 188 36
211 18 204 36
211 18 208 36
211 19 12 24
211 19 20 36
211 19 24 36
211 19 25 27
211 19 44 36
211 19 53 27
211 19 78 27
211 19 88 24
211 19 95 36
211 19 104 24
211 19 125 36
211 19 134 27
211 19 140 24
211 19 169 27
211 19 170 27
211 19 184 36
211 19 185 27
211 19 193 27
211 19 194 27
211 20 3 27
211 20 17 27
211 20 28 27
211 20 31 27
211 20 36 36
211 20 72 27
211 20 75 27
211 20 79 36
211 20 87 36
211 20 91 36
211 20 111 27
211 20 114 36
211 20 115 36
211 20 146 36
211 20 160 36
211 20 170 36
211 20 195 27
211 20 198 36
211 20 200 36
211 20 202 27
211 20 203 36
211 22 23 24
211 22 79 24
211 22 108 24
211 22 127 24
211 22 156 24
211 22 163 24
211 22 189 24
211 22 203 24
211 23 8 36
211 23 12 36
211 23 18 36
211 23 27 36
211 23 45 36
211 23 55 36
211 23 60 36
211 23 64 36
211 23 72 36
211 23 81 36
211 23 82 36
211 23 85 36
211 23 86 36
211 23 88 36
211 23 99 36
211 23 101 36
211 23 102 36
211 23 105 36
211 23 112 36
211 23 116 36
211 23 117 36
211 23 122 36
211 23 123 36
211 23 125 36
211 23 129 36
211 23 130 36
211 23 132 36
211 23 136 36
211 23 157 36
211 23 168 36
211 23 184 36
211 23 188 36
211 23 191 36
211 23 193 36
211 23 199 36
211 23 209 36
211 24 6 36
211 24 11 36
211 24 12 36
211 24 14 36
211 24 17 36
211 24 42 36
211 24 61 36
211 24 64 36
211 24 71 36
211 24 72 36
211 24 74 36
211 24 77 36
211 24 80 36
211 24 85 36
211 24 88 36
211 24 96 36
211 24 101 36
211 24 104 36
211 24 107 36
211 24 117 36
211 24 119 36
211 24 122 36
211 24 128 36
211 24 133 36
211 24 140 36
211 24 149 36
211 24 155 36
211 24 161 36
211 24 162 36
211 24 165 36
211 24 172 36
211 24 173 36
211 24 176 36
211 24 182 36
211 24 196 36
211 24 206 36
211 25 6 32
211 25 11 32
211 25 31 32
211 25 55 32
211 25 61 32
211 25 63 24
211 25 67 24
211 25 96 32
211 25 105 32
211 25 109 24
211 25 128 32
211 25 133 32
211 25 142 32
211 25 151 24
211 25 155 24
211 25 159 32
211 25 162 24
211 25 163 24
211 25 165 32
211 25 176 32
211 25 177 32
211 25 188 32
211 25 189 24
211 25 209 32
211 26 9 49
211 26 14 49
211 26 21 49
211 26 36 49
211 26 43 49
211 26 46 49
211 26 53 49
211 26 58 49
211 26 59 49
211 26 73 49
211 26 87 49
211 26 107 49
211 26 121 49
211 26 122 49
211 26 139 49
211 26 148 49
211 26 154 49
211 26 179 49
211 26 188 49
211 26 199 49
211 26 208 49
211 28 20 32
211 28 51 24
211 28 58 32
211 28 79 32
211 28 81 24
211 28 95 32
211 28 99 24
211 28 120 24
211 28 161 32
211 28 171 32
211 28 173 32
211 28 203 32
211 29 2 24
211 29 35 24
211 29 38 24
211 29 50 24
211 29 91 24
211 29 106 24
211 29 160 24
211 29 205 24
211 30 4 25
211 30 59 25
211 30 79 25
211 30 96 25
211 30 103 25
211 30 107 25
211 30 121 25
211 30 126 25
211 30 170 25
211 30 188 25
211 31 8 36
211 31 14 27
211 31 24 27
211 31 32 36
211 31 33 36
211 31 40 36
211 31 49 27
211 31 58 27
211 31 63 36
211 31 67 36
211 31 72 36
211 31 82 27
211 31 85 36
211 31 105 27
211 31 132 36
211 31 143 27
211 31 153 36
211 31 155 36
211 31 162 36
211 31 182 27
211 31 204 27
211 32 16 24
211 32 38 24
211 32 39 32
211 32 49 32
211 32 50 24
211 32 55 32
211 32 56 32
211 32 66 24
211 32 70 24
211 32 74 32
211 32 77 32
211 32 80 32
211 32 83 32
211 32 92 32
211 32 94 32
211 32 110 32
211 32 133 24
211 32 145 32
211 32 150 32
211 32 165 24
211 32 182 32
211 32 188 32
211 32 195 32
211 32 208 24
211 33 2 25
211 33 12 25
211 33 26 25
211 33 41 25
211 33 60 25
211 33 94 25
211 33 145 25
211 33 157 25
211 33 181 25
211 33 198 25
211 34 6 32
211 34 21 32
211 34 58 32
211 34 62 32
211 34 113 24
211 34 119 24
211 34 171 32
211 34 172 24
211 34 176 32
211 34 183 24
211 34 194 32
211 34 201 32
211 35 49 32
211 35 52 32
211 35 56 32
211 35 69 32
211 35 119 32
211 35 121 32
211 35 143 32
211 35 172 32
211 37 11 25
211 37 54 25
211 37 59 25
211 37 81 25
211 37 84 25
211 37 101 25
211 37 119 25
211 37 178 25
211 37 188 25
211 37 199 25
211 40 9 25
211 40 43 25
211 40 52 25
211 40 70 25
211 40 103 25
211 40 121 25
211 40 150 25
211 40 154 25
211 40 173 25
211 40 176 25
211 41 2 27
211 41 15 27
211 41 17 36
211 41 20 24
211 41 26 36
211 41 50 27
211 41 70 24
211 41 88 27
211 41 95 24
211 41 104 27
211 41 112 27
211 41 133 27
211 41 138 36
211 41 149 36
211 41 158 36
211 41 162 27
211 41 181 27
211 41 207 36
211 41 208 24
211 42 7 32
211 42 23 25
211 42 50 25
211 42 63 32
211 42 67 32
211 42 97 32
211 42 98 25
211 42 104 25
211 42 108 32
211 42 115 25
211 42 124 32
211 42 127 32
211 42 131 25
211 42 133 25
211 42 166 25
211 42 177 25
211 42 181 32
211 42 190 25
211 43 4 32
211 43 9 32
211 43 16 32
211 43 25 24
211 43 30 24
211 43 47 32
211 43 53 32
211 43 66 32
211 43 76 24
211 43 178 32
211 43 179 32
211 43 204 24
211 44 9 27
211 44 12 24
211 44 13 27
211 44 55 36
211 44 59 36
211 44 81 27
211 44 84 27
211 44 87 27
211 44 88 24
211 44 93 36
211 44 100 27
211 44 101 27
211 44 107 27
211 44 109 36
211 44 142 24
211 44 151 36
211 44 159 24
211 44 188 36
211 44 201 27
211 45 16 24
211 45 66 24
211 45 73 24
211 45 79 24
211 45 109 24
211 45 151 24
211 45 185 24
211 45 203 24
211 47 11 27
211 47 14 27
211 47 31 36
211 47 47 27
211 47 59 36
211 47 72 36
211 47 85 36
211 47 93 36
211 47 104 36
211 47 134 36
211 47 137 36
211 47 139 27
211 47 140 36
211 47 143 27
211 47 151 27
211 47 161 36
211 47 173 36
211 47 177 36
211 47 189 27
211 47 208 27
211 47 209 27
211 49 18 36
211 49 25 27
211 49 29 36
211 49 34 27
211 49 45 27
211 49 46 36
211 49 49 36
211 49 51 36
211 49 56 36
211 49 57 36
211 49 64 27
211 49 78 36
211 49 79 27
211 49 80 27
211 49 113 27
211 49 120 36
211 49 129 36
211 49 131 36
211 49 139 27
211 49 173 27
211 49 174 36
211 50 5 27
211 50 28 24
211 50 34 27
211 50 37 27
211 50 52 27
211 50 62 27
211 50 76 27
211 50 79 27
211 50 98 24
211 50 121 36
211 50 125 36
211 50 143 36
211 50 146 24
211 50 151 27
211 50 161 36
211 50 173 36
211 50 184 36
211 50 188 27
211 50 198 24
211 51 5 32
211 51 9 32
211 51 35 32
211 51 38 32
211 51 43 24
211 51 47 32
211 51 50 32
211 51 52 32
211 51 54 24
211 51 62 32
211 51 68 24
211 51 69 32
211 51 83 24
211 51 89 24
211 51 90 24
211 51 112 32
211 51 130 32
211 51 146 32
211 51 147 24
211 51 150 24
211 51 169 32
211 51 194 32
211 51 198 32
211 51 205 32
211 52 7 36
211 52 8 36
211 52 10 36
211 52 12 36
211 52 17 36
211 52 27 36
211 52 30 24
211 52 43 24
211 52 45 24
211 52 49 24
211 52 54 24
211 52 56 24
211 52 57 36
211 52 60 36
211 52 62 24
211 52 64 24
211 52 86 36
211 52 87 24
211 52 88 36
211 52 102 36
211 52 114 24
211 52 122 24
211 52 132 36
211 52 136 24
211 52 149 36
211 52 167 36
211 52 174 36
211 52 178 24
211 52 179 24
211 52 181 36
211 52 187 36
211 52 190 36
211 52 194 24
211 52 204 24
211 53 4 36
211 53 13 36
211 53 16 36
211 53 20 36
211 53 36 36
211 53 37 36
211 53 45 36
211 53 46 36
211 53 49 36
211 53 52 36
211 53 53 36
211 53 55 36
211 53 56 36
211 53 59 36
211 53 62 36
211 53 64 36
211 53 65 36
211 53 66 36
211 53 69 36
211 53 78 36
211 53 80 36
211 53 84 36
211 53 93 36
211 53 95 36
211 53 101 36
211 53 103 36
211 53 113 36
211 53 117 36
211 53 122 36
211 53 136 36
211 53 154 36
211 53 170 36
211 53 182 36
211 53 183 36
211 53 188 36
211 53 194 36
211 54 9 32
211 54 13 32
211 54 23 24
211 54 30 32
211 54 34 32
211 54 47 32
211 54 55 32
211 54 65 32
211 54 91 24
211 54 101 32
211 54 117 32
211 54 125 32
211 54 126 32
211 54 139 32
211 54 146 24
211 54 155 24
211 54 156 24
211 54 160 24
211 54 162 24
211 54 180 32
211 54 184 32
211 54 188 32
211 54 198 24
211 54 204 32
211 56 6 32
211 56 7 24
211 56 9 32
211 56 19 32
211 56 24 32
211 56 39 24
211 56 44 32
211 56 45 32
211 56 47 32
211 56 55 32
211 56 63 24
211 56 67 24
211 56 92 24
211 56 100 32
211 56 113 32
211 56 134 32
211 56 136 32
211 56 137 32
211 56 158 24
211 56 176 32
211 56 181 24
211 56 183 32
211 56 188 32
211 56 207 24
211 57 9 24
211 57 18 24
211 57 24 32
211 57 37 32
211 57 44 32
211 57 47 24
211 57 59 32
211 57 71 32
211 57 83 24
211 57 89 32
211 57 93 32
211 57 107 32
211 57 108 24
211 57 115 32
211 57 127 24
211 57 129 24
211 57 133 32
211 57 147 32
211 57 150 24
211 57 154 32
211 57 157 32
211 57 165 32
211 57 168 32
211 57 200 32
211 59 7 32
211 59 17 32
211 59 34 24
211 59 46 24
211 59 51 24
211 59 57 32
211 59 68 32
211 59 78 24
211 59 90 32
211 59 94 32
211 59 108 32
211 59 110 32
211 59 120 24
211 59 127 32
211 59 135 32
211 59 149 32
211 59 157 32
211 59 161 24
211 59 168 32
211 59 173 24
211 59 174 32
211 59 180 24
211 59 181 32
211 59 186 32
211 60 36 25
211 60 59 25
211 60 78 25
211 60 139 25
211 60 143 25
211 60 150 25
211 60 161 25
211 60 194 25
211 60 196 25
211 60 199 25
211 61 19 49
211 61 20 49
211 61 58 49
211 61 64 49
211 61 65 49
211 61 66 49
211 61 69 49
211 61 78 49
211 61 82 49
211 61 83 49
211 61 87 49
211 61 99 49
211 61 103 49
211 61 120 49
211 61 123 49
211 61 137 49
211 61 143 49
211 61 170 49
211 61 173 49
211 61 188 49
211 61 204 49
211 62 4 32
211 62 21 32
211 62 53 32
211 62 62 24
211 62 83 32
211 62 101 32
211 62 117 32
211 62 123 24
211 62 150 32
211 62 194 24
211 62 199 24
211 62 201 32
211 63 22 25
211 63 33 25
211 63 68 25
211 63 104 32
211 63 108 32
211 63 127 32
211 63 133 32
211 63 140 32
211 63 142 25
211 63 147 25
211 63 156 25
211 63 158 32
211 63 165 32
211 63 175 25
211 63 177 25
211 63 192 25
211 63 202 25
211 63 207 32
211 64 3 32
211 64 4 32
211 64 9 32
211 64 10 32
211 64 15 32
211 64 29 32
211 64 41 24
211 64 47 32
211 64 51 32
211 64 53 32
211 64 55 24
211 64 109 32
211 64 120 32
211 64 121 24
211 64 131 32
211 64 141 32
211 64 142 24
211 64 143 24
211 64 151 32
211 64 159 24
211 64 175 24
211 64 188 24
211 64 190 32
211 64 197 32
211 65 15 36
211 65 19 27
211 65 21 27
211 65 60 36
211 65 72 36
211 65 74 36
211 65 77 36
211 65 81 27
211 65 85 36
211 65 102 36
211 65 112 36
211 65 115 36
211 65 130 36
211 65 151 27
211 65 161 27
211 65 171 27
211 65 176 27
211 65 184 27
211 65 197 36
211 65 200 36
211 65 203 27
211 67 5 32
211 67 7 32
211 67 9 24
211 67 22 32
211 67 28 32
211 67 36 32
211 67 47 24
211 67 48 32
211 67 98 32
211 67 118 24
211 67 121 32
211 67 126 24
211 67 139 24
211 67 143 32
211 67 145 24
211 67 152 24
211 67 163 32
211 67 164 32
211 67 169 32
211 67 170 32
211 67 181 32
211 67 189 32
211 67 195 24
211 67 202 32
211 68 13 36
211 68 33 27
211 68 65 36
211 68 70 36
211 68 71 36
211 68 82 36
211 68 91 27
211 68 94 27
211 68 101 36
211 68 107 36
211 68 116 27
211 68 117 36
211 68 118 27
211 68 133 27
211 68 134 36
211 68 137 36
211 68 162 27
211 68 174 27
211 68 193 36
211 68 195 27
211 68 208 36
211 69 19 24
211 69 87 24
211 69 100 24
211 69 114 24
211 71 24 24
211 71 25 32
211 71 36 32
211 71 40 24
211 71 44 24
211 71 55 24
211 71 63 32
211 71 67 32
211 71 76 32
211 71 83 32
211 71 108 32
211 71 111 32
211 71 123 32
211 71 127 32
211 71 142 32
211 71 150 32
211 71 153 24
211 71 157 24
211 71 159 32
211 71 168 24
211 71 170 32
211 71 188 24
211 71 192 32
211 71 199 32
211 73 7 49
211 73 8 49
211 73 15 49
211 73 23 49
211 73 26 49
211 73 29 49
211 73 32 49
211 73 86 49
211 73 104 49
211 73 111 49
211 73 112 49
211 73 115 49
211 73 118 49
211 73 127 49
211 73 146 49
211 73 147 49
211 73 157 49
211 73 165 49
211 73 195 49
211 73 202 49
211 73 206 49
211 74 5 36
211 74 14 36
211 74 22 24
211 74 31 24
211 74 45 36
211 74 48 24
211 74 49 36
211 74 51 36
211 74 56 36
211 74 64 36
211 74 72 24
211 74 74 24
211 74 77 24
211 74 85 24
211 74 109 36
211 74 120 36
211 74 122 36
211 74 133 24
211 74 134 36
211 74 135 24
211 74 136 36
211 74 137 36
211 74 151 36
211 74 155 24
211 74 162 24
211 74 165 24
211 74 167 24
211 74 169 36
211 74 177 24
211 74 178 36
211 74 179 36
211 74 186 24
211 74 187 24
211 74 196 36
211 76 15 24
211 76 17 32
211 76 39 32
211 76 72 32
211 76 85 32
211 76 91 24
211 76 92 32
211 76 135 32
211 76 149 32
211 76 160 24
211 76 186 32
211 76 197 24
211 77 4 27
211 77 7 24
211 77 14 27
211 77 30 36
211 77 34 27
211 77 46 36
211 77 49 36
211 77 56 36
211 77 78 36
211 77 84 27
211 77 91 24
211 77 99 27
211 77 122 27
211 77 150 27
211 77 160 24
211 77 181 24
211 77 199 27
211 77 204 36
211 77 208 27
211 78 2 27
211 78 4 36
211 78 10 27
211 78 26 27
211 78 29 27
211 78 46 36
211 78 53 36
211 78 70 36
211 78 78 36
211 78 79 36
211 78 102 27
211 78 105 36
211 78 121 36
211 78 140 27
211 78 142 27
211 78 143 36
211 78 168 27
211 78 174 27
211 78 203 36
211 78 208 36
211 78 209 36
211 79 49 25
211 79 58 32
211 79 62 32
211 79 70 32
211 79 81 32
211 79 95 25
211 79 99 32
211 79 107 25
211 79 114 25
211 79 136 25
211 79 137 25
211 79 150 25
211 79 163 25
211 79 171 32
211 79 178 25
211 79 193 25
211 79 194 32
211 79 208 32
211 80 28 25
211 80 67 25
211 80 127 25
211 80 149 25
211 80 166 25
211 80 167 25
211 80 177 25
211 80 186 25
211 80 198 25
211 80 207 25
211 81 5 36
211 81 10 36
211 81 11 36
211 81 16 36
211 81 17 36
211 81 34 27
211 81 36 27
211 81 66 36
211 81 76 27
211 81 83 27
211 81 96 36
211 81 111 36
211 81 114 27
211 81 136 27
211 81 149 36
211 81 163 27
211 81 169 36
211 81 184 27
211 81 188 27
211 81 190 36
211 81 192 36
211 82 4 25
211 82 5 25
211 82 30 25
211 82 37 25
211 82 54 25
211 82 84 25
211 82 188 25
211 82 196 25
211 82 199 25
211 82 201 25
211 85 27 27
211 85 30 36
211 85 52 36
211 85 59 36
211 85 68 27
211 85 69 36
211 85 79 36
211 85 84 36
211 85 85 27
211 85 87 36
211 85 93 36
211 85 103 36
211 85 114 36
211 85 130 27
211 85 138 27
211 85 140 27
211 85 146 27
211 85 187 27
211 85 195 27
211 85 203 36
211 85 204 36
211 87 14 24
211 87 39 24
211 87 92 24
211 87 108 24
211 87 119 24
211 87 127 24
211 87 172 24
211 87 196 24
211 88 15 36
211 88 19 36
211 88 28 36
211 88 37 36
211 88 39 27
211 88 51 36
211 88 68 27
211 88 74 27
211 88 97 27
211 88 98 36
211 88 100 36
211 88 115 27
211 88 118 27
211 88 120 36
211 88 133 36
211 88 154 36
211 88 160 27
211 88 165 36
211 88 190 27
211 88 197 36
211 88 202 27
211 89 8 49
211 89 15 49
211 89 26 49
211 89 27 49
211 89 29 49
211 89 31 49
211 89 35 49
211 89 48 49
211 89 60 49
211 89 63 49
211 89 74 49
211 89 85 49
211 89 106 49
211 89 141 49
211 89 145 49
211 89 155 49
211 89 156 49
211 89 158 49
211 89 160 49
211 89 164 49
211 89 192 49
211 90 8 36
211 90 10 36
211 90 28 36
211 90 38 36
211 90 41 36
211 90 50 36
211 90 63 36
211 90 67 36
211 90 68 36
211 90 72 36
211 90 75 36
211 90 85 36
211 90 90 36
211 90 94 36
211 90 97 36
211 90 98 36
211 90 108 36
211 90 110 36
211 90 111 36
211 90 112 36
211 90 124 36
211 90 127 36
211 90 130 36
211 90 132 36
211 90 142 36
211 90 155 36
211 90 157 36
211 90 159 36
211 90 162 36
211 90 164 36
211 90 166 36
211 90 168 36
211 90 175 36
211 90 190 36
211 90 192 36
211 90 202 36
211 91 7 25
211 91 15 25
211 91 28 32
211 91 31 25
211 91 41 32
211 91 94 32
211 91 98 32
211 91 102 25
211 91 110 32
211 91 112 32
211 91 116 25
211 91 129 25
211 91 130 32
211 91 131 25
211 91 155 25
211 91 159 25
211 91 175 32
211 91 202 25
211 93 5 25
211 93 13 25
211 93 19 25
211 93 51 25
211 93 58 32
211 93 83 32
211 93 87 25
211 93 103 25
211 93 105 25
211 93 119 25
211 93 121 32
211 93 143 32
211 93 150 32
211 93 163 32
211 93 171 32
211 93 173 25
211 93 176 25
211 93 189 32
211 94 17 32
211 94 32 25
211 94 35 32
211 94 68 25
211 94 75 25
211 94 106 25
211 94 135 32
211 94 140 25
211 94 141 25
211 94 145 25
211 94 146 32
211 94 149 32
211 94 177 25
211 94 186 32
211 94 198 32
211 94 200 25
211 94 205 32
211 94 206 25
211 96 2 36
211 96 7 36
211 96 8 36
211 96 12 36
211 96 17 36
211 96 27 36
211 96 28 36
211 96 31 36
211 96 32 36
211 96 33 36
211 96 38 36
211 96 50 36
211 96 60 36
211 96 68 36
211 96 74 36
211 96 75 36
211 96 77 36
211 96 86 36
211 96 88 36
211 96 89 36
211 96 90 36
211 96 98 36
211 96 102 36
211 96 106 36
211 96 108 36
211 96 127 36
211 96 132 36
211 96 133 36
211 96 145 36
211 96 147 36
211 96 149 36
211 96 165 36
211 96 166 36
211 96 177 36
211 96 181 36
211 96 195 36
211 97 16 24
211 97 34 32
211 97 40 32
211 97 63 24
211 97 66 24
211 97 67 24
211 97 74 32
211 97 77 32
211 97 81 32
211 97 84 32
211 97 87 32
211 97 99 32
211 97 103 32
211 97 111 32
211 97 114 32
211 97 115 24
211 97 146 32
211 97 153 32
211 97 161 24
211 97 173 24
211 97 180 32
211 97 192 32
211 97 198 32
211 97 200 24
211 98 7 25
211 98 22 25
211 98 35 25
211 98 50 25
211 98 94 25
211 98 112 25
211 98 124 25
211 98 158 25
211 98 160 25
211 98 192 25
211 99 116 24
211 99 155 24
211 99 162 24
211 99 191 24
211 100 17 32
211 100 30 24
211 100 40 32
211 100 60 32
211 100 61 32
211 100 63 32
211 100 67 32
211 100 68 32
211 100 79 24
211 100 80 24
211 100 90 32
211 100 94 32
211 100 101 24
211 100 102 32
211 100 110 32
211 100 116 32
211 100 117 24
211 100 128 32
211 100 149 32
211 100 153 32
211 100 182 24
211 100 191 32
211 100 203 24
211 100 204 24
211 101 9 32
211 101 31 24
211 101 34 32
211 101 43 32
211 101 47 32
211 101 54 32
211 101 68 24
211 101 71 32
211 101 74 24
211 101 77 24
211 101 82 32
211 101 87 32
211 101 90 24
211 101 107 32
211 101 113 32
211 101 114 32
211 101 163 32
211 101 167 24
211 101 177 24
211 101 180 32
211 101 183 32
211 101 187 24
211 101 189 32
211 101 193 32
211 103 10 24
211 103 14 32
211 103 36 32
211 103 41 24
211 103 51 32
211 103 55 32
211 103 63 24
211 103 67 24
211 103 81 32
211 103 82 32
211 103 99 32
211 103 120 32
211 103 126 32
211 103 139 32
211 103 163 32
211 103 167 24
211 103 170 32
211 103 175 24
211 103 187 24
211 103 188 32
211 103 189 32
211 103 190 24
211 103 193 32
211 103 196 32
211 104 18 25
211 104 23 25
211 104 26 25
211 104 42 25
211 104 50 25
211 104 72 25
211 104 127 25
211 104 153 25
211 104 168 25
211 104 198 25
211 105 6 25
211 105 9 25
211 105 13 25
211 105 24 25
211 105 58 25
211 105 64 25
211 105 87 25
211 105 95 25
211 105 208 25
211 105 209 25
211 106 2 25
211 106 3 25
211 106 116 25
211 106 124 25
211 106 147 25
211 106 153 25
211 106 187 25
211 106 198 25
211 106 202 25
211 106 205 25
211 107 13 25
211 107 43 25
211 107 58 25
211 107 84 25
211 107 139 25
211 107 161 25
211 107 169 25
211 107 185 25
211 107 188 25
211 107 193 25
211 108 15 32
211 108 18 32
211 108 21 24
211 108 22 32
211 108 23 32
211 108 24 24
211 108 36 24
211 108 41 32
211 108 44 24
211 108 48 32
211 108 72 32
211 108 85 32
211 108 91 32
211 108 112 32
211 108 129 32
211 108 130 32
211 108 144 24
211 108 148 24
211 108 156 32
211 108 160 32
211 108 170 24
211 108 175 32
211 108 197 32
211 108 201 24
211 110 18 32
211 110 22 32
211 110 24 24
211 110 28 32
211 110 31 32
211 110 34 24
211 110 44 24
211 110 48 32
211 110 97 32
211 110 98 32
211 110 104 32
211 110 121 24
211 110 124 32
211 110 129 32
211 110 134 24
211 110 137 24
211 110 140 32
211 110 143 24
211 110 157 32
211 110 164 32
211 110 168 32
211 110 177 32
211 110 180 24
211 110 202 32
211 111 7 24
211 111 8 24
211 111 20 32
211 111 29 24
211 111 58 32
211 111 62 32
211 111 83 32
211 111 94 24
211 111 95 32
211 111 101 32
211 111 109 32
211 111 110 24
211 111 117 32
211 111 121 32
211 111 131 24
211 111 132 24
211 111 143 32
211 111 144 32
211 111 148 32
211 111 150 32
211 111 151 32
211 111 171 32
211 111 181 24
211 111 194 32
211 112 20 24
211 112 49 24
211 112 56 24
211 112 95 24
211 113 19 25
211 113 51 25
211 113 53 25
211 113 87 25
211 113 99 25
211 113 117 25
211 113 161 25
211 113 176 25
211 113 189 25
211 113 204 25
211 114 11 24
211 114 13 32
211 114 19 32
211 114 31 32
211 114 38 24
211 114 50 24
211 114 58 32
211 114 65 32
211 114 96 24
211 114 97 32
211 114 100 32
211 114 108 32
211 114 112 32
211 114 124 32
211 114 127 32
211 114 130 32
211 114 134 32
211 114 137 32
211 114 144 24
211 114 145 24
211 114 148 24
211 114 171 32
211 114 177 32
211 114 195 24
211 115 16 36
211 115 30 36
211 115 34 36
211 115 45 36
211 115 46 36
211 115 62 36
211 115 64 36
211 115 66 36
211 115 78 36
211 115 79 36
211 115 84 36
211 115 103 36
211 115 105 36
211 115 109 36
211 115 113 36
211 115 121 36
211 115 122 36
211 115 123 36
211 115 125 36
211 115 134 36
211 115 136 36
211 115 137 36
211 115 143 36
211 115 151 36
211 115 161 36
211 115 173 36
211 115 178 36
211 115 179 36
211 115 180 36
211 115 183 36
211 115 184 36
211 115 194 36
211 115 199 36
211 115 203 36
211 115 204 36
211 115 209 36
211 117 5 25
211 117 6 32
211 117 11 25
211 117 13 32
211 117 25 32
211 117 34 25
211 117 62 32
211 117 65 32
211 117 66 25
211 117 70 25
211 117 71 25
211 117 76 32
211 117 105 25
211 117 136 25
211 117 143 25
211 117 176 32
211 117 179 25
211 117 194 32
211 118 22 32
211 118 35 25
211 118 38 25
211 118 40 32
211 118 48 32
211 118 61 32
211 118 68 32
211 118 90 32
211 118 92 25
211 118 106 25
211 118 108 25
211 118 124 25
211 118 128 32
211 118 153 32
211 118 160 25
211 118 192 25
211 118 198 25
211 118 206 25
211 120 9 25
211 120 36 32
211 120 52 25
211 120 56 25
211 120 80 25
211 120 81 32
211 120 82 25
211 120 95 25
211 120 99 32
211 120 101 32
211 120 109 25
211 120 113 32
211 120 117 32
211 120 170 32
211 120 180 25
211 120 183 32
211 120 196 25
211 120 204 25
211 121 9 36
211 121 19 36
211 121 21 36
211 121 36 36
211 121 43 36
211 121 45 36
211 121 47 36
211 121 49 36
211 121 52 36
211 121 54 36
211 121 56 36
211 121 69 36
211 121 79 36
211 121 81 36
211 121 84 36
211 121 87 36
211 121 99 36
211 121 100 36
211 121 101 36
211 121 103 36
211 121 113 36
211 121 114 36
211 121 117 36
211 121 121 36
211 121 126 36
211 121 136 36
211 121 139 36
211 121 143 36
211 121 144 36
211 121 148 36
211 121 161 36
211 121 170 36
211 121 173 36
211 121 183 36
211 121 201 36
211 121 203 36
211 122 19 49
211 122 47 49
211 122 51 49
211 122 53 49
211 122 55 49
211 122 56 49
211 122 66 49
211 122 70 49
211 122 105 49
211 122 126 49
211 122 137 49
211 122 148 49
211 122 151 49
211 122 163 49
211 122 176 49
211 122 180 49
211 122 182 49
211 122 184 49
211 122 185 49
211 122 196 49
211 122 203 49
211 123 9 27
211 123 14 36
211 123 21 27
211 123 46 36
211 123 51 27
211 123 57 36
211 123 78 36
211 123 91 36
211 123 93 27
211 123 96 27
211 123 111 36
211 123 113 36
211 123 114 27
211 123 137 27
211 123 143 27
211 123 160 36
211 123 172 27
211 123 174 36
211 123 183 36
211 123 192 36
211 123 196 36
211 124 15 24
211 124 39 24
211 124 84 24
211 124 92 24
211 124 103 24
211 124 119 24
211 124 172 24
211 124 197 24
211 126 7 36
211 126 8 36
211 126 16 27
211 126 24 27
211 126 65 27
211 126 71 27
211 126 73 27
211 126 81 27
211 126 97 36
211 126 108 36
211 126 118 36
211 126 124 36
211 126 126 27
211 126 127 36
211 126 132 36
211 126 142 36
211 126 143 27
211 126 152 36
211 126 159 36
211 126 181 36
211 126 184 27
211 129 10 25
211 129 12 25
211 129 15 25
211 129 23 25
211 129 127 25
211 129 157 25
211 129 174 25
211 129 181 25
211 129 206 25
211 129 207 25
211 130 19 36
211 130 21 36
211 130 23 27
211 130 27 27
211 130 42 36
211 130 48 27
211 130 62 36
211 130 75 27
211 130 97 27
211 130 100 36
211 130 115 36
211 130 128 27
211 130 135 27
211 130 145 36
211 130 175 27
211 130 177 27
211 130 194 36
211 130 195 36
211 130 200 36
211 130 201 36
211 130 206 36
211 131 4 25
211 131 13 25
211 131 25 25
211 131 34 25
211 131 44 25
211 131 45 25
211 131 62 25
211 131 84 25
211 131 144 25
211 131 183 25
211 132 3 32
211 132 17 32
211 132 18 25
211 132 33 25
211 132 40 32
211 132 48 25
211 132 61 25
211 132 74 25
211 132 75 25
211 132 97 25
211 132 104 25
211 132 112 32
211 132 116 25
211 132 130 32
211 132 141 32
211 132 149 32
211 132 153 32
211 132 162 25
211 133 2 36
211 133 3 36
211 133 8 36
211 133 37 27
211 133 43 27
211 133 68 36
211 133 69 27
211 133 71 27
211 133 90 36
211 133 106 36
211 133 109 27
211 133 132 36
211 133 133 36
211 133 141 36
211 133 158 36
211 133 165 36
211 133 182 27
211 133 185 27
211 133 201 27
211 133 207 36
211 133 209 27
211 134 3 27
211 134 7 36
211 134 12 27
211 134 30 24
211 134 51 24
211 134 61 27
211 134 89 27
211 134 112 27
211 134 120 24
211 134 127 27
211 134 133 36
211 134 155 36
211 134 162 36
211 134 165 36
211 134 177 27
211 134 181 36
211 134 197 27
211 134 204 24
211 134 207 27
211 135 14 24
211 135 25 32
211 135 51 24
211 135 62 32
211 135 76 32
211 135 119 32
211 135 120 24
211 135 126 32
211 135 139 32
211 135 172 32
211 135 194 32
211 135 196 24
211 137 15 36
211 137 24 24
211 137 25 24
211 137 32 36
211 137 33 36
211 137 34 24
211 137 42 36
211 137 44 24
211 137 46 24
211 137 49 24
211 137 56 24
211 137 60 36
211 137 74 36
211 137 75 36
211 137 76 24
211 137 77 36
211 137 78 24
211 137 89 36
211 137 91 36
211 137 102 36
211 137 126 24
211 137 134 24
211 137 137 24
211 137 139 24
211 137 147 36
211 137 155 36
211 137 160 36
211 137 162 36
211 137 163 24
211 137 166 36
211 137 180 24
211 137 189 24
211 137 197 36
211 137 206 36
211 138 5 49
211 138 9 49
211 138 16 49
211 138 46 49
211 138 54 49
211 138 64 49
211 138 65 49
211 138 84 49
211 138 93 49
211 138 96 49
211 138 99 49
211 138 100 49
211 138 107 49
211 138 125 49
211 138 179 49
211 138 182 49
211 138 185 49
211 138 188 49
211 138 196 49
211 138 203 49
211 138 204 49
211 140 12 32
211 140 19 32
211 140 23 24
211 140 41 32
211 140 43 24
211 140 52 32
211 140 54 24
211 140 58 24
211 140 61 32
211 140 69 32
211 140 84 32
211 140 88 32
211 140 100 32
211 140 103 32
211 140 128 32
211 140 135 32
211 140 144 32
211 140 148 32
211 140 156 24
211 140 167 24
211 140 171 24
211 140 175 32
211 140 186 32
211 140 187 24
211 142 97 24
211 142 111 24
211 142 124 24
211 142 192 24
211 143 3 36
211 143 16 27
211 143 18 36
211 143 37 27
211 143 49 27
211 143 74 36
211 143 77 36
211 143 78 27
211 143 93 27
211 143 94 36
211 143 95 27
211 143 104 36
211 143 110 36
211 143 117 27
211 143 120 27
211 143 129 36
211 143 140 36
211 143 141 36
211 143 146 36
211 143 178 27
211 143 198 36
211 144 9 32
211 144 16 24
211 144 22 32
211 144 30 32
211 144 41 32
211 144 42 32
211 144 47 32
211 144 48 32
211 144 59 24
211 144 66 24
211 144 68 32
211 144 72 24
211 144 85 24
211 144 90 32
211 144 93 24
211 144 113 32
211 144 163 32
211 144 164 24
211 144 175 32
211 144 183 32
211 144 189 32
211 144 202 24
211 144 204 32
211 144 206 32
211 146 8 27
211 146 11 36
211 146 14 36
211 146 27 27
211 146 35 27
211 146 40 27
211 146 50 27
211 146 60 27
211 146 81 36
211 146 96 36
211 146 99 36
211 146 109 36
211 146 126 36
211 146 130 27
211 146 134 36
211 146 137 36
211 146 139 36
211 146 151 36
211 146 190 27
211 146 192 27
211 146 196 36
211 147 14 32
211 147 21 32
211 147 23 24
211 147 36 24
211 147 52 24
211 147 60 32
211 147 68 24
211 147 69 24
211 147 70 32
211 147 80 32
211 147 90 24
211 147 91 32
211 147 102 32
211 147 156 24
211 147 158 32
211 147 160 32
211 147 164 32
211 147 170 24
211 147 182 32
211 147 196 32
211 147 201 32
211 147 202 32
211 147 207 32
211 147 208 32
211 148 4 32
211 148 9 25
211 148 19 25
211 148 34 25
211 148 36 25
211 148 46 32
211 148 53 32
211 148 55 25
211 148 64 25
211 148 69 25
211 148 71 32
211 148 78 32
211 148 84 32
211 148 103 32
211 148 107 32
211 148 143 25
211 148 178 25
211 148 189 25
211 149 10 32
211 149 12 24
211 149 17 24
211 149 61 32
211 149 88 24
211 149 94 32
211 149 110 32
211 149 128 32
211 149 149 24
211 149 158 32
211 149 190 32
211 149 207 32
211 150 7 49
211 150 23 49
211 150 38 49
211 150 41 49
211 150 68 49
211 150 74 49
211 150 88 49
211 150 91 49
211 150 108 49
211 150 112 49
211 150 124 49
211 150 128 49
211 150 129 49
211 150 133 49
211 150 142 49
211 150 145 49
211 150 146 49
211 150 147 49
211 150 153 49
211 150 191 49
211 150 192 49
211 151 12 25
211 151 15 25
211 151 17 25
211 151 50 25
211 151 61 25
211 151 68 25
211 151 72 25
211 151 133 25
211 151 152 25
211 151 175 25
211 152 25 32
211 152 30 32
211 152 31 24
211 152 37 32
211 152 38 24
211 152 43 32
211 152 50 24
211 152 54 32
211 152 62 32
211 152 76 32
211 152 84 32
211 152 91 24
211 152 101 32
211 152 103 32
211 152 117 32
211 152 121 32
211 152 133 24
211 152 143 32
211 152 154 32
211 152 160 24
211 152 165 24
211 152 177 24
211 152 194 32
211 152 204 32
211 154 11 32
211 154 43 32
211 154 46 32
211 154 54 32
211 154 57 32
211 154 61 24
211 154 64 32
211 154 78 32
211 154 82 24
211 154 84 24
211 154 96 32
211 154 103 24
211 154 104 32
211 154 118 32
211 154 122 32
211 154 128 24
211 154 140 32
211 154 152 32
211 154 164 24
211 154 167 32
211 154 174 32
211 154 187 32
211 154 193 24
211 154 202 24
211 155 4 24
211 155 23 32
211 155 28 32
211 155 30 24
211 155 35 32
211 155 53 24
211 155 74 32
211 155 75 32
211 155 77 32
211 155 98 32
211 155 111 32
211 155 119 24
211 155 144 24
211 155 148 24
211 155 156 32
211 155 164 32
211 155 166 32
211 155 167 32
211 155 172 24
211 155 187 32
211 155 192 32
211 155 202 32
211 155 204 24
211 155 205 32
211 157 7 32
211 157 13 24
211 157 23 32
211 157 27 32
211 157 31 32
211 157 49 24
211 157 51 24
211 157 55 24
211 157 56 24
211 157 65 24
211 157 72 32
211 157 85 32
211 157 86 32
211 157 94 32
211 157 110 32
211 157 120 24
211 157 146 32
211 157 156 32
211 157 164 32
211 157 177 32
211 157 181 32
211 157 188 24
211 157 198 32
211 157 202 32
211 158 17 36
211 158 23 36
211 158 28 36
211 158 29 36
211 158 41 36
211 158 57 36
211 158 75 36
211 158 89 36
211 158 94 36
211 158 98 36
211 158 108 36
211 158 110 36
211 158 116 36
211 158 118 36
211 158 127 36
211 158 131 36
211 158 133 36
211 158 142 36
211 158 145 36
211 158 146 36
211 158 147 36
211 158 149 36
211 158 152 36
211 158 155 36
211 158 156 36
211 158 158 36
211 158 159 36
211 158 162 36
211 158 165 36
211 158 166 36
211 158 174 36
211 158 175 36
211 158 191 36
211 158 195 36
211 158 198 36
211 158 207 36
211 159 7 24
211 159 17 24
211 159 21 36
211 159 24 36
211 159 30 36
211 159 32 24
211 159 33 24
211 159 37 36
211 159 44 36
211 159 62 36
211 159 75 24
211 159 79 36
211 159 89 24
211 159 97 24
211 159 109 36
211 159 123 36
211 159 124 24
211 159 125 36
211 159 147 24
211 159 149 24
211 159 151 36
211 159 154 36
211 159 155 24
211 159 157 24
211 159 162 24
211 159 166 24
211 159 168 24
211 159 181 24
211 159 184 36
211 159 194 36
211 159 199 36
211 159 201 36
211 159 203 36
211 159 204 36
211 160 6 32
211 160 13 32
211 160 17 32
211 160 42 32
211 160 61 24
211 160 64 24
211 160 65 32
211 160 81 32
211 160 99 32
211 160 121 24
211 160 122 24
211 160 128 24
211 160 142 32
211 160 143 24
211 160 149 32
211 160 157 24
211 160 159 32
211 160 161 32
211 160 164 32
211 160 168 24
211 160 173 32
211 160 176 32
211 160 202 32
211 160 206 32
211 161 13 24
211 161 23 27
211 161 27 36
211 161 38 36
211 161 50 36
211 161 60 27
211 161 65 24
211 161 68 36
211 161 86 36
211 161 90 36
211 161 113 24
211 161 132 27
211 161 135 27
211 161 149 27
211 161 159 27
211 161 174 27
211 161 177 27
211 161 183 24
211 161 206 27
211 162 37 36
211 162 38 27
211 162 72 27
211 162 80 36
211 162 82 36
211 162 91 36
211 162 98 27
211 162 131 27
211 162 132 27
211 162 133 36
211 162 147 27
211 162 154 36
211 162 155 36
211 162 160 36
211 162 162 36
211 162 165 36
211 162 166 27
211 162 177 27
211 162 182 36
211 162 186 27
211 162 193 36
211 164 2 27
211 164 3 27
211 164 22 27
211 164 34 36
211 164 38 36
211 164 50 36
211 164 60 27
211 164 68 27
211 164 71 36
211 164 72 27
211 164 74 36
211 164 77 36
211 164 107 36
211 164 118 36
211 164 126 36
211 164 139 36
211 164 152 36
211 164 164 27
211 164 180 36
211 164 197 27
211 164 200 27
211 166 8 24
211 166 26 24
211 166 60 24
211 166 102 24
211 166 132 24
211 166 138 24
211 166 145 24
211 166 195 24
211 167 10 27
211 167 23 36
211 167 52 24
211 167 60 36
211 167 69 24
211 167 102 36
211 167 104 27
211 167 110 27
211 167 111 27
211 167 118 36
211 167 123 24
211 167 124 27
211 167 127 27
211 167 130 27
211 167 152 36
211 167 156 36
211 167 198 27
211 167 199 24
211 167 202 27
211 168 7 24
211 168 32 32
211 168 33 32
211 168 135 24
211 168 145 32
211 168 158 32
211 168 164 32
211 168 181 24
211 168 186 24
211 168 195 32
211 168 202 32
211 168 207 32
211 169 21 25
211 169 30 32
211 169 34 25
211 169 45 25
211 169 78 25
211 169 80 25
211 169 84 32
211 169 87 32
211 169 96 25
211 169 103 32
211 169 107 25
211 169 113 25
211 169 114 32
211 169 144 32
211 169 148 32
211 169 161 25
211 169 188 25
211 169 204 32
211 170 3 24
211 170 4 36
211 170 30 27
211 170 49 27
211 170 53 36
211 170 62 36
211 170 73 36
211 170 78 27
211 170 99 27
211 170 107 27
211 170 116 24
211 170 123 27
211 170 141 24
211 170 161 27
211 170 185 36
211 170 191 24
211 170 194 36
211 170 196 27
211 170 209 27
211 171 35 25
211 171 38 25
211 171 57 25
211 171 61 25
211 171 90 25
211 171 108 25
211 171 141 25
211 171 159 25
211 171 168 25
211 171 202 25
211 174 12 25
211 174 23 25
211 174 33 25
211 174 92 25
211 174 110 25
211 174 127 25
211 174 130 25
211 174 152 25
211 174 157 25
211 174 200 25
211 176 39 32
211 176 68 32
211 176 90 32
211 176 92 32
211 176 142 32
211 176 155 32
211 176 159 32
211 176 162 32
211 177 10 32
211 177 17 32
211 177 28 24
211 177 35 32
211 177 39 24
211 177 40 32
211 177 92 24
211 177 98 24
211 177 149 32
211 177 153 32
211 177 190 32
211 177 205 32
211 178 13 25
211 178 30 25
211 178 54 25
211 178 66 25
211 178 117 25
211 178 151 25
211 178 170 25
211 178 185 25
211 178 199 25
211 178 209 25
211 179 3 24
211 179 16 32
211 179 23 32
211 179 29 32
211 179 46 24
211 179 61 32
211 179 66 32
211 179 78 24
211 179 101 32
211 179 117 32
211 179 119 32
211 179 128 32
211 179 131 32
211 179 134 32
211 179 137 32
211 179 141 24
211 179 145 24
211 179 155 32
211 179 156 32
211 179 161 24
211 179 162 32
211 179 172 32
211 179 173 24
211 179 195 24
211 180 7 27
211 180 29 27
211 180 49 36
211 180 56 36
211 180 58 36
211 180 68 27
211 180 79 36
211 180 106 27
211 180 126 36
211 180 129 27
211 180 139 36
211 180 144 36
211 180 148 36
211 180 153 27
211 180 162 27
211 180 171 36
211 180 178 36
211 180 179 36
211 180 187 27
211 180 197 27
211 180 203 36
211 181 23 25
211 181 41 25
211 181 85 25
211 181 90 25
211 181 104 25
211 181 108 25
211 181 115 25
211 181 132 25
211 181 152 25
211 181 207 25
211 182 6 24
211 182 51 24
211 182 105 24
211 182 120 24
211 182 161 24
211 182 173 24
211 182 176 24
211 182 209 24
211 183 8 32
211 183 38 32
211 183 40 32
211 183 50 32
211 183 91 24
211 183 112 24
211 183 116 32
211 183 130 24
211 183 132 32
211 183 153 32
211 183 160 24
211 183 191 32
211 185 3 49
211 185 12 49
211 185 23 49
211 185 32 49
211 185 57 49
211 185 63 49
211 185 72 49
211 185 89 49
211 185 90 49
211 185 104 49
211 185 124 49
211 185 138 49
211 185 152 49
211 185 153 49
211 185 158 49
211 185 165 49
211 185 168 49
211 185 175 49
211 185 190 49
211 185 197 49
211 185 202 49
211 186 2 32
211 186 22 24
211 186 23 32
211 186 34 32
211 186 35 32
211 186 46 32
211 186 48 24
211 186 49 24
211 186 52 32
211 186 56 24
211 186 60 24
211 186 69 32
211 186 78 32
211 186 83 32
211 186 102 24
211 186 106 32
211 186 115 32
211 186 144 24
211 186 148 24
211 186 150 32
211 186 156 32
211 186 180 32
211 186 200 32
211 186 205 32
211 187 5 36
211 187 15 36
211 187 29 36
211 187 35 36
211 187 38 36
211 187 39 36
211 187 46 36
211 187 49 36
211 187 50 36
211 187 56 36
211 187 62 36
211 187 71 36
211 187 78 36
211 187 83 36
211 187 89 36
211 187 92 36
211 187 94 36
211 187 104 36
211 187 107 36
211 187 110 36
211 187 115 36
211 187 123 36
211 187 126 36
211 187 131 36
211 187 134 36
211 187 137 36
211 187 139 36
211 187 140 36
211 187 147 36
211 187 150 36
211 187 169 36
211 187 194 36
211 187 197 36
211 187 199 36
211 187 200 36
211 187 205 36
211 188 2 36
211 188 12 36
211 188 18 36
211 188 20 36
211 188 23 36
211 188 27 36
211 188 43 36
211 188 54 36
211 188 75 36
211 188 79 36
211 188 81 36
211 188 82 36
211 188 86 36
211 188 88 36
211 188 89 36
211 188 94 36
211 188 95 36
211 188 99 36
211 188 106 36
211 188 109 36
211 188 110 36
211 188 112 36
211 188 123 36
211 188 125 36
211 188 126 36
211 188 129 36
211 188 130 36
211 188 139 36
211 188 147 36
211 188 151 36
211 188 156 36
211 188 166 36
211 188 184 36
211 188 193 36
211 188 199 36
211 188 203 36
211 189 8 24
211 189 22 24
211 189 48 24
211 189 55 24
211 189 84 24
211 189 103 24
211 189 132 24
211 189 188 24
211 191 8 36
211 191 9 27
211 191 11 36
211 191 13 36
211 191 16 27
211 191 41 36
211 191 51 36
211 191 65 36
211 191 96 36
211 191 97 36
211 191 100 27
211 191 120 36
211 191 124 36
211 191 132 36
211 191 136 27
211 191 139 27
211 191 175 36
211 191 180 27
211 191 183 27
211 191 194 27
211 191 208 27
211 192 17 27
211 192 18 27
211 192 26 27
211 192 27 36
211 192 41 27
211 192 42 27
211 192 71 24
211 192 77 27
211 192 86 36
211 192 107 24
211 192 116 36
211 192 123 24
211 192 133 27
211 192 158 27
211 192 167 36
211 192 186 27
211 192 187 36
211 192 191 36
211 192 199 24
211 193 3 36
211 193 7 36
211 193 23 36
211 193 25 27
211 193 32 36
211 193 33 36
211 193 36 27
211 193 82 27
211 193 114 27
211 193 116 36
211 193 123 27
211 193 139 27
211 193 141 36
211 193 156 36
211 193 161 27
211 193 163 27
211 193 164 36
211 193 180 27
211 193 181 36
211 193 191 36
211 193 202 36
211 194 27 24
211 194 40 24
211 194 41 24
211 194 43 36
211 194 51 36
211 194 54 36
211 194 61 24
211 194 64 36
211 194 81 36
211 194 82 36
211 194 83 36
211 194 86 24
211 194 87 36
211 194 99 36
211 194 104 24
211 194 114 36
211 194 120 36
211 194 122 36
211 194 126 36
211 194 128 24
211 194 133 24
211 194 135 24
211 194 139 36
211 194 140 24
211 194 144 36
211 194 148 36
211 194 150 36
211 194 153 24
211 194 165 24
211 194 167 24
211 194 175 24
211 194 186 24
211 194 187 24
211 194 193 36
211 196 34 49
211 196 37 49
211 196 43 49
211 196 44 49
211 196 46 49
211 196 64 49
211 196 70 49
211 196 80 49
211 196 95 49
211 196 101 49
211 196 103 49
211 196 107 49
211 196 109 49
211 196 125 49
211 196 137 49
211 196 144 49
211 196 172 49
211 196 189 49
211 196 193 49
211 196 194 49
211 196 203 49
211 197 4 24
211 197 19 32
211 197 30 32
211 197 53 24
211 197 80 24
211 197 100 32
211 197 101 32
211 197 117 32
211 197 134 32
211 197 137 32
211 197 182 24
211 197 204 32
211 198 6 49
211 198 16 49
211 198 21 49
211 198 44 49
211 198 53 49
211 198 54 49
211 198 55 49
211 198 58 49
211 198 59 49
211 198 65 49
211 198 73 49
211 198 79 49
211 198 109 49
211 198 114 49
211 198 122 49
211 198 137 49
211 198 150 49
211 198 154 49
211 198 170 49
211 198 180 49
211 198 208 49
211 199 11 27
211 199 13 27
211 199 17 24
211 199 19 36
211 199 20 36
211 199 44 27
211 199 47 27
211 199 55 27
211 199 74 24
211 199 77 24
211 199 95 36
211 199 100 36
211 199 109 27
211 199 123 36
211 199 149 24
211 199 154 27
211 199 171 27
211 199 183 27
211 199 199 36
211 200 3 36
211 200 20 36
211 200 24 36
211 200 26 36
211 200 27 36
211 200 35 36
211 200 41 36
211 200 42 36
211 200 43 36
211 200 44 36
211 200 52 36
211 200 54 36
211 200 68 36
211 200 69 36
211 200 86 36
211 200 90 36
211 200 91 36
211 200 95 36
211 200 104 36
211 200 109 36
211 200 113 36
211 200 138 36
211 200 140 36
211 200 141 36
211 200 151 36
211 200 160 36
211 200 161 36
211 200 163 36
211 200 173 36
211 200 175 36
211 200 178 36
211 200 179 36
211 200 183 36
211 200 189 36
211 200 205 36
211 200 206 36
211 201 8 24
211 201 15 24
211 201 57 24
211 201 58 32
211 201 62 32
211 201 70 32
211 201 79 32
211 201 80 32
211 201 83 32
211 201 115 24
211 201 132 24
211 201 134 32
211 201 137 32
211 201 150 32
211 201 163 32
211 201 171 32
211 201 174 24
211 201 182 32
211 201 189 32
211 201 194 32
211 201 197 24
211 201 200 24
211 201 203 32
211 201 208 32
211 202 17 24
211 202 18 32
211 202 26 32
211 202 27 32
211 202 86 32
211 202 129 32
211 202 138 32
211 202 146 32
211 202 149 24
211 202 158 24
211 202 198 32
211 202 207 24
211 204 8 25
211 204 18 25
211 204 48 25
211 204 92 25
211 204 97 25
211 204 127 25
211 204 140 25
211 204 191 25
211 204 205 25
211 204 207 25
211 206 27 25
211 206 68 25
211 206 74 25
211 206 91 25
211 206 102 25
211 206 116 25
211 206 129 25
211 206 138 25
211 206 187 25
211 206 198 25
211 207 17 32
211 207 23 32
211 207 26 24
211 207 74 32
211 207 77 32
211 207 135 24
211 207 138 24
211 207 149 32
211 207 156 32
211 207 157 32
211 207 168 32
211 207 186 24
211 208 10 27
211 208 12 36
211 208 29 27
211 208 31 36
211 208 40 36
211 208 63 27
211 208 71 36
211 208 87 36
211 208 88 36
211 208 102 27
211 208 107 36
211 208 114 36
211 208 121 36
211 208 143 36
211 208 153 36
211 208 166 27
211 208 174 27
211 208 175 27
211 208 177 36
211 208 192 27
211 208 198 27
211 210 39 24
211 210 40 24
211 210 55 32
211 210 80 32
211 210 92 24
211 210 105 32
211 210 109 32
211 210 123 32
211 210 125 32
211 210 133 24
211 210 142 24
211 210 151 32
211 210 153 24
211 210 159 24
211 210 163 32
211 210 165 24
211 210 178 32
211 210 179 32
211 210 182 32
211 210 184 32
211 210 188 32
211 210 189 32
211 210 199 32
211 210 209 32
223 0 3 32
223 0 35 32
223 0 51 32
223 0 74 32
223 0 80 32
223 0 92 32
223 0 94 32
223 0 102 32
223 0 121 32
223 0 129 32
223 0 131 32
223 0 143 32
223 0 149 32
223 0 172 32
223 0 188 32
223 0 220 32
223 1 18 27
223 1 23 36
223 1 28 27
223 1 36 27
223 1 40 36
223 1 41 27
223 1 42 36
223 1 69 27
223 1 91 36
223 1 97 36
223 1 111 36
223 1 112 27
223 1 148 27
223 1 154 36
223 1 167 36
223 1 174 36
223 1 178 27
223 1 184 36
223 1 201 27
223 1 219 36
223 1 221 36
223 5 9 24
223 5 94 24
223 5 121 24
223 5 124 24
223 7 22 24
223 7 31 36
223 7 36 36
223 7 52 24
223 7 55 27
223 7 58 27
223 7 60 36
223 7 71 24
223 7 74 36
223 7 83 27
223 7 116 27
223 7 132 27
223 7 156 27
223 7 166 27
223 7 169 27
223 7 179 27
223 7 193 24
223 7 197 36
223 7 220 36
223 8 14 25
223 8 17 25
223 8 19 25
223 8 37 25
223 8 50 25
223 8 81 25
223 8 135 25
223 8 177 25
223 8 183 25
223 8 199 25
223 12 4 24
223 12 43 24
223 12 56 24
223 12 83 24
223 13 48 24
223 13 79 24
223 13 207 24
223 13 209 24
223 14 6 36
223 14 33 24
223 14 48 36
223 14 61 27
223 14 67 27
223 14 79 36
223 14 80 27
223 14 94 24
223 14 97 27
223 14 107 36
223 14 121 24
223 14 137 27
223 14 155 27
223 14 161 27
223 14 186 36
223 14 196 24
223 14 198 36
223 14 216 27
223 14 221 27
223 15 17 32
223 15 40 32
223 15 42 32
223 15 68 32
223 15 69 32
223 15 72 32
223 15 82 32
223 15 105 32
223 15 127 32
223 15 154 32
223 15 165 32
223 15 173 32
223 15 176 32
223 15 181 32
223 15 184 32
223 15 204 32
223 16 5 27
223 16 15 36
223 16 29 36
223 16 38 36
223 16 54 27
223 16 61 27
223 16 90 27
223 16 96 27
223 16 100 36
223 16 119 36
223 16 128 36
223 16 130 36
223 16 133 36
223 16 135 36
223 16 158 27
223 16 161 27
223 16 166 36
223 16 169 36
223 16 204 27
223 16 211 36
223 16 221 27
223 17 49 24
223 17 68 24
223 17 81 24
223 17 82 24
223 17 132 24
223 17 138 24
223 17 202 24
223 17 212 24
223 23 65 24
223 23 86 24
223 23 153 24
223 23 199 24
223 24 26 24
223 24 42 24
223 24 102 24
223 24 129 24
223 24 154 24
223 24 163 24
223 24 176 24
223 24 204 24
223 25 13 36
223 25 17 36
223 25 22 36
223 25 24 36
223 25 30 36
223 25 44 27
223 25 71 36
223 25 88 27
223 25 91 27
223 25 103 36
223 25 104 27
223 25 105 36
223 25 138 36
223 25 145 27
223 25 157 27
223 25 158 36
223 25 163 27
223 25 171 36
223 25 176 27
223 25 191 27
223 25 202 36
223 26 4 27
223 26 14 27
223 26 18 36
223 26 39 27
223 26 62 36
223 26 63 36
223 26 87 24
223 26 89 27
223 26 130 27
223 26 136 27
223 26 138 36
223 26 152 27
223 26 177 36
223 26 179 27
223 26 182 24
223 26 195 24
223 26 202 36
223 26 210 27
223 26 215 24
223 27 29 25
223 27 31 25
223 27 43 25
223 27 58 25
223 27 110 25
223 27 143 25
223 27 162 25
223 27 169 25
223 27 172 25
223 27 220 25
223 28 15 25
223 28 33 25
223 28 55 25
223 28 58 25
223 28 69 25
223 28 82 25
223 28 130 25
223 28 197 25
223 28 210 25
223 28 212 25
223 29 11 24
223 29 142 24
223 29 176 24
223 29 204 24
223 31 9 24
223 31 80 24
223 31 88 24
223 31 92 24
223 31 124 24
223 31 156 24
223 31 185 24
223 31 213 24
223 32 4 36
223 32 7 36
223 32 25 36
223 32 29 36
223 32 30 36
223 32 31 36
223 32 32 36
223 32 36 36
223 32 38 36
223 32 43 36
223 32 50 36
223 32 53 36
223 32 55 36
223 32 56 36
223 32 58 36
223 32 69 36
223 32 73 36
223 32 78 36
223 32 81 36
223 32 83 36
223 32 86 36
223 32 100 36
223 32 101 36
223 32 106 36
223 32 116 36
223 32 133 36
223 32 135 36
223 32 138 36
223 32 153 36
223 32 162 36
223 32 166 36
223 32 171 36
223 32 181 36
223 32 202 36
223 32 203 36
223 32 212 36
223 34 4 27
223 34 14 27
223 34 31 36
223 34 36 36
223 34 42 36
223 34 54 36
223 34 74 36
223 34 95 36
223 34 110 36
223 34 115 27
223 34 136 27
223 34 148 36
223 34 154 36
223 34 161 36
223 34 172 27
223 34 178 27
223 34 179 27
223 34 197 27
223 34 201 27
223 34 205 36
223 34 220 36
223 35 10 36
223 35 14 27
223 35 39 36
223 35 41 36
223 35 46 36
223 35 61 36
223 35 62 27
223 35 67 36
223 35 81 36
223 35 117 36
223 35 128 27
223 35 131 27
223 35 136 36
223 35 156 27
223 35 160 36
223 35 183 36
223 35 199 27
223 35 202 27
223 35 211 27
223 35 212 36
223 35 218 27
223 36 40 24
223 36 63 24
223 36 69 24
223 36 141 24
223 36 155 24
223 36 177 24
223 36 181 24
223 36 184 24
223 37 8 25
223 37 15 25
223 37 76 25
223 37 106 25
223 37 132 25
223 37 135 25
223 37 148 25
223 37 171 25
223 37 175 25
223 37 217 25
223 38 6 36
223 38 11 49
223 38 21 36
223 38 44 49
223 38 46 49
223 38 48 49
223 38 75 49
223 38 80 36
223 38 85 36
223 38 90 49
223 38 91 49
223 38 92 36
223 38 95 49
223 38 97 49
223 38 111 49
223 38 117 49
223 38 125 49
223 38 129 49
223 38 141 49
223 38 149 49
223 38 154 49
223 38 170 49
223 38 185 49
223 38 186 36
223 38 192 49
223 38 204 49
223 38 216 49
223 39 39 24
223 39 91 24
223 39 141 24
223 39 144 24
223 39 155 24
223 39 174 24
223 39 175 24
223 39 183 24
223 41 7 24
223 41 29 24
223 41 32 24
223 41 68 24
223 41 82 24
223 41 100 24
223 41 139 24
223 41 146 24
223 42 5 24
223 42 23 24
223 42 35 24
223 42 51 24
223 42 97 24
223 42 99 24
223 42 134 24
223 42 214 24
223 43 7 49
223 43 14 49
223 43 31 49
223 43 33 49
223 43 39 36
223 43 41 49
223 43 43 49
223 43 47 49
223 43 49 49
223 43 55 49
223 43 72 49
223 43 100 49
223 43 101 49
223 43 120 36
223 43 133 49
223 43 139 49
223 43 144 49
223 43 148 49
223 43 156 36
223 43 164 49
223 43 177 49
223 43 183 36
223 43 200 49
223 43 210 36
223 43 213 36
223 43 217 49
223 43 218 49
223 44 22 24
223 44 29 24
223 44 71 24
223 44 78 24
223 44 100 24
223 44 122 24
223 44 170 24
223 44 203 24
223 45 9 25
223 45 38 25
223 45 56 25
223 45 58 25
223 45 69 25
223 45 119 25
223 45 121 25
223 45 133 25
223 45 177 25
223 45 217 25
223 46 11 36
223 46 13 36
223 46 20 36
223 46 21 36
223 46 35 36
223 46 40 36
223 46 42 36
223 46 44 36
223 46 46 36
223 46 51 36
223 46 52 36
223 46 80 36
223 46 85 36
223 46 92 36
223 46 99 36
223 46 103 36
223 46 104 36
223 46 140 36
223 46 141 36
223 46 142 36
223 46 145 36
223 46 147 36
223 46 154 36
223 46 155 36
223 46 160 36
223 46 176 36
223 46 180 36
223 46 184 36
223 46 187 36
223 46 192 36
223 46 193 36
223 46 204 36
223 46 207 36
223 46 208 36
223 46 209 36
223 46 214 36
223 47 30 24
223 47 37 24
223 47 171 24
223 47 217 24
223 48 18 36
223 48 26 24
223 48 50 27
223 48 60 36
223 48 62 36
223 48 63 27
223 48 64 27
223 48 65 27
223 48 74 27
223 48 78 27
223 48 87 24
223 48 89 36
223 48 100 27
223 48 101 27
223 48 163 24
223 48 175 27
223 48 182 24
223 48 197 36
223 48 218 36
223 50 3 24
223 50 35 24
223 50 51 24
223 50 70 24
223 50 104 24
223 50 137 24
223 50 149 24
223 50 208 24
223 51 4 24
223 51 56 24
223 51 65 24
223 51 120 24
223 51 144 24
223 51 175 24
223 51 199 24
223 51 210 24
223 52 2 49
223 52 4 49
223 52 9 36
223 52 14 49
223 52 18 49
223 52 19 36
223 52 29 49
223 52 33 49
223 52 37 49
223 52 43 49
223 52 47 36
223 52 68 49
223 52 72 49
223 52 78 49
223 52 109 49
223 52 115 49
223 52 124 36
223 52 128 49
223 52 133 49
223 52 144 49
223 52 153 49
223 52 171 49
223 52 172 36
223 52 177 49
223 52 188 36
223 52 197 49
223 52 202 49
223 53 102 24
223 53 129 24
223 53 187 24
223 53 192 24
223 54 19 36
223 54 29 36
223 54 33 36
223 54 39 36
223 54 41 36
223 54 46 24
223 54 47 36
223 54 50 36
223 54 52 24
223 54 57 24
223 54 58 36
223 54 61 24
223 54 70 24
223 54 76 36
223 54 90 24
223 54 100 36
223 54 108 24
223 54 110 36
223 54 117 24
223 54 131 36
223 54 136 36
223 54 137 24
223 54 143 36
223 54 148 36
223 54 159 24
223 54 160 24
223 54 167 24
223 54 179 36
223 54 183 36
223 54 187 24
223 54 192 24
223 54 193 24
223 54 196 36
223 54 219 24
223 56 3 24
223 56 122 24
223 56 149 24
223 56 170 24
223 58 8 25
223 58 34 25
223 58 49 25
223 58 58 25
223 58 86 25
223 58 101 25
223 58 121 25
223 58 139 25
223 58 201 25
223 58 217 25
223 59 35 25
223 59 57 25
223 59 79 25
223 59 108 25
223 59 111 25
223 59 118 25
223 59 125 25
223 59 165 25
223 59 168 25
223 59 215 25
223 60 6 36
223 60 19 36
223 60 22 36
223 60 31 36
223 60 36 36
223 60 44 36
223 60 47 36
223 60 55 36
223 60 66 36
223 60 71 36
223 60 73 36
223 60 75 36
223 60 80 36
223 60 81 36
223 60 86 36
223 60 87 36
223 60 88 36
223 60 92 36
223 60 98 36
223 60 109 36
223 60 113 36
223 60 125 36
223 60 130 36
223 60 141 36
223 60 147 36
223 60 153 36
223 60 155 36
223 60 157 36
223 60 172 36
223 60 178 36
223 60 182 36
223 60 185 36
223 60 186 36
223 60 188 36
223 60 211 36
223 60 212 36
223 61 8 24
223 61 20 27
223 61 21 27
223 61 22 27
223 61 28 24
223 61 35 36
223 61 51 36
223 61 57 27
223 61 69 24
223 61 80 36
223 61 92 36
223 61 111 27
223 61 123 27
223 61 141 27
223 61 165 36
223 61 173 36
223 61 181 24
223 61 208 27
223 61 216 27
223 62 5 36
223 62 8 36
223 62 15 36
223 62 19 36
223 62 27 36
223 62 28 36
223 62 40 36
223 62 41 36
223 62 43 36
223 62 44 36
223 62 47 36
223 62 61 36
223 62 69 36
223 62 83 36
223 62 88 36
223 62 89 36
223 62 117 36
223 62 119 36
223 62 123 36
223 62 125 36
223 62 134 36
223 62 136 36
223 62 138 36
223 62 147 36
223 62 157 36
223 62 165 36
223 62 172 36
223 62 173 36
223 62 181 36
223 62 184 36
223 62 185 36
223 62 188 36
223 62 190 36
223 62 194 36
223 62 202 36
223 62 218 36
223 63 6 24
223 63 9 36
223 63 13 24
223 63 21 24
223 63 33 36
223 63 39 36
223 63 44 24
223 63 53 36
223 63 57 24
223 63 61 24
223 63 68 36
223 63 81 36
223 63 82 36
223 63 85 24
223 63 90 24
223 63 94 36
223 63 101 36
223 63 103 24
223 63 111 24
223 63 117 24
223 63 121 36
223 63 124 36
223 63 126 36
223 63 130 36
223 63 141 24
223 63 147 24
223 63 155 24
223 63 183 36
223 63 186 24
223 63 196 36
223 63 200 36
223 63 211 36
223 63 212 36
223 63 221 24
223 64 4 24
223 64 6 24
223 64 27 24
223 64 56 24
223 64 106 24
223 64 162 24
223 64 186 24
223 64 190 24
223 65 2 49
223 65 8 49
223 65 15 49
223 65 36 49
223 65 39 49
223 65 47 49
223 65 63 49
223 65 72 49
223 65 81 49
223 65 128 49
223 65 136 49
223 65 139 49
223 65 143 49
223 65 148 49
223 65 153 49
223 65 162 49
223 65 171 49
223 65 199 49
223 65 210 49
223 65 211 49
223 65 213 49
223 66 5 25
223 66 52 25
223 66 61 25
223 66 103 25
223 66 104 25
223 66 123 25
223 66 157 25
223 66 161 25
223 66 186 25
223 66 187 25
223 67 53 24
223 67 63 24
223 67 76 24
223 67 101 24
223 67 128 24
223 67 169 24
223 67 177 24
223 67 179 24
223 69 6 36
223 69 8 27
223 69 27 36
223 69 30 27
223 69 44 36
223 69 50 27
223 69 55 27
223 69 111 36
223 69 115 27
223 69 116 27
223 69 135 27
223 69 139 27
223 69 147 36
223 69 150 36
223 69 168 36
223 69 177 27
223 69 186 36
223 69 187 36
223 69 190 36
223 69 192 36
223 69 221 36
223 70 37 24
223 70 46 24
223 70 110 24
223 70 122 24
223 70 148 24
223 70 160 24
223 70 170 24
223 70 217 24
223 71 4 27
223 71 14 36
223 71 16 36
223 71 24 36
223 71 25 36
223 71 32 27
223 71 41 27
223 71 72 27
223 71 106 36
223 71 107 36
223 71 109 27
223 71 116 36
223 71 125 36
223 71 138 27
223 71 146 27
223 71 156 27
223 71 157 36
223 71 158 36
223 71 162 36
223 71 181 27
223 71 198 36
223 72 54 24
223 72 95 24
223 72 118 24
223 72 206 24
223 74 22 25
223 74 40 25
223 74 45 25
223 74 52 25
223 74 57 25
223 74 59 25
223 74 80 25
223 74 108 25
223 74 147 25
223 74 194 25
223 76 4 36
223 76 10 36
223 76 18 36
223 76 20 36
223 76 23 36
223 76 25 36
223 76 41 36
223 76 42 36
223 76 49 36
223 76 53 36
223 76 56 36
223 76 60 36
223 76 62 36
223 76 67 36
223 76 70 36
223 76 77 36
223 76 81 36
223 76 84 36
223 76 97 36
223 76 99 36
223 76 101 36
223 76 116 36
223 76 118 36
223 76 132 36
223 76 136 36
223 76 137 36
223 76 144 36
223 76 145 36
223 76 154 36
223 76 175 36
223 76 191 36
223 76 197 36
223 76 206 36
223 76 212 36
223 76 214 36
223 76 216 36
223 77 20 36
223 77 23 36
223 77 31 27
223 77 53 27
223 77 63 27
223 77 72 27
223 77 97 36
223 77 110 27
223 77 116 27
223 77 118 36
223 77 123 36
223 77 145 36
223 77 146 27
223 77 167 36
223 77 171 27
223 77 191 36
223 77 194 36
223 77 203 27
223 77 206 36
223 77 216 36
223 77 219 36
223 79 14 25
223 79 15 25
223 79 38 25
223 79 72 25
223 79 131 25
223 79 178 25
223 79 181 25
223 79 183 25
223 79 211 25
223 79 213 25
223 80 72 24
223 80 78 24
223 80 107 24
223 80 127 24
223 80 141 24
223 80 155 24
223 80 198 24
223 80 203 24
223 81 108 24
223 81 125 24
223 81 157 24
223 81 159 24
223 82 11 25
223 82 48 25
223 82 51 25
223 82 67 25
223 82 84 25
223 82 102 25
223 82 167 25
223 82 170 25
223 82 186 25
223 82 215 25
223 84 3 27
223 84 19 36
223 84 47 36
223 84 50 36
223 84 58 36
223 84 65 36
223 84 78 36
223 84 84 27
223 84 85 27
223 84 95 27
223 84 120 36
223 84 133 36
223 84 145 27
223 84 166 36
223 84 199 36
223 84 203 36
223 84 209 27
223 84 210 36
223 84 214 27
223 84 219 27
223 84 221 27
223 86 25 25
223 86 38 25
223 86 43 25
223 86 47 25
223 86 65 25
223 86 81 25
223 86 148 25
223 86 166 25
223 86 197 25
223 86 203 25
223 87 2 25
223 87 7 25
223 87 19 25
223 87 30 25
223 87 39 25
223 87 89 25
223 87 131 25
223 87 136 25
223 87 164 25
223 87 197 25
223 90 3 36
223 90 20 36
223 90 21 36
223 90 22 36
223 90 23 36
223 90 42 36
223 90 44 36
223 90 46 36
223 90 48 36
223 90 54 36
223 90 57 36
223 90 70 36
223 90 71 36
223 90 75 36
223 90 79 36
223 90 85 36
223 90 90 36
223 90 91 36
223 90 95 36
223 90 97 36
223 90 107 36
223 90 111 36
223 90 113 36
223 90 137 36
223 90 145 36
223 90 147 36
223 90 149 36
223 90 154 36
223 90 160 36
223 90 167 36
223 90 174 36
223 90 198 36
223 90 207 36
223 90 209 36
223 90 219 36
223 90 221 36
223 92 2 32
223 92 25 32
223 92 31 32
223 92 36 32
223 92 41 32
223 92 44 32
223 92 57 32
223 92 90 32
223 92 111 32
223 92 112 32
223 92 116 32
223 92 136 32
223 92 147 32
223 92 167 32
223 92 219 32
223 92 221 32
223 94 24 24
223 94 77 24
223 94 84 24
223 94 91 24
223 94 104 24
223 94 158 24
223 94 174 24
223 94 208 24
223 95 10 24
223 95 67 24
223 95 77 24
223 95 84 24
223 95 108 24
223 95 159 24
223 95 187 24
223 95 192 24
223 96 2 27
223 96 8 27
223 96 20 36
223 96 55 27
223 96 56 27
223 96 59 36
223 96 72 36
223 96 81 27
223 96 126 27
223 96 127 36
223 96 133 36
223 96 145 36
223 96 153 27
223 96 156 36
223 96 166 36
223 96 179 27
223 96 189 36
223 96 207 36
223 96 209 36
223 96 213 36
223 96 217 27
223 97 11 27
223 97 27 27
223 97 33 36
223 97 46 27
223 97 54 27
223 97 61 36
223 97 67 27
223 97 74 36
223 97 88 27
223 97 106 36
223 97 111 36
223 97 117 36
223 97 134 27
223 97 154 27
223 97 162 36
223 97 194 27
223 97 195 36
223 97 196 36
223 97 215 36
223 97 220 36
223 97 221 36
223 98 20 27
223 98 21 27
223 98 35 27
223 98 40 27
223 98 54 36
223 98 55 24
223 98 73 24
223 98 95 36
223 98 107 27
223 98 111 27
223 98 122 36
223 98 156 24
223 98 157 27
223 98 158 27
223 98 170 36
223 98 174 27
223 98 191 36
223 98 213 24
223 98 216 36
223 99 12 36
223 99 13 36
223 99 14 24
223 99 16 24
223 99 27 36
223 99 29 24
223 99 35 36
223 99 44 36
223 99 45 36
223 99 49 24
223 99 51 36
223 99 61 36
223 99 65 24
223 99 80 36
223 99 87 36
223 99 92 36
223 99 93 36
223 99 94 24
223 99 100 24
223 99 103 36
223 99 110 24
223 99 114 36
223 99 117 36
223 99 121 24
223 99 132 24
223 99 144 24
223 99 147 36
223 99 148 24
223 99 172 24
223 99 175 24
223 99 182 36
223 99 188 24
223 99 190 36
223 99 199 24
223 101 4 24
223 101 12 24
223 101 33 24
223 101 35 24
223 101 51 24
223 101 56 24
223 101 93 24
223 101 196 24
223 103 5 24
223 103 26 24
223 103 65 24
223 103 68 24
223 103 82 24
223 103 134 24
223 103 163 24
223 103 199 24
223 104 20 25
223 104 59 25
223 104 61 25
223 104 104 25
223 104 114 25
223 104 118 25
223 104 137 25
223 104 154 25
223 104 165 25
223 104 219 25
223 105 3 24
223 105 6 24
223 105 57 24
223 105 90 24
223 105 125 24
223 105 149 24
223 105 157 24
223 105 186 24
223 107 22 24
223 107 71 24
223 107 87 24
223 107 106 24
223 107 109 24
223 107 162 24
223 107 178 24
223 107 182 24
223 108 21 25
223 108 27 25
223 108 35 25
223 108 67 25
223 108 79 25
223 108 99 25
223 108 118 25
223 108 134 25
223 108 140 25
223 108 176 25
223 109 19 27
223 109 22 36
223 109 33 27
223 109 41 27
223 109 58 27
223 109 61 36
223 109 66 27
223 109 71 36
223 109 75 36
223 109 99 36
223 109 113 36
223 109 117 36
223 109 123 36
223 109 126 27
223 109 130 27
223 109 146 27
223 109 167 36
223 109 194 36
223 109 201 27
223 109 214 36
223 109 219 36
223 110 18 32
223 110 22 32
223 110 48 32
223 110 57 32
223 110 62 32
223 110 71 32
223 110 78 32
223 110 79 32
223 110 90 32
223 110 91 32
223 110 110 32
223 110 148 32
223 110 172 32
223 110 174 32
223 110 188 32
223 110 203 32
223 113 20 32
223 113 35 32
223 113 49 32
223 113 51 32
223 113 75 32
223 113 113 32
223 113 132 32
223 113 133 32
223 113 144 32
223 113 145 32
223 113 152 32
223 113 161 32
223 113 166 32
223 113 175 32
223 113 201 32
223 113 205 32
223 114 4 36
223 114 9 36
223 114 22 27
223 114 29 36
223 114 56 36
223 114 77 27
223 114 93 27
223 114 97 27
223 114 100 36
223 114 106 36
223 114 110 36
223 114 124 36
223 114 148 36
223 114 152 36
223 114 157 27
223 114 162 36
223 114 165 27
223 114 182 27
223 114 190 27
223 114 201 36
223 114 204 27
223 115 47 25
223 115 83 25
223 115 89 25
223 115 105 25
223 115 124 25
223 115 144 25
223 115 156 25
223 115 188 25
223 115 196 25
223 115 202 25
223 116 41 24
223 116 45 24
223 116 61 24
223 116 114 24
223 116 117 24
223 116 136 24
223 116 152 24
223 116 201 24
223 118 37 24
223 118 66 24
223 118 74 24
223 118 98 24
223 118 133 24
223 118 166 24
223 118 217 24
223 118 220 24
223 119 4 25
223 119 58 25
223 119 69 25
223 119 86 25
223 119 105 25
223 119 109 25
223 119 119 25
223 119 162 25
223 119 164 25
223 119 203 25
223 120 24 24
223 120 60 24
223 120 89 24
223 120 141 24
223 120 155 24
223 120 158 24
223 120 197 24
223 120 218 24
223 122 27 24
223 122 130 24
223 122 167 24
223 122 172 24
223 122 188 24
223 122 190 24
223 122 211 24
223 122 219 24
223 124 24 24
223 124 33 36
223 124 35 24
223 124 41 36
223 124 48 24
223 124 51 24
223 124 75 24
223 124 76 36
223 124 79 24
223 124 91 24
223 124 102 24
223 124 106 36
223 124 109 36
223 124 113 24
223 124 120 36
223 124 123 24
223 124 129 24
223 124 130 36
223 124 131 36
223 124 136 36
223 124 143 36
223 124 158 24
223 124 162 36
223 124 172 36
223 124 174 24
223 124 178 36
223 124 179 36
223 124 188 36
223 124 194 24
223 124 196 36
223 124 207 24
223 124 209 24
223 124 210 36
223 124 211 36
223 125 7 36
223 125 10 24
223 125 32 36
223 125 49 27
223 125 53 36
223 125 65 27
223 125 66 27
223 125 67 24
223 125 101 36
223 125 112 27
223 125 116 27
223 125 128 36
223 125 150 24
223 125 168 24
223 125 169 36
223 125 183 27
223 125 188 27
223 125 202 27
223 125 203 27
223 126 2 36
223 126 3 36
223 126 8 36
223 126 27 36
223 126 28 36
223 126 29 27
223 126 61 36
223 126 69 27
223 126 89 27
223 126 106 36
223 126 112 36
223 126 117 36
223 126 135 27
223 126 149 36
223 126 156 27
223 126 162 36
223 126 169 27
223 126 177 27
223 126 190 36
223 126 196 27
223 126 212 27
223 127 6 27
223 127 10 36
223 127 14 36
223 127 16 36
223 127 34 36
223 127 44 27
223 127 57 36
223 127 67 36
223 127 70 27
223 127 78 36
223 127 90 36
223 127 96 36
223 127 97 27
223 127 142 27
223 127 151 36
223 127 164 36
223 127 167 27
223 127 168 27
223 127 203 36
223 127 215 27
223 127 221 27
223 128 31 24
223 128 36 24
223 128 64 24
223 128 115 24
223 128 139 24
223 128 146 24
223 128 156 24
223 128 213 24
223 129 15 24
223 129 49 24
223 129 65 24
223 129 119 24
223 129 132 24
223 129 139 24
223 129 146 24
223 129 199 24
223 131 2 32
223 131 4 32
223 131 56 32
223 131 76 32
223 131 87 32
223 131 107 32
223 131 111 32
223 131 112 32
223 131 133 32
223 131 166 32
223 131 179 32
223 131 182 32
223 131 187 32
223 131 192 32
223 131 198 32
223 131 221 32
223 133 2 36
223 133 4 36
223 133 14 36
223 133 16 36
223 133 25 36
223 133 49 36
223 133 56 36
223 133 63 36
223 133 69 36
223 133 74 36
223 133 76 36
223 133 78 36
223 133 86 36
223 133 110 36
223 133 112 36
223 133 116 36
223 133 126 36
223 133 128 36
223 133 132 36
223 133 133 36
223 133 138 36
223 133 144 36
223 133 148 36
223 133 152 36
223 133 153 36
223 133 166 36
223 133 169 36
223 133 175 36
223 133 177 36
223 133 179 36
223 133 181 36
223 133 200 36
223 133 201 36
223 133 202 36
223 133 203 36
223 133 220 36
223 136 26 25
223 136 59 25
223 136 87 25
223 136 92 25
223 136 134 25
223 136 184 25
223 136 193 25
223 136 204 25
223 136 216 25
223 136 221 25
223 137 20 25
223 137 26 25
223 137 57 25
223 137 75 25
223 137 142 25
223 137 158 25
223 137 176 25
223 137 180 25
223 137 185 25
223 137 198 25
223 139 2 27
223 139 4 27
223 139 9 27
223 139 13 36
223 139 14 27
223 139 20 36
223 139 24 36
223 139 57 36
223 139 78 27
223 139 90 36
223 139 103 36
223 139 128 27
223 139 138 27
223 139 139 27
223 139 145 36
223 139 158 36
223 139 165 36
223 139 173 36
223 139 176 36
223 139 204 36
223 139 220 27
223 141 8 25
223 141 37 25
223 141 53 25
223 141 56 25
223 141 121 25
223 141 139 25
223 141 156 25
223 141 172 25
223 141 175 25
223 141 212 25
223 142 64 24
223 142 66 24
223 142 98 24
223 142 115 24
223 143 20 24
223 143 25 24
223 143 68 24
223 143 82 24
223 143 96 24
223 143 116 24
223 143 145 24
223 143 151 24
223 144 10 25
223 144 12 25
223 144 40 25
223 144 42 25
223 144 45 25
223 144 92 25
223 144 151 25
223 144 185 25
223 144 208 25
223 144 209 25
223 146 4 36
223 146 7 36
223 146 17 36
223 146 20 27
223 146 29 36
223 146 32 36
223 146 52 27
223 146 56 36
223 146 77 27
223 146 78 36
223 146 100 36
223 146 105 36
223 146 107 27
223 146 113 27
223 146 126 36
223 146 151 27
223 146 160 27
223 146 170 27
223 146 192 27
223 146 200 36
223 146 203 36
223 147 7 36
223 147 9 36
223 147 11 36
223 147 17 36
223 147 26 36
223 147 32 36
223 147 48 36
223 147 69 36
223 147 78 36
223 147 79 36
223 147 86 36
223 147 87 36
223 147 91 36
223 147 105 36
223 147 107 36
223 147 122 36
223 147 124 36
223 147 126 36
223 147 139 36
223 147 142 36
223 147 146 36
223 147 153 36
223 147 156 36
223 147 161 36
223 147 163 36
223 147 167 36
223 147 170 36
223 147 174 36
223 147 181 36
223 147 182 36
223 147 198 36
223 147 200 36
223 147 203 36
223 147 205 36
223 147 213 36
223 147 219 36
223 149 29 25
223 149 76 25
223 149 115 25
223 149 143 25
223 149 164 25
223 149 166 25
223 149 171 25
223 149 178 25
223 149 183 25
223 149 201 25
223 151 17 24
223 151 105 24
223 151 128 24
223 151 169 24
223 152 25 36
223 152 42 27
223 152 61 36
223 152 65 36
223 152 66 36
223 152 67 27
223 152 77 27
223 152 85 27
223 152 98 36
223 152 107 36
223 152 114 27
223 152 116 36
223 152 117 36
223 152 151 27
223 152 182 27
223 152 191 27
223 152 198 36
223 152 199 36
223 152 207 36
223 152 209 36
223 152 219 27
223 153 6 24
223 153 53 24
223 153 63 24
223 153 75 24
223 153 101 24
223 153 113 24
223 153 177 24
223 153 186 24
223 154 2 36
223 154 31 36
223 154 33 36
223 154 36 36
223 154 37 36
223 154 46 27
223 154 55 36
223 154 73 36
223 154 76 36
223 154 84 27
223 154 88 27
223 154 107 27
223 154 108 27
223 154 112 36
223 154 168 27
223 154 173 27
223 154 179 36
223 154 193 27
223 154 196 36
223 154 215 27
223 154 217 36
223 156 44 24
223 156 46 24
223 156 54 24
223 156 95 24
223 156 122 24
223 156 147 24
223 156 160 24
223 156 170 24
223 157 36 25
223 157 37 25
223 157 62 25
223 157 66 25
223 157 100 25
223 157 119 25
223 157 120 25
223 157 162 25
223 157 171 25
223 157 218 25
223 158 10 49
223 158 12 49
223 158 13 49
223 158 24 49
223 158 52 49
223 158 61 49
223 158 70 49
223 158 75 49
223 158 80 49
223 158 84 49
223 158 87 49
223 158 95 49
223 158 142 49
223 158 151 49
223 158 160 49
223 158 176 49
223 158 184 49
223 158 187 49
223 158 208 49
223 158 215 49
223 158 221 49
223 159 33 24
223 159 37 24
223 159 61 24
223 159 117 24
223 159 167 24
223 159 196 24
223 159 217 24
223 159 219 24
223 160 2 24
223 160 11 36
223 160 12 36
223 160 23 36
223 160 27 36
223 160 37 24
223 160 40 36
223 160 68 24
223 160 76 24
223 160 82 24
223 160 93 36
223 160 97 36
223 160 99 36
223 160 102 36
223 160 106 24
223 160 112 24
223 160 120 24
223 160 122 36
223 160 129 36
223 160 133 24
223 160 138 24
223 160 141 36
223 160 142 36
223 160 155 36
223 160 162 24
223 160 166 24
223 160 170 36
223 160 179 24
223 160 184 36
223 160 190 36
223 160 202 24
223 160 210 24
223 160 214 36
223 160 217 24
223 161 5 36
223 161 21 36
223 161 29 36
223 161 33 36
223 161 35 36
223 161 38 36
223 161 39 36
223 161 42 36
223 161 50 36
223 161 51 36
223 161 58 36
223 161 66 36
223 161 76 36
223 161 85 36
223 161 87 36
223 161 89 36
223 161 98 36
223 161 100 36
223 161 104 36
223 161 106 36
223 161 134 36
223 161 135 36
223 161 140 36
223 161 154 36
223 161 162 36
223 161 176 36
223 161 179 36
223 161 180 36
223 161 182 36
223 161 183 36
223 161 195 36
223 161 196 36
223 161 204 36
223 161 208 36
223 161 215 36
223 161 218 36
223 162 7 27
223 162 15 27
223 162 42 24
223 162 50 36
223 162 58 36
223 162 82 27
223 162 100 27
223 162 112 27
223 162 131 36
223 162 143 36
223 162 154 24
223 162 166 27
223 162 172 36
223 162 188 36
223 162 195 24
223 162 201 27
223 162 202 27
223 162 203 27
223 162 215 24
223 163 11 36
223 163 12 36
223 163 35 36
223 163 37 36
223 163 38 36
223 163 41 36
223 163 45 36
223 163 51 36
223 163 66 36
223 163 68 36
223 163 70 36
223 163 76 36
223 163 82 36
223 163 93 36
223 163 98 36
223 163 110 36
223 163 114 36
223 163 125 36
223 163 131 36
223 163 135 36
223 163 136 36
223 163 137 36
223 163 142 36
223 163 143 36
223 163 148 36
223 163 150 36
223 163 152 36
223 163 157 36
223 163 168 36
223 163 176 36
223 163 179 36
223 163 187 36
223 163 192 36
223 163 201 36
223 163 204 36
223 163 217 36
223 164 8 25
223 164 55 25
223 164 58 25
223 164 98 25
223 164 105 25
223 164 112 25
223 164 115 25
223 164 144 25
223 164 166 25
223 164 188 25
223 165 6 25
223 165 22 25
223 165 84 25
223 165 102 25
223 165 122 25
223 165 137 25
223 165 165 25
223 165 174 25
223 165 189 25
223 165 215 25
223 167 53 24
223 167 74 24
223 167 101 24
223 167 220 24
223 169 4 24
223 169 27 36
223 169 30 24
223 169 31 24
223 169 36 24
223 169 40 36
223 169 44 36
223 169 56 24
223 169 63 24
223 169 64 24
223 169 75 36
223 169 80 36
223 169 86 24
223 169 87 36
223 169 92 36
223 169 106 24
223 169 113 36
223 169 115 24
223 169 123 36
223 169 133 24
223 169 147 36
223 169 153 24
223 169 162 24
223 169 165 36
223 169 166 24
223 169 171 24
223 169 173 36
223 169 176 36
223 169 177 24
223 169 182 36
223 169 184 36
223 169 190 36
223 169 194 36
223 169 204 36
223 170 31 24
223 170 36 24
223 170 94 24
223 170 121 24
223 171 21 49
223 171 26 49
223 171 35 36
223 171 46 49
223 171 51 36
223 171 52 49
223 171 70 49
223 171 79 49
223 171 90 49
223 171 95 49
223 171 99 36
223 171 108 49
223 171 114 49
223 171 145 49
223 171 151 49
223 171 155 49
223 171 176 36
223 171 180 49
223 171 186 49
223 171 190 49
223 171 194 49
223 171 204 36
223 171 205 49
223 171 209 49
223 171 214 36
223 171 219 49
223 171 221 49
223 172 13 24
223 172 24 24
223 172 48 24
223 172 79 24
223 172 103 24
223 172 158 24
223 172 167 24
223 172 219 24
223 173 15 24
223 173 74 24
223 173 86 24
223 173 119 24
223 173 153 24
223 173 172 24
223 173 188 24
223 173 220 24
223 175 5 36
223 175 26 36
223 175 41 24
223 175 48 27
223 175 60 24
223 175 122 27
223 175 123 27
223 175 134 36
223 175 136 24
223 175 145 27
223 175 149 27
223 175 158 27
223 175 159 27
223 175 160 27
223 175 161 36
223 175 163 36
223 175 173 27
223 175 197 24
223 175 205 36
223 176 6 24
223 176 52 24
223 176 186 24
223 176 193 24
223 177 9 36
223 177 14 36
223 177 15 36
223 177 16 36
223 177 19 36
223 177 30 36
223 177 31 36
223 177 36 36
223 177 39 36
223 177 43 36
223 177 47 36
223 177 63 36
223 177 68 36
223 177 69 36
223 177 76 36
223 177 78 36
223 177 81 36
223 177 82 36
223 177 83 36
223 177 119 36
223 177 120 36
223 177 124 36
223 177 131 36
223 177 138 36
223 177 143 36
223 177 171 36
223 177 172 36
223 177 177 36
223 177 179 36
223 177 181 36
223 177 183 36
223 177 188 36
223 177 202 36
223 177 203 36
223 177 210 36
223 177 212 36
223 178 6 25
223 178 46 25
223 178 90 25
223 178 102 25
223 178 104 25
223 178 154 25
223 178 165 25
223 178 167 25
223 178 185 25
223 178 214 25
223 179 20 24
223 179 53 24
223 179 101 24
223 179 123 24
223 179 145 24
223 179 152 24
223 179 194 24
223 179 201 24
223 180 5 49
223 180 6 49
223 180 10 36
223 180 13 36
223 180 23 49
223 180 40 36
223 180 46 49
223 180 59 49
223 180 67 36
223 180 75 49
223 180 79 49
223 180 84 49
223 180 90 49
223 180 103 36
223 180 122 49
223 180 123 49
223 180 151 49
223 180 168 49
223 180 174 49
223 180 176 49
223 180 180 49
223 180 182 49
223 180 184 36
223 180 190 49
223 180 192 49
223 180 209 49
223 180 216 49
223 181 9 24
223 181 89 24
223 181 124 24
223 181 126 24
223 181 172 24
223 181 188 24
223 181 200 24
223 181 218 24
223 182 77 24
223 182 84 24
223 182 123 24
223 182 141 24
223 182 155 24
223 182 191 24
223 182 194 24
223 182 216 24
223 184 40 24
223 184 48 24
223 184 49 24
223 184 68 24
223 184 79 24
223 184 82 24
223 184 132 24
223 184 184 24
223 185 7 49
223 185 19 49
223 185 31 49
223 185 37 36
223 185 38 49
223 185 53 49
223 185 69 49
223 185 74 49
223 185 82 49
223 185 94 49
223 185 98 49
223 185 106 49
223 185 112 49
223 185 126 49
223 185 128 49
223 185 131 36
223 185 132 49
223 185 133 49
223 185 138 36
223 185 143 36
223 185 148 49
223 185 175 49
223 185 177 49
223 185 179 49
223 185 202 36
223 185 212 49
223 185 217 36
223 186 6 25
223 186 48 25
223 186 52 25
223 186 75 25
223 186 88 25
223 186 91 25
223 186 117 25
223 186 147 25
223 186 208 25
223 186 215 25
223 187 39 24
223 187 42 24
223 187 46 24
223 187 68 24
223 187 82 24
223 187 154 24
223 187 160 24
223 187 183 24
223 188 5 27
223 188 11 36
223 188 12 27
223 188 21 27
223 188 24 27
223 188 40 36
223 188 63 36
223 188 67 27
223 188 87 36
223 188 92 27
223 188 95 27
223 188 106 36
223 188 142 36
223 188 156 36
223 188 161 27
223 188 162 36
223 188 177 36
223 188 182 36
223 188 184 36
223 188 209 27
223 188 213 36
223 189 3 36
223 189 18 36
223 189 22 27
223 189 26 27
223 189 44 27
223 189 45 27
223 189 51 27
223 189 62 36
223 189 69 36
223 189 75 36
223 189 87 27
223 189 108 27
223 189 113 36
223 189 128 36
223 189 149 36
223 189 169 36
223 189 181 36
223 189 187 36
223 189 192 36
223 189 209 27
223 189 219 27
223 191 11 36
223 191 20 36
223 191 21 36
223 191 42 36
223 191 52 36
223 191 57 36
223 191 61 36
223 191 70 36
223 191 85 36
223 191 88 36
223 191 90 36
223 191 107 36
223 191 117 36
223 191 122 36
223 191 123 36
223 191 137 36
223 191 140 36
223 191 142 36
223 191 145 36
223 191 150 36
223 191 154 36
223 191 165 36
223 191 167 36
223 191 168 36
223 191 170 36
223 191 173 36
223 191 180 36
223 191 185 36
223 191 187 36
223 191 191 36
223 191 192 36
223 191 193 36
223 191 194 36
223 191 198 36
223 191 216 36
223 191 219 36
223 192 10 24
223 192 38 24
223 192 67 24
223 192 99 24
223 192 131 24
223 192 135 24
223 192 143 24
223 192 214 24
223 194 19 24
223 194 47 24
223 194 81 24
223 194 212 24
223 195 11 25
223 195 13 25
223 195 26 25
223 195 93 25
223 195 141 25
223 195 154 25
223 195 165 25
223 195 168 25
223 195 190 25
223 195 208 25
223 196 3 25
223 196 51 25
223 196 54 25
223 196 61 25
223 196 80 25
223 196 113 25
223 196 165 25
223 196 180 25
223 196 192 25
223 196 194 25
223 197 8 24
223 197 13 27
223 197 21 36
223 197 28 24
223 197 41 24
223 197 44 27
223 197 46 36
223 197 71 27
223 197 85 36
223 197 87 27
223 197 93 27
223 197 134 27
223 197 136 24
223 197 160 36
223 197 161 36
223 197 184 27
223 197 205 36
223 197 209 27
223 197 219 27
223 198 21 36
223 198 32 27
223 198 47 27
223 198 52 36
223 198 60 27
223 198 65 36
223 198 66 27
223 198 78 27
223 198 85 36
223 198 118 36
223 198 119 27
223 198 120 36
223 198 132 27
223 198 135 27
223 198 152 36
223 198 179 27
223 198 193 36
223 198 199 36
223 198 201 36
223 198 206 36
223 198 210 36
223 199 19 24
223 199 47 24
223 199 60 24
223 199 69 24
223 199 94 24
223 199 121 24
223 199 181 24
223 199 197 24
223 200 24 24
223 200 70 24
223 200 137 24
223 200 158 24
223 206 11 24
223 206 21 24
223 206 85 24
223 206 91 24
223 206 141 24
223 206 142 24
223 206 155 24
223 206 174 24
223 207 2 27
223 207 12 36
223 207 19 27
223 207 54 36
223 207 57 36
223 207 62 27
223 207 65 27
223 207 88 36
223 207 90 36
223 207 93 36
223 207 95 36
223 207 104 36
223 207 123 36
223 207 127 27
223 207 133 27
223 207 162 27
223 207 169 27
223 207 185 36
223 207 194 36
223 207 208 36
223 207 218 27
223 208 19 32
223 208 39 32
223 208 42 32
223 208 47 32
223 208 50 32
223 208 58 32
223 208 69 32
223 208 96 32
223 208 118 32
223 208 141 32
223 208 151 32
223 208 154 32
223 208 155 32
223 208 181 32
223 208 183 32
223 208 206 32
223 209 2 27
223 209 7 27
223 209 25 36
223 209 27 24
223 209 37 36
223 209 62 27
223 209 68 27
223 209 86 27
223 209 102 24
223 209 116 36
223 209 126 27
223 209 129 24
223 209 143 27
223 209 144 36
223 209 156 27
223 209 162 27
223 209 175 36
223 209 190 24
223 209 217 36
223 210 14 24
223 210 16 24
223 210 144 24
223 210 175 24
223 211 140 24
223 211 167 24
223 211 180 24
223 211 219 24
223 215 24 25
223 215 40 25
223 215 46 25
223 215 88 25
223 215 142 25
223 215 173 25
223 215 186 25
223 215 204 25
223 215 206 25
223 215 209 25
223 216 3 36
223 216 26 36
223 216 30 24
223 216 44 27
223 216 54 27
223 216 57 27
223 216 67 27
223 216 91 27
223 216 107 27
223 216 140 27
223 216 149 36
223 216 152 24
223 216 163 36
223 216 165 27
223 216 168 27
223 216 171 24
223 216 187 36
223 216 192 36
223 216 201 24
223 218 99 24
223 218 102 24
223 218 129 24
223 218 214 24
223 222 2 36
223 222 4 36
223 222 22 27
223 222 39 36
223 222 45 27
223 222 49 36
223 222 56 36
223 222 69 36
223 222 75 27
223 222 111 27
223 222 112 36
223 222 126 36
223 222 132 36
223 222 154 27
223 222 181 36
223 222 182 27
223 222 183 36
223 222 187 27
223 222 195 27
223 222 200 36
223 222 205 27
227 1 11 24
227 1 16 24
227 1 21 24
227 1 38 27
227 1 41 27
227 1 52 36
227 1 62 24
227 1 71 24
227 1 77 24
227 1 140 27
227 1 148 27
227 1 151 27
227 1 154 27
227 1 162 36
227 1 171 24
227 1 173 24
227 1 179 36
227 1 180 36
227 1 183 27
227 1 198 36
227 1 202 27
227 1 208 27
227 1 220 36
227 3 96 36
227 3 115 36
227 3 125 36
227 3 152 36
227 3 158 36
227 3 201 36
227 4 7 27
227 4 16 24
227 4 26 27
227 4 33 27
227 4 42 36
227 4 46 36
227 4 49 27
227 4 64 27
227 4 69 27
227 4 71 24
227 4 80 36
227 4 92 27
227 4 105 36
227 4 107 24
227 4 125 24
227 4 129 27
227 4 145 36
227 4 153 36
227 4 156 36
227 4 157 24
227 4 158 24
227 4 180 36
227 4 191 36
227 4 192 24
227 4 198 36
227 4 200 36
227 4 203 27
227 4 211 36
227 4 214 24
227 5 4 36
227 5 5 24
227 5 7 24
227 5 18 27
227 5 20 27
227 5 23 36
227 5 27 36
227 5 31 27
227 5 32 24
227 5 36 36
227 5 41 27
227 5 57 36
227 5 63 36
227 5 65 24
227 5 66 27
227 5 79 36
227 5 82 36
227 5 84 24
227 5 91 24
227 5 100 24
227 5 107 27
227 5 146 27
227 5 149 24
227 5 150 27
227 5 155 36
227 5 185 36
227 5 186 36
227 5 208 27
227 5 209 36
227 7 61 25
227 7 78 32
227 7 81 32
227 7 83 25
227 7 87 32
227 7 106 25
227 7 114 25
227 7 121 32
227 7 126 25
227 7 127 25
227 7 137 25
227 7 167 32
227 7 178 25
227 7 180 25
227 7 195 32
227 7 197 25
227 7 212 32
227 7 213 32
227 8 24 32
227 8 42 32
227 8 115 32
227 8 123 32
227 8 152 32
227 8 180 32
227 8 198 32
227 8 200 32
227 9 3 24
227 9 7 36
227 9 11 27
227 9 13 36
227 9 19 27
227 9 27 36
227 9 28 27
227 9 35 36
227 9 48 24
227 9 49 24
227 9 65 36
227 9 76 24
227 9 77 27
227 9 81 36
227 9 85 24
227 9 94 36
227 9 113 27
227 9 119 36
227 9 124 36
227 9 128 36
227 9 131 27
227 9 139 24
227 9 166 27
227 9 172 27
227 9 175 24
227 9 185 36
227 9 189 27
227 9 213 36
227 9 219 24
227 10 7 27
227 10 15 24
227 10 24 24
227 10 57 27
227 10 69 27
227 10 79 27
227 10 85 27
227 10 95 24
227 10 104 36
227 10 106 24
227 10 109 27
227 10 113 27
227 10 121 27
227 10 123 24
227 10 136 36
227 10 145 24
227 10 176 27
227 10 184 24
227 10 191 24
227 10 192 36
227 10 203 36
227 10 214 36
227 10 222 36
227 12 43 36
227 12 49 36
227 12 113 36
227 12 132 36
227 12 139 36
227 12 225 36
227 14 13 36
227 14 23 27
227 14 30 27
227 14 33 36
227 14 35 36
227 14 36 27
227 14 47 27
227 14 48 27
227 14 51 36
227 14 63 27
227 14 69 27
227 14 70 24
227 14 85 24
227 14 87 24
227 14 88 36
227 14 89 24
227 14 92 36
227 14 116 36
227 14 120 24
227 14 132 27
227 14 133 27
227 14 138 36
227 14 167 24
227 14 172 36
227 14 176 24
227 14 178 36
227 14 182 36
227 14 190 36
227 14 219 24
227 17 2 32
227 17 39 32
227 17 114 32
227 17 119 32
227 17 124 32
227 17 163 32
227 17 165 32
227 17 216 32
227 18 11 36
227 18 28 36
227 18 62 36
227 18 73 36
227 18 189 36
227 18 221 36
227 19 3 32
227 19 29 32
227 19 47 32
227 19 76 32
227 19 122 32
227 19 136 32
227 19 147 32
227 19 222 32
227 20 7 32
227 20 8 25
227 20 10 32
227 20 18 25
227 20 20 25
227 20 28 32
227 20 30 32
227 20 32 25
227 20 35 25
227 20 43 32
227 20 48 32
227 20 53 32
227 20 65 32
227 20 67 25
227 20 73 32
227 20 87 32
227 20 132 32
227 20 151 25
227 20 152 25
227 20 155 32
227 20 159 32
227 20 167 32
227 20 175 32
227 20 186 32
227 20 204 25
227 20 215 25
227 21 9 24
227 21 12 36
227 21 19 36
227 21 23 36
227 21 33 36
227 21 48 36
227 21 50 24
227 21 60 24
227 21 64 36
227 21 69 24
227 21 79 36
227 21 80 27
227 21 91 27
227 21 101 24
227 21 102 24
227 21 106 27
227 21 140 24
227 21 149 27
227 21 152 27
227 21 155 36
227 21 168 24
227 21 172 36
227 21 174 27
227 21 175 36
227 21 186 36
227 21 188 36
227 21 191 27
227 21 204 27
227 21 218 27
227 22 8 36
227 22 9 27
227 22 16 27
227 22 19 27
227 22 26 24
227 22 27 27
227 22 46 36
227 22 55 36
227 22 58 24
227 22 66 24
227 22 86 24
227 22 92 27
227 22 104 27
227 22 121 24
227 22 122 27
227 22 131 24
227 22 137 24
227 22 142 36
227 22 148 36
227 22 153 36
227 22 155 27
227 22 162 36
227 22 165 36
227 22 188 27
227 22 194 36
227 22 204 36
227 22 212 24
227 22 216 36
227 22 220 36
227 24 5 24
227 24 6 24
227 24 9 27
227 24 29 36
227 24 38 24
227 24 47 36
227 24 62 27
227 24 64 36
227 24 70 27
227 24 76 27
227 24 91 24
227 24 97 36
227 24 99 27
227 24 110 36
227 24 136 27
227 24 144 27
227 24 151 24
227 24 165 24
227 24 188 36
227 24 190 27
227 24 192 27
227 24 216 24
227 24 224 24
227 25 7 32
227 25 20 32
227 25 26 32
227 25 32 25
227 25 40 32
227 25 41 25
227 25 65 32
227 25 80 32
227 25 94 25
227 25 95 32
227 25 105 32
227 25 127 25
227 25 131 32
227 25 137 25
227 25 155 32
227 25 162 25
227 25 165 25
227 25 174 32
227 25 184 32
227 25 186 32
227 25 187 25
227 25 193 32
227 25 197 32
227 25 210 32
227 25 217 25
227 25 223 25
227 27 3 24
227 27 9 24
227 27 25 27
227 27 27 36
227 27 47 27
227 27 58 36
227 27 61 36
227 27 67 36
227 27 74 24
227 27 76 24
227 27 90 27
227 27 92 36
227 27 97 36
227 27 101 24
227 27 108 27
227 27 110 36
227 27 122 27
227 27 134 27
227 27 137 36
227 27 145 36
227 27 159 27
227 27 161 27
227 27 181 24
227 27 185 36
227 27 189 27
227 27 190 36
227 27 191 36
227 27 192 24
227 27 214 24
227 33 24 36
227 33 37 24
227 33 55 36
227 33 68 36
227 33 69 36
227 33 74 36
227 33 92 36
227 33 98 24
227 33 102 36
227 33 119 24
227 33 123 36
227 33 124 24
227 33 135 24
227 33 140 27
227 33 146 27
227 33 148 27
227 33 162 24
227 33 163 27
227 33 170 27
227 33 178 27
227 33 179 27
227 33 181 36
227 33 183 24
227 33 190 36
227 33 191 27
227 33 194 36
227 33 208 27
227 33 217 36
227 33 220 24
227 34 8 27
227 34 12 24
227 34 19 24
227 34 20 36
227 34 46 36
227 34 51 36
227 34 67 27
227 34 75 24
227 34 87 24
227 34 112 24
227 34 113 24
227 34 114 27
227 34 138 36
227 34 145 27
227 34 149 27
227 34 153 36
227 34 164 27
227 34 167 24
227 34 183 27
227 34 193 36
227 34 194 27
227 34 218 27
227 34 225 24
227 38 2 25
227 38 6 32
227 38 17 25
227 38 22 25
227 38 27 32
227 38 38 32
227 38 41 25
227 38 46 32
227 38 77 32
227 38 78 32
227 38 94 32
227 38 117 25
227 38 121 32
227 38 128 32
227 38 146 25
227 38 151 32
227 38 153 32
227 38 158 25
227 38 170 25
227 38 171 32
227 38 179 25
227 38 185 32
227 38 194 25
227 38 195 32
227 38 212 32
227 38 224 32
227 40 13 32
227 40 19 25
227 40 21 25
227 40 29 25
227 40 35 32
227 40 41 32
227 40 44 25
227 40 50 32
227 40 57 25
227 40 70 25
227 40 72 32
227 40 74 32
227 40 92 32
227 40 116 32
227 40 126 32
227 40 155 32
227 40 168 32
227 40 175 25
227 40 181 32
227 40 182 32
227 40 186 32
227 40 190 32
227 40 196 25
227 40 209 25
227 40 214 25
227 40 218 32
227 41 2 27
227 41 5 36
227 41 15 27
227 41 42 27
227 41 46 27
227 41 56 36
227 41 66 36
227 41 70 24
227 41 85 24
227 41 86 36
227 41 91 36
227 41 93 27
227 41 111 27
227 41 120 24
227 41 122 24
227 41 146 27
227 41 147 24
227 41 150 36
227 41 155 24
227 41 168 27
227 41 186 24
227 41 201 27
227 41 219 24
227 44 10 27
227 44 21 27
227 44 22 36
227 44 25 24
227 44 26 24
227 44 31 36
227 44 32 36
227 44 42 36
227 44 52 36
227 44 59 27
227 44 64 27
227 44 68 36
227 44 83 24
227 44 84 27
227 44 93 24
227 44 109 24
227 44 131 24
227 44 133 27
227 44 148 36
227 44 149 36
227 44 167 27
227 44 176 27
227 44 179 36
227 44 200 36
227 44 204 36
227 44 208 24
227 44 215 24
227 44 217 36
227 44 219 27
227 47 4 25
227 47 11 25
227 47 17 32
227 47 54 32
227 47 71 25
227 47 88 32
227 47 89 25
227 47 109 25
227 47 162 32
227 47 167 25
227 47 169 25
227 47 175 25
227 47 178 32
227 47 186 25
227 47 187 32
227 47 190 25
227 47 206 32
227 47 220 32
227 48 2 25
227 48 4 32
227 48 37 25
227 48 44 32
227 48 57 32
227 48 64 32
227 48 77 32
227 48 80 25
227 48 97 32
227 48 110 32
227 48 111 25
227 48 113 32
227 48 117 25
227 48 129 32
227 48 145 25
227 48 149 25
227 48 152 25
227 48 160 32
227 48 166 32
227 48 171 32
227 48 188 32
227 48 196 32
227 48 198 25
227 48 205 32
227 48 216 25
227 48 225 32
227 49 24 36
227 49 80 36
227 49 105 36
227 49 117 36
227 49 123 36
227 49 130 36
227 51 2 36
227 51 25 27
227 51 28 24
227 51 33 27
227 51 40 36
227 51 44 24
227 51 48 27
227 51 49 36
227 51 54 36
227 51 73 24
227 51 81 24
227 51 87 27
227 51 88 36
227 51 102 27
227 51 104 27
227 51 114 36
227 51 116 27
227 51 129 24
227 51 134 36
227 51 139 36
227 51 144 36
227 51 160 24
227 51 166 24
227 51 178 36
227 51 185 27
227 51 192 27
227 51 206 36
227 51 210 36
227 51 213 24
227 52 4 27
227 52 21 27
227 52 34 24
227 52 60 36
227 52 68 36
227 52 71 27
227 52 76 27
227 52 77 27
227 52 90 27
227 52 108 27
227 52 112 27
227 52 115 36
227 52 117 24
227 52 125 36
227 52 126 36
227 52 130 24
227 52 140 36
227 52 152 36
227 52 158 36
227 52 160 24
227 52 162 36
227 52 165 24
227 52 166 24
227 52 172 27
227 52 207 24
227 52 216 24
227 52 217 36
227 52 218 36
227 52 220 36
227 54 20 24
227 54 37 27
227 54 43 36
227 54 46 24
227 54 50 27
227 54 66 27
227 54 68 24
227 54 75 36
227 54 96 27
227 54 112 36
227 54 115 36
227 54 116 36
227 54 132 36
227 54 137 27
227 54 149 27
227 54 152 36
227 54 153 24
227 54 156 36
227 54 162 24
227 54 165 36
227 54 179 27
227 54 182 36
227 54 184 27
227 54 187 27
227 54 193 24
227 54 211 36
227 54 216 36
227 54 217 24
227 54 220 24
227 57 5 36
227 57 9 24
227 57 15 27
227 57 35 27
227 57 39 27
227 57 40 24
227 57 52 27
227 57 77 24
227 57 91 36
227 57 98 36
227 57 101 24
227 57 104 24
227 57 128 27
227 57 146 27
227 57 165 36
227 57 171 24
227 57 183 36
227 57 200 27
227 57 201 27
227 57 202 27
227 57 203 24
227 57 210 24
227 57 216 36
227 59 58 36
227 59 127 36
227 59 137 36
227 59 143 36
227 59 174 36
227 59 197 36
227 60 25 32
227 60 30 32
227 60 40 32
227 60 53 32
227 60 89 32
227 60 109 32
227 60 176 32
227 60 210 32
227 64 15 36
227 64 95 36
227 64 106 36
227 64 115 36
227 64 152 36
227 64 184 36
227 65 6 36
227 65 14 36
227 65 38 36
227 65 146 36
227 65 148 36
227 65 204 36
227 66 10 36
227 66 74 36
227 66 159 36
227 66 160 36
227 66 166 36
227 66 181 36
227 67 3 36
227 67 5 27
227 67 13 27
227 67 25 36
227 67 28 36
227 67 36 24
227 67 44 36
227 67 73 36
227 67 76 36
227 67 80 24
227 67 81 24
227 67 82 24
227 67 105 24
227 67 107 24
227 67 109 36
227 67 116 36
227 67 125 27
227 67 129 36
227 67 134 36
227 67 144 36
227 67 152 27
227 67 157 24
227 67 164 27
227 67 170 27
227 67 178 27
227 67 182 36
227 67 184 27
227 67 213 24
227 67 218 27
227 68 23 32
227 68 30 32
227 68 33 32
227 68 53 32
227 68 79 32
227 68 81 32
227 68 172 32
227 68 213 32
227 69 7 27
227 69 12 27
227 69 32 24
227 69 33 36
227 69 40 27
227 69 42 24
227 69 46 24
227 69 81 27
227 69 103 36
227 69 108 36
227 69 109 27
227 69 110 27
227 69 121 27
227 69 141 27
227 69 149 24
227 69 151 24
227 69 153 24
227 69 172 36
227 69 173 27
227 69 192 36
227 69 200 24
227 69 214 36
227 69 224 24
227 70 5 36
227 70 20 24
227 70 27 24
227 70 33 27
227 70 36 27
227 70 37 24
227 70 75 27
227 70 79 27
227 70 80 36
227 70 85 27
227 70 91 36
227 70 103 24
227 70 105 36
227 70 108 24
227 70 115 36
227 70 116 27
227 70 117 36
227 70 130 36
227 70 134 27
227 70 135 24
227 70 152 36
227 70 156 36
227 70 167 27
227 70 170 36
227 70 185 24
227 70 193 24
227 70 211 36
227 70 221 27
227 70 223 36
227 72 9 27
227 72 10 24
227 72 16 27
227 72 28 36
227 72 32 36
227 72 36 27
227 72 39 36
227 72 48 24
227 72 51 36
227 72 69 27
227 72 73 36
227 72 74 27
227 72 81 36
227 72 90 27
227 72 99 36
227 72 113 24
227 72 116 24
227 72 133 36
227 72 138 36
227 72 149 36
227 72 159 24
227 72 163 36
227 72 175 24
227 72 182 24
227 72 185 27
227 72 205 27
227 72 213 36
227 72 221 27
227 72 225 24
227 74 13 32
227 74 14 32
227 74 35 32
227 74 56 32
227 74 118 32
227 74 146 32
227 74 150 32
227 74 202 32
227 75 4 36
227 75 25 27
227 75 26 24
227 75 34 27
227 75 36 24
227 75 49 27
227 75 52 36
227 75 57 36
227 75 58 36
227 75 63 36
227 75 73 27
227 75 74 36
227 75 78 27
227 75 82 24
227 75 94 36
227 75 97 24
227 75 99 24
227 75 110 24
227 75 113 27
227 75 128 36
227 75 129 27
227 75 131 24
227 75 133 24
227 75 137 36
227 75 167 27
227 75 179 36
227 75 181 36
227 75 186 27
227 75 209 36
227 77 19 27
227 77 25 24
227 77 30 36
227 77 44 27
227 77 53 36
227 77 54 36
227 77 64 36
227 77 70 27
227 77 81 27
227 77 87 27
227 77 97 27
227 77 104 24
227 77 109 24
227 77 113 36
227 77 121 24
227 77 145 36
227 77 151 36
227 77 155 24
227 77 169 27
227 77 185 27
227 77 186 24
227 77 188 36
227 77 190 27
227 77 191 36
227 77 203 24
227 77 206 36
227 77 212 24
227 77 224 36
227 77 225 36
227 79 12 24
227 79 15 27
227 79 18 24
227 79 19 24
227 79 36 36
227 79 70 36
227 79 77 24
227 79 80 27
227 79 81 36
227 79 82 36
227 79 88 27
227 79 116 36
227 79 120 36
227 79 123 27
227 79 124 27
227 79 142 27
227 79 153 27
227 79 156 24
227 79 160 36
227 79 164 24
227 79 166 36
227 79 171 24
227 79 182 36
227 79 189 36
227 79 211 24
227 79 213 36
227 79 217 27
227 79 221 36
227 79 223 27
227 82 2 24
227 82 3 27
227 82 9 36
227 82 15 24
227 82 22 24
227 82 31 24
227 82 77 27
227 82 99 36
227 82 101 36
227 82 102 27
227 82 106 24
227 82 114 24
227 82 131 27
227 82 133 36
227 82 148 24
227 82 160 36
227 82 166 36
227 82 175 27
227 82 176 27
227 82 196 27
227 82 204 24
227 82 214 27
227 82 222 27
227 83 7 36
227 83 29 27
227 83 36 24
227 83 59 27
227 83 65 36
227 83 69 27
227 83 75 36
227 83 82 24
227 83 87 36
227 83 104 24
227 83 112 36
227 83 113 24
227 83 117 36
227 83 125 36
227 83 129 27
227 83 130 36
227 83 136 27
227 83 139 27
227 83 158 36
227 83 162 36
227 83 166 27
227 83 167 36
227 83 175 27
227 83 189 24
227 83 203 24
227 83 207 27
227 83 220 36
227 83 221 24
227 83 225 24
227 85 8 24
227 85 9 36
227 85 27 27
227 85 32 24
227 85 33 36
227 85 34 36
227 85 37 24
227 85 43 27
227 85 46 24
227 85 47 27
227 85 70 27
227 85 71 27
227 85 101 36
227 85 102 27
227 85 103 27
227 85 134 27
227 85 135 24
227 85 142 24
227 85 149 24
227 85 153 24
227 85 172 36
227 85 188 27
227 85 207 36
227 87 9 24
227 87 28 27
227 87 33 27
227 87 39 36
227 87 40 36
227 87 49 27
227 87 50 36
227 87 78 36
227 87 85 24
227 87 92 24
227 87 98 36
227 87 101 24
227 87 104 27
227 87 122 36
227 87 134 24
227 87 144 24
227 87 147 36
227 87 159 27
227 87 163 36
227 87 166 27
227 87 168 36
227 87 183 36
227 87 189 27
227 87 190 24
227 87 195 36
227 87 196 27
227 87 209 27
227 87 210 36
227 87 219 24
227 88 10 24
227 88 24 27
227 88 45 27
227 88 48 24
227 88 56 27
227 88 58 27
227 88 66 36
227 88 80 36
227 88 86 36
227 88 87 24
227 88 98 27
227 88 105 36
227 88 107 36
227 88 114 27
227 88 138 27
227 88 140 27
227 88 149 27
227 88 157 36
227 88 159 24
227 88 167 24
227 88 175 24
227 88 196 24
227 88 205 24
227 90 12 36
227 90 19 36
227 90 34 36
227 90 39 24
227 90 53 27
227 90 55 24
227 90 76 27
227 90 108 27
227 90 110 27
227 90 119 24
227 90 120 27
227 90 121 36
227 90 124 24
227 90 136 27
227 90 160 27
227 90 162 24
227 90 163 24
227 90 173 27
227 90 177 27
227 90 194 24
227 90 207 36
227 90 212 36
227 90 220 24
227 92 7 36
227 92 9 36
227 92 64 36
227 92 65 36
227 92 101 36
227 92 188 36
227 93 17 36
227 93 18 36
227 93 20 36
227 93 26 27
227 93 48 27
227 93 74 27
227 93 92 24
227 93 95 24
227 93 98 36
227 93 104 27
227 93 110 27
227 93 126 36
227 93 136 24
227 93 164 36
227 93 166 27
227 93 172 27
227 93 174 36
227 93 180 24
227 93 183 36
227 93 184 24
227 93 187 36
227 93 190 24
227 93 193 36
227 93 197 36
227 93 198 24
227 93 210 27
227 93 218 36
227 93 221 27
227 93 222 24
227 96 15 25
227 96 21 32
227 96 36 32
227 96 37 25
227 96 51 25
227 96 55 25
227 96 61 25
227 96 64 32
227 96 70 32
227 96 82 32
227 96 89 32
227 96 93 25
227 96 116 32
227 96 120 32
227 96 125 25
227 96 134 32
227 96 144 32
227 96 153 25
227 96 155 32
227 96 173 32
227 96 176 32
227 96 178 25
227 96 182 32
227 96 186 32
227 96 188 32
227 96 224 25
227 97 7 27
227 97 9 36
227 97 15 24
227 97 21 27
227 97 33 27
227 97 47 27
227 97 80 24
227 97 90 36
227 97 99 27
227 97 101 36
227 97 103 36
227 97 105 24
227 97 106 24
227 97 108 36
227 97 112 27
227 97 118 24
227 97 147 27
227 97 169 36
227 97 170 24
227 97 192 27
227 97 202 24
227 97 222 27
227 97 223 24
227 98 14 32
227 98 21 25
227 98 26 25
227 98 51 32
227 98 57 25
227 98 71 25
227 98 78 25
227 98 99 25
227 98 113 25
227 98 118 32
227 98 138 32
227 98 141 25
227 98 146 32
227 98 155 25
227 98 159 25
227 98 170 32
227 98 202 32
227 98 223 32
227 99 14 27
227 99 33 24
227 99 40 24
227 99 42 27
227 99 46 24
227 99 49 36
227 99 51 27
227 99 58 27
227 99 64 36
227 99 103 36
227 99 108 36
227 99 116 36
227 99 119 27
227 99 139 36
227 99 153 24
227 99 160 36
227 99 162 24
227 99 166 36
227 99 172 24
227 99 182 36
227 99 188 36
227 99 196 36
227 99 205 36
227 99 210 24
227 99 215 27
227 99 217 27
227 99 218 27
227 99 220 24
227 99 224 27
227 100 4 36
227 100 7 27
227 100 15 24
227 100 19 27
227 100 24 24
227 100 29 27
227 100 43 36
227 100 57 36
227 100 59 27
227 100 60 24
227 100 77 27
227 100 84 27
227 100 106 24
227 100 116 36
227 100 123 24
227 100 132 36
227 100 140 24
227 100 170 24
227 100 172 27
227 100 182 36
227 100 190 27
227 100 205 27
227 100 223 24
227 101 4 36
227 101 9 36
227 101 18 27
227 101 23 24
227 101 40 36
227 101 55 27
227 101 57 36
227 101 58 24
227 101 64 36
227 101 79 24
227 101 83 27
227 101 87 36
227 101 95 27
227 101 96 24
227 101 101 36
227 101 114 27
227 101 121 24
227 101 122 36
227 101 124 27
227 101 137 24
227 101 147 36
227 101 156 27
227 101 167 36
227 101 178 27
227 101 188 36
227 101 201 24
227 101 204 27
227 101 210 36
227 101 212 24
227 106 4 24
227 106 7 36
227 106 12 36
227 106 16 36
227 106 19 36
227 106 21 24
227 106 32 27
227 106 57 24
227 106 63 36
227 106 65 36
227 106 71 36
227 106 77 36
227 106 94 24
227 106 96 24
227 106 128 24
227 106 138 27
227 106 145 27
227 106 152 27
227 106 157 27
227 106 158 27
227 106 164 27
227 106 171 36
227 106 173 24
227 106 192 36
227 106 194 27
227 106 199 27
227 106 201 24
227 106 209 36
227 106 214 36
227 108 3 32
227 108 36 32
227 108 76 32
227 108 82 32
227 108 90 32
227 108 92 32
227 108 169 32
227 108 190 32
227 111 10 36
227 111 12 24
227 111 19 24
227 111 23 27
227 111 25 24
227 111 28 27
227 111 36 24
227 111 58 36
227 111 60 36
227 111 64 27
227 111 75 27
227 111 82 24
227 111 90 24
227 111 96 36
227 111 99 27
227 111 101 27
227 111 109 24
227 111 113 36
227 111 137 36
227 111 140 36
227 111 155 36
227 111 159 36
227 111 161 27
227 111 169 24
227 111 171 27
227 111 177 27
227 111 186 36
227 111 201 36
227 111 225 36
227 113 2 36
227 113 5 24
227 113 13 24
227 113 25 36
227 113 35 24
227 113 42 27
227 113 61 36
227 113 67 36
227 113 86 27
227 113 87 36
227 113 91 24
227 113 99 36
227 113 107 27
227 113 109 36
227 113 111 27
227 113 114 36
227 113 115 27
227 113 125 24
227 113 126 24
227 113 127 27
227 113 133 36
227 113 146 27
227 113 158 24
227 113 167 36
227 113 180 36
227 113 194 27
227 113 198 36
227 113 218 24
227 113 223 27
227 114 4 27
227 114 9 24
227 114 29 36
227 114 33 27
227 114 47 36
227 114 60 36
227 114 69 24
227 114 81 27
227 114 94 36
227 114 100 27
227 114 101 24
227 114 102 24
227 114 112 27
227 114 113 36
227 114 116 27
227 114 118 36
227 114 120 27
227 114 128 36
227 114 136 24
227 114 140 36
227 114 141 27
227 114 160 36
227 114 166 36
227 114 185 27
227 114 192 24
227 114 202 36
227 114 214 24
227 114 222 24
227 114 225 36
227 116 2 36
227 116 26 36
227 116 41 36
227 116 50 27
227 116 56 27
227 116 58 24
227 116 66 27
227 116 68 36
227 116 72 36
227 116 87 36
227 116 90 36
227 116 114 36
227 116 118 24
227 116 126 27
227 116 128 27
227 116 131 36
227 116 137 24
227 116 145 24
227 116 152 27
227 116 163 27
227 116 167 36
227 116 169 36
227 116 191 24
227 116 199 27
227 116 202 24
227 116 204 27
227 116 208 24
227 116 215 24
227 116 217 36
227 119 37 32
227 119 58 32
227 119 135 32
227 119 137 32
227 119 145 32
227 119 151 32
227 119 191 32
227 119 224 32
227 121 13 36
227 121 18 36
227 121 26 24
227 121 28 27
227 121 33 27
227 121 35 36
227 121 54 24
227 121 56 36
227 121 63 27
227 121 69 27
227 121 70 27
227 121 75 27
227 121 82 27
227 121 89 27
227 121 99 24
227 121 131 24
227 121 133 24
227 121 150 36
227 121 156 36
227 121 162 36
227 121 164 36
227 121 170 24
227 121 195 27
227 121 206 24
227 121 208 36
227 121 211 36
227 121 215 36
227 121 220 36
227 121 223 24
227 126 15 24
227 126 17 36
227 126 23 27
227 126 26 24
227 126 39 36
227 126 49 27
227 126 60 36
227 126 71 27
227 126 80 36
227 126 90 24
227 126 103 27
227 126 105 36
227 126 106 24
227 126 113 27
227 126 126 36
227 126 131 24
227 126 132 27
227 126 140 36
227 126 144 27
227 126 148 24
227 126 163 36
227 126 169 24
227 126 170 36
227 126 172 27
227 126 187 36
227 126 204 24
227 126 209 27
227 126 218 36
227 126 223 36
227 127 4 24
227 127 22 27
227 127 37 27
227 127 45 36
227 127 55 27
227 127 57 24
227 127 87 24
227 127 95 36
227 127 104 24
227 127 111 36
227 127 121 24
227 127 143 27
227 127 150 27
227 127 167 24
227 127 168 27
227 127 170 36
227 127 184 36
227 127 198 27
227 127 203 24
227 127 208 27
227 127 212 24
227 127 220 27
227 127 223 36
227 128 3 27
227 128 7 24
227 128 9 27
227 128 10 27
227 128 12 27
227 128 17 24
227 128 22 36
227 128 31 36
227 128 39 36
227 128 45 36
227 128 55 24
227 128 61 36
227 128 65 24
227 128 67 36
227 128 74 24
227 128 88 36
227 128 108 27
227 128 111 36
227 128 119 36
227 128 124 36
227 128 163 36
227 128 169 27
227 128 176 27
227 128 178 36
227 128 181 24
227 128 185 27
227 128 187 24
227 128 194 24
227 128 213 27
227 129 4 32
227 129 25 32
227 129 57 32
227 129 68 25
227 129 72 25
227 129 81 32
227 129 86 25
227 129 89 32
227 129 109 32
227 129 114 25
227 129 128 25
227 129 149 25
227 129 156 25
227 129 170 25
227 129 176 32
227 129 201 25
227 129 206 25
227 129 213 32
227 130 4 24
227 130 5 27
227 130 25 24
227 130 35 27
227 130 57 24
227 130 58 36
227 130 80 27
227 130 109 24
227 130 115 27
227 130 119 36
227 130 121 24
227 130 122 24
227 130 124 36
227 130 126 36
227 130 128 27
227 130 137 36
227 130 147 24
227 130 180 27
227 130 194 27
227 130 206 27
227 130 212 24
227 130 218 36
227 130 220 27
227 131 3 25
227 131 39 32
227 131 41 32
227 131 45 32
227 131 49 25
227 131 51 32
227 131 54 32
227 131 72 32
227 131 74 25
227 131 83 32
227 131 93 32
227 131 102 25
227 131 107 32
227 131 111 32
227 131 134 25
227 131 138 32
227 131 145 32
227 131 157 32
227 131 163 32
227 131 166 25
227 131 172 25
227 131 176 25
227 131 190 25
227 131 191 32
227 131 206 32
227 131 212 25
227 134 5 24
227 134 6 27
227 134 9 36
227 134 17 27
227 134 29 24
227 134 30 36
227 134 34 36
227 134 37 24
227 134 40 36
227 134 43 24
227 134 44 36
227 134 47 24
227 134 53 36
227 134 55 27
227 134 61 27
227 134 63 36
227 134 91 24
227 134 101 36
227 134 117 27
227 134 123 27
227 134 129 36
227 134 132 24
227 134 135 24
227 134 153 27
227 134 179 27
227 134 201 27
227 134 207 36
227 134 209 36
227 134 210 36
227 135 39 36
227 135 126 36
227 135 162 36
227 135 163 36
227 135 218 36
227 135 220 36
227 137 7 24
227 137 15 36
227 137 20 36
227 137 33 24
227 137 50 27
227 137 54 27
227 137 64 24
227 137 65 24
227 137 67 27
227 137 91 27
227 137 103 24
227 137 106 36
227 137 107 27
227 137 108 24
227 137 117 27
227 137 119 27
227 137 151 27
227 137 172 24
227 137 174 27
227 137 188 24
227 137 193 36
227 137 208 36
227 137 215 36
227 139 22 24
227 139 31 24
227 139 52 24
227 139 60 24
227 139 68 24
227 139 70 36
227 139 78 27
227 139 87 27
227 139 89 27
227 139 113 27
227 139 120 36
227 139 122 36
227 139 129 27
227 139 140 24
227 139 141 36
227 139 147 36
227 139 161 36
227 139 169 27
227 139 171 27
227 139 179 24
227 139 182 27
227 139 203 27
227 139 217 24
227 140 8 24
227 140 17 36
227 140 18 27
227 140 31 27
227 140 32 36
227 140 37 24
227 140 38 27
227 140 44 36
227 140 59 36
227 140 61 27
227 140 64 36
227 140 68 27
227 140 80 36
227 140 83 24
227 140 93 24
227 140 105 36
227 140 123 27
227 140 126 24
227 140 129 36
227 140 135 24
227 140 142 24
227 140 149 36
227 140 177 36
227 140 178 27
227 140 187 36
227 140 188 36
227 140 194 27
227 140 199 27
227 140 218 24
227 142 20 36
227 142 39 27
227 142 55 36
227 142 74 24
227 142 78 24
227 142 85 24
227 142 92 24
227 142 93 27
227 142 124 27
227 142 125 27
227 142 126 36
227 142 156 27
227 142 157 27
227 142 180 27
227 142 181 24
227 142 184 27
227 142 190 24
227 142 193 36
227 142 194 36
227 142 195 24
227 142 200 27
227 142 218 36
227 142 219 24
227 144 2 24
227 144 6 24
227 144 7 36
227 144 20 27
227 144 24 24
227 144 38 24
227 144 52 27
227 144 60 36
227 144 61 27
227 144 65 36
227 144 69 36
227 144 88 27
227 144 91 27
227 144 97 36
227 144 98 27
227 144 102 36
227 144 110 36
227 144 114 24
227 144 115 36
227 144 123 24
227 144 140 36
227 144 145 24
227 144 152 36
227 144 158 27
227 144 162 36
227 144 168 27
227 144 191 24
227 144 198 27
227 144 220 36
227 145 5 27
227 145 13 27
227 145 23 24
227 145 31 27
227 145 51 27
227 145 52 27
227 145 61 36
227 145 67 36
227 145 79 24
227 145 94 36
227 145 96 27
227 145 113 24
227 145 121 24
227 145 125 27
227 145 126 36
227 145 128 36
227 145 150 27
227 145 196 24
227 145 205 24
227 145 212 24
227 145 218 36
227 145 224 27
227 145 225 24
227 148 4 27
227 148 6 36
227 148 10 27
227 148 14 36
227 148 16 24
227 148 38 36
227 148 45 36
227 148 56 24
227 148 61 36
227 148 63 24
227 148 67 36
227 148 71 24
227 148 74 27
227 148 85 27
227 148 103 27
227 148 104 27
227 148 107 36
227 148 111 36
227 148 139 27
227 148 145 36
227 148 146 36
227 148 147 27
227 148 150 24
227 148 157 36
227 148 191 36
227 148 208 24
227 148 209 24
227 148 212 27
227 148 215 24
227 150 2 36
227 150 3 36
227 150 15 24
227 150 21 36
227 150 24 24
227 150 36 36
227 150 37 27
227 150 39 36
227 150 41 24
227 150 42 27
227 150 58 27
227 150 72 24
227 150 76 36
227 150 82 36
227 150 106 24
227 150 114 36
227 150 118 24
227 150 123 24
227 150 130 27
227 150 140 27
227 150 146 27
227 150 157 27
227 150 163 36
227 150 173 36
227 150 174 36
227 150 183 27
227 150 197 36
227 150 202 24
227 150 208 27
227 152 18 36
227 152 41 27
227 152 46 36
227 152 48 36
227 152 60 27
227 152 90 36
227 152 94 24
227 152 96 24
227 152 98 27
227 152 99 36
227 152 114 27
227 152 117 24
227 152 128 24
227 152 130 24
227 152 133 36
227 152 145 24
227 152 149 27
227 152 153 36
227 152 154 27
227 152 164 36
227 152 169 36
227 152 170 36
227 152 175 36
227 152 178 27
227 152 191 24
227 152 193 27
227 152 201 24
227 152 202 27
227 152 223 36
227 153 25 32
227 153 77 32
227 153 81 32
227 153 109 32
227 153 171 32
227 153 192 32
227 153 213 32
227 153 214 32
227 155 2 24
227 155 6 27
227 155 14 36
227 155 22 27
227 155 42 27
227 155 45 24
227 155 52 24
227 155 64 36
227 155 68 24
227 155 78 36
227 155 89 36
227 155 94 36
227 155 111 24
227 155 114 24
227 155 128 36
227 155 137 27
227 155 146 36
227 155 153 27
227 155 154 36
227 155 158 27
227 155 176 36
227 155 179 24
227 155 188 36
227 155 191 27
227 155 195 36
227 155 199 36
227 155 211 27
227 155 217 24
227 155 218 27
227 157 4 36
227 157 6 27
227 157 16 36
227 157 34 24
227 157 42 24
227 157 57 36
227 157 60 27
227 157 71 36
227 157 75 36
227 157 92 24
227 157 93 27
227 157 97 36
227 157 110 36
227 157 111 27
227 157 112 36
227 157 119 24
227 157 122 36
227 157 124 24
227 157 136 36
227 157 142 27
227 157 147 36
227 157 148 27
227 157 152 27
227 157 190 24
227 157 191 27
227 157 194 27
227 157 200 24
227 157 207 24
227 157 222 36
227 158 3 24
227 158 13 36
227 158 27 24
227 158 35 36
227 158 54 27
227 158 55 36
227 158 74 24
227 158 76 24
227 158 78 24
227 158 86 27
227 158 106 27
227 158 117 27
227 158 118 27
227 158 119 36
227 158 124 36
227 158 146 27
227 158 181 24
227 158 185 24
227 158 187 27
227 158 194 36
227 158 195 24
227 158 215 27
227 158 220 27
227 159 14 32
227 159 55 32
227 159 146 32
227 159 148 32
227 159 174 32
227 159 194 32
227 159 197 32
227 159 204 32
227 160 9 27
227 160 14 24
227 160 43 27
227 160 45 36
227 160 49 27
227 160 57 27
227 160 63 27
227 160 70 24
227 160 75 27
227 160 83 36
227 160 93 36
227 160 98 36
227 160 102 27
227 160 111 36
227 160 118 36
227 160 120 24
227 160 122 24
227 160 145 24
227 160 146 24
227 160 147 24
227 160 151 36
227 160 154 36
227 160 183 36
227 160 191 24
227 160 199 36
227 160 202 36
227 160 214 27
227 160 222 27
227 160 224 36
227 161 46 36
227 161 61 36
227 161 67 36
227 161 68 36
227 161 153 36
227 161 217 36
227 162 23 36
227 162 79 36
227 162 81 36
227 162 189 36
227 162 213 36
227 162 221 36
227 163 43 36
227 163 75 36
227 163 112 36
227 163 121 36
227 163 132 36
227 163 212 36
227 167 17 32
227 167 51 32
227 167 118 32
227 167 138 32
227 167 174 32
227 167 187 32
227 167 197 32
227 167 202 32
227 168 30 36
227 168 53 36
227 168 84 36
227 168 90 36
227 168 100 36
227 168 169 36
227 170 11 36
227 170 17 24
227 170 24 24
227 170 25 27
227 170 26 27
227 170 27 27
227 170 44 36
227 170 56 24
227 170 62 36
227 170 81 27
227 170 99 27
227 170 123 24
227 170 126 24
227 170 129 36
227 170 136 36
227 170 150 24
227 170 175 27
227 170 187 24
227 170 188 27
227 170 192 27
227 170 212 27
227 170 218 24
227 170 222 36
227 173 7 24
227 173 10 24
227 173 11 36
227 173 16 36
227 173 34 24
227 173 40 27
227 173 43 27
227 173 45 36
227 173 48 27
227 173 62 36
227 173 65 24
227 173 71 36
227 173 74 24
227 173 75 36
227 173 78 27
227 173 90 27
227 173 95 36
227 173 111 36
227 173 112 36
227 173 115 36
227 173 131 27
227 173 152 36
227 173 159 24
227 173 161 27
227 173 177 27
227 173 181 24
227 173 184 36
227 173 190 27
227 173 207 24
227 175 7 36
227 175 9 36
227 175 10 36
227 175 11 24
227 175 20 24
227 175 55 27
227 175 61 24
227 175 62 24
227 175 65 36
227 175 67 24
227 175 69 36
227 175 75 36
227 175 87 36
227 175 97 24
227 175 101 36
227 175 102 36
227 175 110 24
227 175 112 36
227 175 115 27
227 175 119 27
227 175 137 27
227 175 150 27
227 175 151 27
227 175 156 27
227 175 159 36
227 175 167 36
227 175 193 24
227 175 206 27
227 175 223 27
227 176 14 24
227 176 17 36
227 176 21 36
227 176 35 27
227 176 42 27
227 176 49 36
227 176 61 24
227 176 67 24
227 176 83 36
227 176 88 36
227 176 93 36
227 176 98 24
227 176 111 27
227 176 113 36
227 176 123 27
227 176 125 27
227 176 139 36
227 176 140 27
227 176 146 24
227 176 154 24
227 176 173 36
227 176 178 36
227 176 179 27
227 176 183 24
227 176 187 36
227 176 194 27
227 176 199 24
227 176 202 27
227 176 225 36
227 178 97 36
227 178 104 36
227 178 110 36
227 178 122 36
227 178 147 36
227 178 203 36
227 179 2 32
227 179 11 25
227 179 22 32
227 179 29 25
227 179 31 32
227 179 39 32
227 179 56 32
227 179 61 32
227 179 67 32
227 179 75 25
227 179 78 25
227 179 82 25
227 179 98 32
227 179 110 25
227 179 114 32
227 179 116 25
227 179 117 32
227 179 130 32
227 179 147 25
227 179 150 32
227 179 163 32
227 179 170 32
227 179 183 32
227 179 190 25
227 179 223 32
227 179 225 25
227 180 7 32
227 180 21 32
227 180 37 25
227 180 40 32
227 180 41 25
227 180 49 32
227 180 52 25
227 180 58 25
227 180 60 25
227 180 65 32
227 180 118 25
227 180 138 25
227 180 139 32
227 180 156 25
227 180 173 32
227 180 210 32
227 180 216 25
227 180 223 25
227 183 8 27
227 183 10 36
227 183 12 24
227 183 19 24
227 183 23 36
227 183 27 36
227 183 48 36
227 183 51 27
227 183 60 27
227 183 78 36
227 183 79 36
227 183 94 27
227 183 96 24
227 183 118 24
227 183 134 24
227 183 143 27
227 183 144 24
227 183 159 36
227 183 163 27
227 183 168 27
227 183 175 36
227 183 185 36
227 183 195 36
227 183 196 36
227 183 201 24
227 183 202 24
227 183 205 36
227 183 206 27
227 183 217 27
227 186 8 24
227 186 26 27
227 186 41 24
227 186 59 27
227 186 72 24
227 186 77 36
227 186 80 24
227 186 81 27
227 186 105 24
227 186 107 24
227 186 116 27
227 186 134 27
227 186 136 36
227 186 141 36
227 186 142 24
227 186 157 24
227 186 161 36
227 186 171 36
227 186 181 27
227 186 185 27
227 186 212 27
227 186 222 36
227 186 225 27
227 187 9 32
227 187 13 25
227 187 18 25
227 187 31 25
227 187 37 32
227 187 41 32
227 187 45 32
227 187 46 32
227 187 52 25
227 187 59 32
227 187 72 32
227 187 101 32
227 187 111 32
227 187 135 32
227 187 153 32
227 187 155 32
227 187 157 25
227 187 170 25
227 187 177 32
227 187 183 25
227 187 186 32
227 187 192 32
227 187 198 25
227 187 206 25
227 187 208 25
227 187 214 32
227 189 3 32
227 189 15 32
227 189 32 32
227 189 33 25
227 189 42 32
227 189 48 25
227 189 56 32
227 189 57 25
227 189 69 25
227 189 74 32
227 189 76 32
227 189 81 25
227 189 99 32
227 189 106 32
227 189 110 25
227 189 133 32
227 189 149 32
227 189 150 32
227 189 181 32
227 189 186 25
227 189 189 32
227 189 200 32
227 189 205 25
227 189 210 25
227 189 221 32
227 189 225 25
227 193 2 24
227 193 9 27
227 193 33 27
227 193 34 36
227 193 44 27
227 193 60 24
227 193 63 27
227 193 74 36
227 193 78 27
227 193 82 27
227 193 89 36
227 193 113 27
227 193 114 24
227 193 115 24
227 193 140 24
227 193 152 24
227 193 160 27
227 193 176 36
227 193 181 36
227 193 207 36
227 193 208 24
227 193 215 24
227 193 219 27
227 194 7 24
227 194 10 36
227 194 19 27
227 194 33 36
227 194 36 27
227 194 37 36
227 194 44 24
227 194 46 36
227 194 48 27
227 194 49 27
227 194 57 27
227 194 64 27
227 194 65 24
227 194 79 27
227 194 81 27
227 194 87 27
227 194 92 24
227 194 103 24
227 194 104 36
227 194 108 24
227 194 125 36
227 194 129 24
227 194 135 36
227 194 153 36
227 194 158 36
227 194 159 36
227 194 172 36
227 194 190 24
227 194 203 36
227 200 13 24
227 200 35 24
227 200 36 36
227 200 37 36
227 200 38 27
227 200 42 36
227 200 46 24
227 200 66 27
227 200 68 27
227 200 82 36
227 200 90 36
227 200 93 27
227 200 105 27
227 200 117 36
227 200 119 27
227 200 126 24
227 200 130 36
227 200 135 36
227 200 137 27
227 200 151 24
227 200 153 24
227 200 160 36
227 200 166 36
227 200 169 36
227 200 180 27
227 200 200 36
227 200 202 27
227 200 218 24
227 200 224 24
227 202 4 25
227 202 10 25
227 202 17 32
227 202 30 32
227 202 34 32
227 202 40 25
227 202 41 32
227 202 43 32
227 202 53 32
227 202 62 25
227 202 65 25
227 202 72 32
227 202 90 25
227 202 96 32
227 202 100 25
227 202 122 32
227 202 132 32
227 202 133 25
227 202 147 32
227 202 162 32
227 202 186 25
227 202 187 32
227 202 195 25
227 202 201 32
227 202 207 32
227 202 220 32
227 203 3 24
227 203 11 24
227 203 35 27
227 203 37 27
227 203 39 36
227 203 62 24
227 203 76 24
227 203 83 27
227 203 91 27
227 203 117 36
227 203 128 27
227 203 130 36
227 203 136 24
227 203 151 27
227 203 157 27
227 203 163 36
227 203 165 27
227 203 180 36
227 203 189 24
227 203 198 36
227 203 218 27
227 203 221 24
227 203 222 24
227 205 7 36
227 205 11 36
227 205 15 24
227 205 23 36
227 205 33 36
227 205 39 27
227 205 62 36
227 205 65 36
227 205 72 27
227 205 74 36
227 205 79 36
227 205 85 36
227 205 90 24
227 205 96 24
227 205 105 27
227 205 106 24
227 205 123 27
227 205 135 27
227 205 141 24
227 205 161 24
227 205 169 24
227 205 172 36
227 205 181 36
227 205 200 27
227 205 201 24
227 205 208 27
227 205 211 27
227 205 218 27
227 205 219 36
227 206 9 27
227 206 23 27
227 206 36 27
227 206 39 36
227 206 41 36
227 206 52 36
227 206 53 27
227 206 55 36
227 206 59 24
227 206 72 36
227 206 75 27
227 206 78 27
227 206 87 24
227 206 121 27
227 206 125 24
227 206 126 24
227 206 136 27
227 206 147 27
227 206 148 36
227 206 158 24
227 206 163 36
227 206 167 24
227 206 177 24
227 206 179 36
227 206 194 36
227 206 204 36
227 206 208 36
227 206 215 36
227 206 218 24
227 207 12 25
227 207 23 25
227 207 41 32
227 207 52 32
227 207 60 32
227 207 68 32
227 207 72 32
227 207 75 25
227 207 76 25
227 207 95 32
227 207 140 32
227 207 154 32
227 207 160 25
227 207 162 32
227 207 174 32
227 207 179 32
227 207 184 32
227 207 192 25
227 207 195 25
227 207 197 32
227 207 199 32
227 207 207 25
227 207 209 25
227 207 217 32
227 207 219 25
227 207 220 32
227 208 5 32
227 208 80 32
227 208 91 32
227 208 105 32
227 208 151 32
227 208 180 32
227 208 198 32
227 208 224 32
227 209 6 36
227 209 38 36
227 209 154 36
227 209 165 36
227 209 199 36
227 209 216 36
227 210 11 32
227 210 62 32
227 210 64 32
227 210 103 32
227 210 108 32
227 210 113 32
227 210 188 32
227 210 225 32
227 213 8 24
227 213 37 36
227 213 45 36
227 213 49 36
227 213 51 24
227 213 55 36
227 213 60 24
227 213 89 36
227 213 94 27
227 213 95 27
227 213 107 24
227 213 111 36
227 213 135 36
227 213 138 24
227 213 139 36
227 213 140 24
227 213 142 24
227 213 157 24
227 213 158 27
227 213 164 27
227 213 176 36
227 213 179 27
227 213 180 27
227 213 191 27
227 213 192 36
227 213 194 36
227 213 197 27
227 213 204 27
227 213 214 36
227 215 2 36
227 215 88 36
227 215 95 36
227 215 114 36
227 215 178 36
227 215 184 36
227 217 5 36
227 217 13 36
227 217 24 36
227 217 35 36
227 217 36 24
227 217 43 24
227 217 51 27
227 217 82 24
227 217 91 36
227 217 104 24
227 217 106 27
227 217 114 27
227 217 118 27
227 217 121 24
227 217 123 36
227 217 132 24
227 217 142 27
227 217 148 27
227 217 158 27
227 217 170 27
227 217 203 24
227 217 212 24
227 217 220 27
227 218 8 24
227 218 14 36
227 218 38 27
227 218 42 36
227 218 52 24
227 218 55 27
227 218 61 27
227 218 88 24
227 218 96 27
227 218 99 36
227 218 103 36
227 218 108 36
227 218 114 27
227 218 133 36
227 218 142 24
227 218 146 36
227 218 150 27
227 218 151 24
227 218 162 36
227 218 178 24
227 218 179 24
227 218 192 36
227 218 199 27
227 218 200 36
227 218 208 27
227 218 214 36
227 218 216 27
227 218 220 36
227 218 224 24
227 219 27 32
227 219 29 32
227 219 47 32
227 219 75 32
227 219 104 32
227 219 112 32
227 219 185 32
227 219 203 32
227 220 14 32
227 220 15 32
227 220 30 25
227 220 32 32
227 220 47 25
227 220 49 25
227 220 60 32
227 220 90 25
227 220 100 25
227 220 101 25
227 220 106 32
227 220 113 25
227 220 121 25
227 220 140 32
227 220 144 25
227 220 146 32
227 220 149 32
227 220 166 25
227 222 18 36
227 222 19 27
227 222 41 36
227 222 42 36
227 222 72 36
227 222 77 27
227 222 78 24
227 222 81 27
227 222 120 27
227 222 127 24
227 222 136 24
227 222 143 24
227 222 145 36
227 222 148 36
227 222 161 27
227 222 162 24
227 222 164 36
227 222 170 36
227 222 186 27
227 222 191 36
227 222 195 24
227 222 196 27
227 222 200 36
227 222 204 36
227 222 207 27
227 222 209 27
227 222 220 24
227 222 222 24
227 222 223 36
227 223 13 24
227 223 16 36
227 223 24 27
227 223 27 36
227 223 29 36
227 223 35 24
227 223 36 36
227 223 47 36
227 223 69 24
227 223 70 24
227 223 71 36
227 223 74 36
227 223 82 36
227 223 98 27
227 223 102 24
227 223 120 24
227 223 122 36
227 223 135 27
227 223 147 36
227 223 156 24
227 223 158 27
227 223 163 27
227 223 178 27
227 223 181 36
227 223 185 36
227 223 194 27
227 223 201 27
227 223 211 24
227 223 220 27
227 224 26 36
227 224 69 36
227 224 75 36
227 224 102 36
227 224 112 36
227 224 131 36
227 226 7 36
227 226 19 27
227 226 25 27
227 226 29 36
227 226 44 27
227 226 47 36
227 226 48 36
227 226 54 24
227 226 56 24
227 226 65 36
227 226 73 27
227 226 76 27
227 226 79 27
227 226 87 27
227 226 150 24
227 226 156 24
227 226 165 24
227 226 175 36
227 226 186 27
227 226 189 27
227 226 206 24
227 226 211 24
227 226 216 24
229 0 35 25
229 0 38 25
229 0 101 25
229 0 109 25
229 0 114 25
229 0 115 25
229 0 120 25
229 0 128 25
229 0 191 25
229 0 194 25
229 3 15 32
229 3 20 32
229 3 45 32
229 3 56 32
229 3 71 32
229 3 100 32
229 3 111 32
229 3 126 32
229 3 159 32
229 3 161 32
229 3 165 32
229 3 168 32
229 3 183 32
229 3 193 32
229 3 196 32
229 3 224 32
229 5 24 32
229 5 31 32
229 5 105 32
229 5 112 32
229 5 133 32
229 5 137 32
229 5 182 32
229 5 190 32
229 6 12 25
229 6 46 25
229 6 68 25
229 6 82 25
229 6 83 25
229 6 104 25
229 6 121 25
229 6 151 25
229 6 154 25
229 6 192 25
229 7 31 24
229 7 34 24
229 7 128 24
229 7 133 24
229 7 139 24
229 7 163 24
229 7 170 24
229 7 201 24
229 9 17 32
229 9 27 32
229 9 75 32
229 9 147 32
229 9 148 32
229 9 159 32
229 9 171 32
229 9 193 32
229 10 12 24
229 10 76 24
229 10 210 24
229 10 226 24
229 11 4 24
229 11 104 24
229 11 172 24
229 11 218 24
229 12 11 36
229 12 19 36
229 12 21 24
229 12 27 27
229 12 36 27
229 12 58 36
229 12 87 24
229 12 91 27
229 12 120 24
229 12 125 36
229 12 148 27
229 12 149 27
229 12 154 36
229 12 174 27
229 12 179 24
229 12 209 27
229 12 210 27
229 12 217 36
229 12 220 27
229 15 13 24
229 15 14 36
229 15 22 24
229 15 24 24
229 15 26 36
229 15 41 24
229 15 61 36
229 15 73 24
229 15 80 36
229 15 81 36
229 15 82 36
229 15 96 24
229 15 105 24
229 15 113 24
229 15 132 36
229 15 141 24
229 15 144 36
229 15 146 36
229 15 152 24
229 15 160 24
229 15 162 24
229 15 177 24
229 15 178 36
229 15 180 36
229 15 182 24
229 15 183 36
229 15 185 36
229 15 186 36
229 15 190 24
229 15 198 24
229 15 213 36
229 15 214 36
229 15 220 36
229 15 224 36
229 16 64 24
229 16 68 24
229 16 95 24
229 16 135 24
229 17 21 24
229 17 29 24
229 17 31 24
229 17 79 24
229 17 112 24
229 17 120 24
229 17 133 24
229 17 137 24
229 18 9 32
229 18 10 32
229 18 11 32
229 18 12 32
229 18 14 32
229 18 17 32
229 18 22 32
229 18 23 32
229 18 27 32
229 18 29 32
229 18 30 32
229 18 40 32
229 18 51 32
229 18 52 32
229 18 53 32
229 18 63 32
229 18 69 32
229 18 79 32
229 18 84 32
229 18 96 32
229 18 104 32
229 18 121 32
229 18 125 32
229 18 156 32
229 18 177 32
229 18 180 32
229 18 198 32
229 18 202 32
229 18 207 32
229 18 210 32
229 18 212 32
229 18 218 32
229 19 24 32
229 19 52 32
229 19 65 32
229 19 74 32
229 19 92 32
229 19 105 32
229 19 117 32
229 19 207 32
229 22 10 32
229 22 23 32
229 22 34 32
229 22 50 32
229 22 77 32
229 22 116 32
229 22 128 32
229 22 142 32
229 24 89 32
229 24 92 32
229 24 117 32
229 24 182 32
229 24 190 32
229 24 206 32
229 24 211 32
229 24 219 32
229 27 9 36
229 27 51 36
229 27 81 36
229 27 82 36
229 27 147 36
229 27 148 36
229 28 4 36
229 28 25 36
229 28 31 24
229 28 32 24
229 28 45 36
229 28 53 36
229 28 55 36
229 28 56 36
229 28 57 36
229 28 59 24
229 28 62 36
229 28 66 24
229 28 80 36
229 28 102 24
229 28 108 36
229 28 110 24
229 28 113 24
229 28 119 24
229 28 121 36
229 28 127 24
229 28 133 24
229 28 136 24
229 28 146 36
229 28 152 24
229 28 155 24
229 28 161 36
229 28 164 24
229 28 165 36
229 28 172 36
229 28 176 36
229 28 181 36
229 28 206 24
229 28 219 24
229 28 225 36
229 29 57 24
229 29 61 24
229 29 214 24
229 29 225 24
229 31 53 36
229 31 103 36
229 31 121 36
229 31 178 36
229 31 209 36
229 31 220 36
229 32 4 36
229 32 19 36
229 32 25 36
229 32 37 36
229 32 44 36
229 32 53 36
229 32 55 36
229 32 64 36
229 32 68 36
229 32 76 36
229 32 80 36
229 32 81 36
229 32 82 36
229 32 83 36
229 32 103 36
229 32 111 36
229 32 121 36
229 32 129 36
229 32 130 36
229 32 132 36
229 32 144 36
229 32 146 36
229 32 149 36
229 32 158 36
229 32 159 36
229 32 172 36
229 32 173 36
229 32 178 36
229 32 184 36
229 32 193 36
229 32 196 36
229 32 203 36
229 32 209 36
229 32 217 36
229 32 220 36
229 32 226 36
229 34 53 36
229 34 103 36
229 34 121 36
229 34 159 36
229 34 193 36
229 34 209 36
229 35 32 24
229 35 40 24
229 35 63 24
229 35 110 24
229 35 113 24
229 35 127 24
229 35 136 24
229 35 152 24
229 37 5 32
229 37 18 32
229 37 22 32
229 37 25 32
229 37 29 32
229 37 33 32
229 37 46 32
229 37 55 32
229 37 73 32
229 37 75 32
229 37 79 32
229 37 83 32
229 37 88 32
229 37 95 32
229 37 103 32
229 37 113 32
229 37 118 32
229 37 132 32
229 37 135 32
229 37 140 32
229 37 144 32
229 37 149 32
229 37 152 32
229 37 160 32
229 37 163 32
229 37 166 32
229 37 170 32
229 37 171 32
229 37 177 32
229 37 189 32
229 37 209 32
229 37 216 32
229 43 24 32
229 43 28 32
229 43 29 32
229 43 79 32
229 43 90 32
229 43 105 32
229 43 157 32
229 43 194 32
229 44 9 32
229 44 12 32
229 44 19 32
229 44 51 32
229 44 64 32
229 44 68 32
229 44 71 32
229 44 95 32
229 44 100 32
229 44 132 32
229 44 135 32
229 44 144 32
229 44 178 32
229 44 210 32
229 44 217 32
229 44 220 32
229 45 33 24
229 45 118 24
229 45 178 24
229 45 220 24
229 46 3 32
229 46 6 32
229 46 14 32
229 46 18 32
229 46 20 32
229 46 29 32
229 46 31 32
229 46 32 32
229 46 41 32
229 46 57 32
229 46 79 32
229 46 83 32
229 46 109 32
229 46 126 32
229 46 133 32
229 46 136 32
229 46 140 32
229 46 149 32
229 46 153 32
229 46 162 32
229 46 166 32
229 46 169 32
229 46 173 32
229 46 180 32
229 46 183 32
229 46 184 32
229 46 187 32
229 46 189 32
229 46 191 32
229 46 208 32
229 46 224 32
229 46 225 32
229 47 17 32
229 47 20 32
229 47 27 32
229 47 37 32
229 47 42 32
229 47 48 32
229 47 49 32
229 47 60 32
229 47 62 32
229 47 71 32
229 47 80 32
229 47 91 32
229 47 94 32
229 47 95 32
229 47 100 32
229 47 103 32
229 47 126 32
229 47 130 32
229 47 132 32
229 47 134 32
229 47 135 32
229 47 144 32
229 47 146 32
229 47 151 32
229 47 167 32
229 47 181 32
229 47 183 32
229 47 202 32
229 47 209 32
229 47 212 32
229 47 215 32
229 47 224 32
229 49 4 36
229 49 6 24
229 49 12 36
229 49 22 24
229 49 24 24
229 49 31 24
229 49 69 24
229 49 71 36
229 49 80 36
229 49 94 36
229 49 99 36
229 49 100 36
229 49 103 36
229 49 105 24
229 49 107 24
229 49 122 24
229 49 133 24
229 49 134 36
229 49 146 36
229 49 156 24
229 49 157 24
229 49 159 36
229 49 169 36
229 49 172 36
229 49 177 24
229 49 187 36
229 49 191 24
229 49 192 36
229 49 193 36
229 49 194 24
229 49 206 24
229 49 209 36
229 49 210 36
229 49 219 24
229 50 14 32
229 50 58 32
229 50 83 32
229 50 149 32
229 50 154 32
229 50 161 32
229 50 165 32
229 50 180 32
229 51 21 24
229 51 30 24
229 51 50 24
229 51 84 24
229 51 112 24
229 51 120 24
229 51 137 24
229 51 142 24
229 54 103 36
229 54 147 36
229 54 148 36
229 54 178 36
229 54 209 36
229 54 220 36
229 56 99 24
229 56 173 24
229 56 184 24
229 56 192 24
229 57 11 24
229 57 91 24
229 57 125 24
229 57 151 24
229 58 7 24
229 58 59 24
229 58 66 24
229 58 109 24
229 58 131 24
229 58 155 24
229 58 164 24
229 58 208 24
229 61 4 36
229 61 5 36
229 61 11 36
229 61 12 36
229 61 16 36
229 61 20 36
229 61 42 36
229 61 43 36
229 61 44 36
229 61 45 36
229 61 46 36
229 61 48 36
229 61 49 36
229 61 53 36
229 61 56 36
229 61 57 36
229 61 60 36
229 61 61 36
229 61 99 36
229 61 108 36
229 61 121 36
229 61 125 36
229 61 126 36
229 61 167 36
229 61 169 36
229 61 172 36
229 61 173 36
229 61 176 36
229 61 184 36
229 61 187 36
229 61 192 36
229 61 203 36
229 61 210 36
229 61 214 36
229 61 215 36
229 61 225 36
229 63 15 32
229 63 108 32
229 63 129 32
229 63 147 32
229 63 148 32
229 63 158 32
229 63 168 32
229 63 176 32
229 68 14 24
229 68 91 24
229 68 151 24
229 68 180 24
229 69 31 32
229 69 102 32
229 69 119 32
229 69 133 32
229 69 139 32
229 69 201 32
229 69 206 32
229 69 219 32
229 70 9 36
229 70 16 27
229 70 36 27
229 70 42 36
229 70 51 36
229 70 52 24
229 70 53 27
229 70 56 27
229 70 60 36
229 70 68 27
229 70 153 27
229 70 159 36
229 70 161 27
229 70 163 24
229 70 170 24
229 70 186 27
229 70 192 27
229 70 193 36
229 70 207 24
229 72 7 24
229 72 9 27
229 72 15 36
229 72 36 27
229 72 57 36
229 72 60 27
229 72 68 27
229 72 69 24
229 72 71 27
229 72 121 27
229 72 129 36
229 72 131 24
229 72 134 27
229 72 147 27
229 72 154 27
229 72 156 24
229 72 158 36
229 72 168 36
229 72 225 36
229 74 11 32
229 74 71 32
229 74 85 32
229 74 97 32
229 74 100 32
229 74 125 32
229 74 129 32
229 74 158 32
229 76 4 36
229 76 14 36
229 76 25 36
229 76 55 36
229 76 172 36
229 76 180 36
229 77 95 24
229 77 135 24
229 77 169 24
229 77 187 24
229 78 3 32
229 78 9 32
229 78 12 32
229 78 14 32
229 78 20 32
229 78 25 32
229 78 36 32
229 78 37 32
229 78 51 32
229 78 55 32
229 78 64 32
229 78 68 32
229 78 70 32
229 78 71 32
229 78 76 32
229 78 80 32
229 78 81 32
229 78 82 32
229 78 91 32
229 78 100 32
229 78 126 32
229 78 130 32
229 78 132 32
229 78 144 32
229 78 146 32
229 78 151 32
229 78 153 32
229 78 180 32
229 78 186 32
229 78 210 32
229 78 213 32
229 78 226 32
229 84 25 36
229 84 55 36
229 84 75 36
229 84 171 36
229 84 178 36
229 84 220 36
229 85 6 32
229 85 24 32
229 85 54 32
229 85 77 32
229 85 105 32
229 85 116 32
229 85 123 32
229 85 191 32
229 87 6 24
229 87 12 36
229 87 16 36
229 87 20 36
229 87 34 24
229 87 36 36
229 87 43 36
229 87 70 36
229 87 77 24
229 87 89 24
229 87 98 24
229 87 104 36
229 87 110 24
229 87 111 36
229 87 116 24
229 87 124 24
229 87 126 36
229 87 127 24
229 87 128 24
229 87 145 24
229 87 161 36
229 87 165 36
229 87 173 36
229 87 183 36
229 87 184 36
229 87 191 24
229 87 196 36
229 87 199 24
229 87 205 24
229 87 210 36
229 87 211 24
229 87 218 36
229 87 222 24
229 87 224 36
229 88 13 27
229 88 34 27
229 88 42 36
229 88 48 36
229 88 60 36
229 88 71 36
229 88 88 27
229 88 91 36
229 88 100 36
229 88 113 27
229 88 122 27
229 88 127 27
229 88 151 36
229 88 160 27
229 88 167 36
229 88 173 36
229 88 184 36
229 88 186 36
229 88 213 36
229 88 222 27
229 88 227 27
229 89 6 24
229 89 9 27
229 89 16 36
229 89 26 27
229 89 43 36
229 89 48 27
229 89 103 36
229 89 111 27
229 89 138 27
229 89 166 24
229 89 173 36
229 89 184 36
229 89 189 24
229 89 191 24
229 89 192 27
229 89 193 27
229 89 209 36
229 89 212 27
229 89 214 27
229 95 45 24
229 95 56 24
229 95 76 24
229 95 226 24
229 96 18 32
229 96 52 32
229 96 89 32
229 96 96 32
229 96 140 32
229 96 198 32
229 96 207 32
229 96 211 32
229 98 20 24
229 98 64 24
229 98 68 24
229 98 126 24
229 99 3 36
229 99 4 27
229 99 14 27
229 99 37 36
229 99 58 27
229 99 76 27
229 99 99 36
229 99 130 36
229 99 135 27
229 99 139 24
229 99 147 27
229 99 153 36
229 99 163 24
229 99 167 27
229 99 170 24
229 99 192 36
229 99 201 24
229 99 212 27
229 99 218 27
229 100 4 36
229 100 12 36
229 100 14 36
229 100 18 27
229 100 31 27
229 100 48 36
229 100 81 36
229 100 82 36
229 100 112 27
229 100 139 27
229 100 152 27
229 100 157 27
229 100 167 36
229 100 172 36
229 100 179 27
229 100 180 36
229 100 186 36
229 100 206 27
229 100 210 36
229 100 213 36
229 100 221 27
229 102 28 24
229 102 41 24
229 102 89 24
229 102 90 24
229 102 98 24
229 102 162 24
229 102 211 24
229 102 222 24
229 104 3 32
229 104 7 32
229 104 16 32
229 104 26 32
229 104 31 32
229 104 35 32
229 104 38 32
229 104 42 32
229 104 43 32
229 104 48 32
229 104 60 32
229 104 72 32
229 104 95 32
229 104 98 32
229 104 104 32
229 104 113 32
229 104 131 32
229 104 133 32
229 104 135 32
229 104 143 32
229 104 152 32
229 104 153 32
229 104 155 32
229 104 159 32
229 104 164 32
229 104 167 32
229 104 185 32
229 104 193 32
229 104 218 32
229 104 221 32
229 104 222 32
229 104 223 32
229 105 14 27
229 105 25 36
229 105 27 27
229 105 33 36
229 105 55 36
229 105 59 24
229 105 66 24
229 105 112 24
229 105 118 36
229 105 137 24
229 105 149 27
229 105 167 27
229 105 169 27
229 105 174 36
229 105 193 27
229 105 204 36
229 105 213 27
229 105 220 27
229 105 226 27
229 107 4 36
229 107 14 36
229 107 33 36
229 107 88 27
229 107 98 27
229 107 103 36
229 107 105 27
229 107 117 27
229 107 118 36
229 107 128 27
229 107 164 27
229 107 170 27
229 107 172 36
229 107 173 36
229 107 180 36
229 107 184 36
229 107 188 27
229 107 202 36
229 107 209 36
229 107 212 36
229 107 223 27
229 109 11 36
229 109 31 24
229 109 64 27
229 109 94 27
229 109 97 27
229 109 99 27
229 109 104 27
229 109 111 36
229 109 125 36
229 109 126 27
229 109 133 24
229 109 145 24
229 109 153 27
229 109 172 27
229 109 178 36
229 109 185 27
229 109 196 36
229 109 199 24
229 109 220 36
229 110 3 36
229 110 17 27
229 110 31 24
229 110 37 36
229 110 40 24
229 110 42 27
229 110 43 27
229 110 63 24
229 110 76 27
229 110 81 27
229 110 103 27
229 110 108 27
229 110 129 36
229 110 130 36
229 110 133 24
229 110 153 36
229 110 158 36
229 110 168 27
229 110 180 27
229 111 6 27
229 111 17 36
229 111 21 27
229 111 25 36
229 111 27 36
229 111 38 27
229 111 50 27
229 111 55 36
229 111 57 36
229 111 67 27
229 111 91 36
229 111 114 27
229 111 137 27
229 111 140 27
229 111 151 36
229 111 156 27
229 111 161 36
229 111 165 36
229 111 174 36
229 111 204 36
229 111 225 36
229 113 16 24
229 113 43 24
229 113 75 24
229 113 171 24
229 116 58 24
229 116 154 24
229 116 186 24
229 116 213 24
229 118 4 36
229 118 25 36
229 118 55 36
229 118 64 36
229 118 68 36
229 118 73 27
229 118 78 36
229 118 89 27
229 118 92 27
229 118 115 27
229 118 138 36
229 118 162 27
229 118 172 36
229 118 174 36
229 118 179 27
229 118 191 27
229 118 202 36
229 118 204 36
229 118 208 27
229 118 212 36
229 118 223 27
229 119 49 27
229 119 61 27
229 119 71 36
229 119 76 36
229 119 96 24
229 119 99 36
229 119 100 36
229 119 121 27
229 119 126 27
229 119 148 27
229 119 153 27
229 119 166 24
229 119 186 27
229 119 187 27
229 119 189 24
229 119 192 36
229 119 198 24
229 119 212 27
229 119 226 36
229 120 9 36
229 120 30 24
229 120 33 36
229 120 44 27
229 120 51 36
229 120 57 27
229 120 76 27
229 120 84 24
229 120 96 24
229 120 103 27
229 120 104 36
229 120 118 36
229 120 125 27
229 120 130 27
229 120 132 27
229 120 135 27
229 120 165 27
229 120 198 24
229 120 218 36
229 122 6 27
229 122 17 36
229 122 20 36
229 122 27 36
229 122 41 27
229 122 45 36
229 122 49 36
229 122 56 36
229 122 57 36
229 122 59 27
229 122 65 27
229 122 101 27
229 122 111 36
229 122 112 27
229 122 124 27
229 122 126 36
229 122 131 27
229 122 141 27
229 122 196 36
229 122 215 36
229 122 225 36
229 124 3 27
229 124 9 27
229 124 16 27
229 124 25 36
229 124 36 27
229 124 55 36
229 124 60 27
229 124 62 27
229 124 80 27
229 124 92 24
229 124 111 36
229 124 117 24
229 124 163 24
229 124 170 24
229 124 174 36
229 124 196 36
229 124 202 27
229 124 204 36
229 124 215 27
229 125 6 32
229 125 7 32
229 125 8 32
229 125 11 32
229 125 36 32
229 125 44 32
229 125 62 32
229 125 65 32
229 125 70 32
229 125 74 32
229 125 76 32
229 125 77 32
229 125 86 32
229 125 94 32
229 125 96 32
229 125 98 32
229 125 116 32
229 125 125 32
229 125 131 32
229 125 134 32
229 125 157 32
229 125 169 32
229 125 181 32
229 125 186 32
229 125 187 32
229 125 191 32
229 125 194 32
229 125 198 32
229 125 203 32
229 125 213 32
229 125 222 32
229 125 226 32
229 127 7 24
229 127 18 24
229 127 67 24
229 127 131 24
229 127 139 24
229 127 140 24
229 127 188 24
229 127 201 24
229 129 8 27
229 129 16 36
229 129 19 36
229 129 23 27
229 129 43 36
229 129 49 36
229 129 50 27
229 129 57 36
229 129 62 36
229 129 72 27
229 129 77 27
229 129 90 27
229 129 117 27
229 129 147 36
229 129 148 36
229 129 181 36
229 129 198 27
229 129 211 27
229 129 215 36
229 129 217 36
229 129 225 36
229 130 11 27
229 130 17 27
229 130 28 24
229 130 37 36
229 130 59 24
229 130 62 27
229 130 66 24
229 130 76 36
229 130 82 27
229 130 90 24
229 130 94 27
229 130 99 36
229 130 130 36
229 130 153 27
229 130 171 27
229 130 192 36
229 130 215 27
229 130 225 27
229 130 226 36
229 131 103 24
229 131 161 24
229 131 165 24
229 131 209 24
229 133 18 32
229 133 22 32
229 133 31 32
229 133 89 32
229 133 133 32
229 133 140 32
229 133 177 32
229 133 211 32
229 134 3 24
229 134 153 24
229 134 173 24
229 134 184 24
229 140 15 27
229 140 17 27
229 140 20 36
229 140 36 27
229 140 37 27
229 140 38 24
229 140 40 24
229 140 45 36
229 140 56 36
229 140 63 24
229 140 91 27
229 140 118 27
229 140 126 36
229 140 181 27
229 140 186 36
229 140 203 27
229 140 213 36
229 140 220 27
229 140 223 24
229 141 2 27
229 141 7 27
229 141 16 36
229 141 43 36
229 141 45 36
229 141 56 36
229 141 62 36
229 141 69 27
229 141 78 36
229 141 102 27
229 141 107 27
229 141 116 27
229 141 129 36
229 141 138 36
229 141 141 27
229 141 158 36
229 141 169 36
229 141 181 36
229 141 187 36
229 141 195 27
229 141 216 27
229 142 5 36
229 142 7 24
229 142 11 36
229 142 18 24
229 142 19 36
229 142 24 24
229 142 30 24
229 142 33 36
229 142 38 24
229 142 45 36
229 142 46 36
229 142 56 36
229 142 64 36
229 142 68 36
229 142 84 24
229 142 101 24
229 142 102 24
229 142 103 36
229 142 105 24
229 142 113 24
229 142 118 36
229 142 119 24
229 142 125 36
229 142 131 24
229 142 140 24
229 142 152 24
229 142 159 36
229 142 186 36
229 142 193 36
229 142 195 24
229 142 209 36
229 142 213 36
229 142 217 36
229 142 223 24
229 144 38 32
229 144 106 32
229 144 113 32
229 144 124 32
229 144 152 32
229 144 175 32
229 144 205 32
229 144 223 32
229 145 9 36
229 145 51 36
229 145 58 36
229 145 154 36
229 145 174 36
229 145 204 36
229 151 3 32
229 151 16 32
229 151 19 32
229 151 43 32
229 151 49 32
229 151 76 32
229 151 78 32
229 151 83 32
229 151 85 32
229 151 97 32
229 151 99 32
229 151 103 32
229 151 129 32
229 151 138 32
229 151 147 32
229 151 148 32
229 151 149 32
229 151 153 32
229 151 158 32
229 151 159 32
229 151 161 32
229 151 165 32
229 151 174 32
229 151 178 32
229 151 192 32
229 151 193 32
229 151 204 32
229 151 209 32
229 151 215 32
229 151 217 32
229 151 220 32
229 151 226 32
229 152 42 24
229 152 60 24
229 152 94 24
229 152 134 24
229 153 49 36
229 153 57 36
229 153 174 36
229 153 204 36
229 153 215 36
229 153 225 36
229 155 71 32
229 155 100 32
229 155 104 32
229 155 129 32
229 155 132 32
229 155 144 32
229 155 158 32
229 155 218 32
229 157 4 36
229 157 61 36
229 157 71 36
229 157 73 24
229 157 75 27
229 157 82 27
229 157 95 27
229 157 98 24
229 157 100 36
229 157 108 27
229 157 158 27
229 157 160 24
229 157 161 27
229 157 169 27
229 157 172 36
229 157 193 27
229 157 214 36
229 157 220 27
229 157 222 24
229 159 22 24
229 159 36 36
229 159 37 27
229 159 43 27
229 159 59 24
229 159 66 24
229 159 68 27
229 159 70 36
229 159 76 27
229 159 161 27
229 159 169 36
229 159 173 27
229 159 176 27
229 159 177 24
229 159 178 36
229 159 187 36
229 159 193 27
229 159 213 27
229 159 220 36
229 160 10 32
229 160 23 32
229 160 28 32
229 160 90 32
229 160 96 32
229 160 110 32
229 160 127 32
229 160 198 32
229 161 49 24
229 161 78 24
229 161 138 24
229 161 215 24
229 166 53 32
229 166 61 32
229 166 71 32
229 166 81 32
229 166 82 32
229 166 100 32
229 166 121 32
229 166 214 32
229 168 4 36
229 168 14 36
229 168 15 36
229 168 19 36
229 168 26 36
229 168 37 36
229 168 42 36
229 168 45 36
229 168 53 36
229 168 56 36
229 168 57 36
229 168 60 36
229 168 62 36
229 168 103 36
229 168 104 36
229 168 108 36
229 168 121 36
229 168 130 36
229 168 168 36
229 168 169 36
229 168 172 36
229 168 173 36
229 168 176 36
229 168 180 36
229 168 181 36
229 168 183 36
229 168 184 36
229 168 185 36
229 168 186 36
229 168 187 36
229 168 209 36
229 168 213 36
229 168 217 36
229 168 218 36
229 168 224 36
229 168 225 36
229 171 21 24
229 171 65 24
229 171 74 24
229 171 98 24
229 171 120 24
229 171 163 24
229 171 170 24
229 171 222 24
229 172 78 24
229 172 104 24
229 172 138 24
229 172 218 24
229 173 37 24
229 173 45 24
229 173 56 24
229 173 130 24
229 175 9 36
229 175 20 36
229 175 51 36
229 175 81 36
229 175 82 36
229 175 126 36
229 178 87 24
229 178 92 24
229 178 109 24
229 178 117 24
229 178 145 24
229 178 179 24
229 178 199 24
229 178 208 24
229 179 49 32
229 179 64 32
229 179 68 32
229 179 75 32
229 179 80 32
229 179 146 32
229 179 171 32
229 179 215 32
229 180 10 24
229 180 19 36
229 180 20 36
229 180 23 24
229 180 35 24
229 180 36 36
229 180 37 36
229 180 38 24
229 180 42 36
229 180 52 24
229 180 57 36
229 180 60 36
229 180 70 36
229 180 72 24
229 180 73 24
229 180 83 36
229 180 95 36
229 180 96 24
229 180 107 24
229 180 122 24
229 180 124 24
229 180 126 36
229 180 129 36
229 180 130 36
229 180 135 36
229 180 149 36
229 180 158 36
229 180 160 24
229 180 198 24
229 180 205 24
229 180 207 24
229 180 217 36
229 180 223 24
229 180 225 36
229 182 5 32
229 182 14 32
229 182 17 32
229 182 20 32
229 182 27 32
229 182 46 32
229 182 48 32
229 182 62 32
229 182 78 32
229 182 83 32
229 182 85 32
229 182 94 32
229 182 95 32
229 182 97 32
229 182 99 32
229 182 103 32
229 182 126 32
229 182 129 32
229 182 134 32
229 182 135 32
229 182 138 32
229 182 149 32
229 182 158 32
229 182 167 32
229 182 169 32
229 182 180 32
229 182 181 32
229 182 187 32
229 182 192 32
229 182 202 32
229 182 209 32
229 182 212 32
229 183 4 32
229 183 5 32
229 183 21 32
229 183 38 32
229 183 40 32
229 183 42 32
229 183 45 32
229 183 46 32
229 183 49 32
229 183 56 32
229 183 60 32
229 183 63 32
229 183 67 32
229 183 76 32
229 183 80 32
229 183 89 32
229 183 93 32
229 183 96 32
229 183 103 32
229 183 120 32
229 183 146 32
229 183 150 32
229 183 172 32
229 183 188 32
229 183 197 32
229 183 198 32
229 183 200 32
229 183 209 32
229 183 211 32
229 183 215 32
229 183 223 32
229 183 226 32
229 184 9 24
229 184 51 24
229 184 111 24
229 184 196 24
229 185 9 32
229 185 12 32
229 185 19 32
229 185 51 32
229 185 85 32
229 185 94 32
229 185 97 32
229 185 129 32
229 185 134 32
229 185 158 32
229 185 161 32
229 185 165 32
229 185 178 32
229 185 210 32
229 185 217 32
229 185 220 32
229 186 35 32
229 186 72 32
229 186 124 32
229 186 139 32
229 186 150 32
229 186 200 32
229 186 201 32
229 186 205 32
229 192 13 32
229 192 20 32
229 192 40 32
229 192 52 32
229 192 58 32
229 192 59 32
229 192 63 32
229 192 66 32
229 192 69 32
229 192 77 32
229 192 80 32
229 192 85 32
229 192 89 32
229 192 94 32
229 192 97 32
229 192 111 32
229 192 116 32
229 192 126 32
229 192 134 32
229 192 141 32
229 192 146 32
229 192 150 32
229 192 154 32
229 192 156 32
229 192 174 32
229 192 183 32
229 192 196 32
229 192 200 32
229 192 204 32
229 192 207 32
229 192 211 32
229 192 224 32
229 194 77 24
229 194 93 24
229 194 102 24
229 194 116 24
229 194 119 24
229 194 166 24
229 194 189 24
229 194 197 24
229 195 20 36
229 195 36 36
229 195 70 36
229 195 108 36
229 195 126 36
229 195 176 36
229 197 3 36
229 197 9 36
229 197 12 36
229 197 20 36
229 197 26 36
229 197 33 36
229 197 36 36
229 197 45 36
229 197 51 36
229 197 56 36
229 197 57 36
229 197 70 36
229 197 71 36
229 197 80 36
229 197 83 36
229 197 85 36
229 197 97 36
229 197 99 36
229 197 100 36
229 197 108 36
229 197 118 36
229 197 126 36
229 197 146 36
229 197 147 36
229 197 148 36
229 197 149 36
229 197 153 36
229 197 161 36
229 197 165 36
229 197 174 36
229 197 176 36
229 197 185 36
229 197 192 36
229 197 204 36
229 197 210 36
229 197 225 36
229 198 9 36
229 198 20 36
229 198 51 36
229 198 108 36
229 198 126 36
229 198 176 36
229 200 4 24
229 200 15 24
229 200 168 24
229 200 172 24
229 201 4 36
229 201 10 24
229 201 23 24
229 201 48 36
229 201 53 36
229 201 57 36
229 201 64 36
229 201 65 24
229 201 68 36
229 201 74 24
229 201 77 24
229 201 83 36
229 201 93 24
229 201 96 24
229 201 102 24
229 201 108 36
229 201 110 24
229 201 116 24
229 201 119 24
229 201 121 36
229 201 127 24
229 201 149 36
229 201 163 24
229 201 167 36
229 201 170 24
229 201 172 36
229 201 173 36
229 201 174 36
229 201 176 36
229 201 184 36
229 201 197 24
229 201 198 24
229 201 204 36
229 201 225 36
229 202 81 36
229 202 82 36
229 202 147 36
229 202 148 36
229 202 178 36
229 202 220 36
229 205 10 32
229 205 18 32
229 205 23 32
229 205 39 32
229 205 47 32
229 205 112 32
229 205 137 32
229 205 140 32
229 207 87 32
229 207 101 32
229 207 113 32
229 207 152 32
229 207 179 32
229 207 195 32
229 207 206 32
229 207 219 32
229 210 22 32
229 210 112 32
229 210 124 32
229 210 137 32
229 210 155 32
229 210 164 32
229 210 177 32
229 210 205 32
229 211 11 32
229 211 17 32
229 211 19 32
229 211 22 32
229 211 27 32
229 211 31 32
229 211 49 32
229 211 52 32
229 211 73 32
229 211 104 32
229 211 108 32
229 211 125 32
229 211 133 32
229 211 145 32
229 211 150 32
229 211 160 32
229 211 166 32
229 211 176 32
229 211 177 32
229 211 178 32
229 211 189 32
229 211 199 32
229 211 200 32
229 211 202 32
229 211 206 32
229 211 207 32
229 211 212 32
229 211 215 32
229 211 217 32
229 211 218 32
229 211 219 32
229 211 220 32
229 212 92 24
229 212 96 24
229 212 109 24
229 212 117 24
229 212 150 24
229 212 198 24
229 212 200 24
229 212 208 24
229 213 94 24
229 213 134 24
229 213 161 24
229 213 165 24
229 214 5 36
229 214 9 36
229 214 15 36
229 214 16 36
229 214 31 24
229 214 39 24
229 214 43 36
229 214 44 36
229 214 46 36
229 214 47 24
229 214 49 36
229 214 51 36
229 214 52 24
229 214 67 24
229 214 69 24
229 214 77 24
229 214 83 36
229 214 85 36
229 214 88 24
229 214 97 36
229 214 116 24
229 214 124 24
229 214 133 24
229 214 147 36
229 214 148 36
229 214 149 36
229 214 156 24
229 214 168 36
229 214 188 24
229 214 203 36
229 214 205 24
229 214 207 24
229 214 215 36
229 214 216 24
229 217 9 27
229 217 12 36
229 217 19 27
229 217 20 27
229 217 50 24
229 217 55 27
229 217 75 36
229 217 80 27
229 217 81 27
229 217 104 36
229 217 109 24
229 217 138 27
229 217 142 24
229 217 171 36
229 217 193 27
229 217 202 27
229 217 208 24
229 217 210 36
229 217 218 36
229 218 11 24
229 218 57 24
229 218 125 24
229 218 225 24
229 219 3 24
229 219 19 24
229 219 153 24
229 219 217 24
229 220 36 32
229 220 58 32
229 220 70 32
229 220 81 32
229 220 82 32
229 220 154 32
229 220 202 32
229 220 212 32
229 222 28 24
229 222 59 24
229 222 66 24
229 222 90 24
229 222 96 24
229 222 101 24
229 222 195 24
229 222 198 24
229 223 37 25
229 223 75 25
229 223 78 25
229 223 108 25
229 223 125 25
229 223 146 25
229 223 147 25
229 223 161 25
229 223 183 25
229 223 217 25
229 224 39 32
229 224 47 32
229 224 92 32
229 224 96 32
229 224 117 32
229 224 124 32
229 224 198 32
229 224 205 32
229 226 5 32
229 226 33 32
229 226 36 32
229 226 46 32
229 226 61 32
229 226 64 32
229 226 68 32
229 226 70 32
229 226 103 32
229 226 118 32
229 226 129 32
229 226 158 32
229 226 173 32
229 226 184 32
229 226 209 32
229 226 214 32
233 1 73 32
233 1 83 32
233 1 122 32
233 1 125 32
233 1 127 32
233 1 192 32
233 1 212 32
233 1 222 32
233 3 15 24
233 3 202 24
233 3 207 24
233 3 224 24
233 4 46 24
233 4 76 24
233 4 126 24
233 4 135 24
233 5 16 27
233 5 29 27
233 5 36 36
233 5 37 36
233 5 63 36
233 5 64 36
233 5 67 24
233 5 71 27
233 5 80 24
233 5 81 36
233 5 110 36
233 5 120 36
233 5 121 27
233 5 123 36
233 5 142 36
233 5 151 24
233 5 159 27
233 5 179 24
233 5 187 27
233 5 197 36
233 5 200 36
233 5 207 27
233 5 210 36
233 5 217 27
233 5 226 27
233 9 27 24
233 9 65 24
233 9 164 24
233 9 190 24
233 10 55 24
233 10 62 24
233 10 109 24
233 10 161 24
233 13 2 27
233 13 7 27
233 13 8 36
233 13 14 36
233 13 25 36
233 13 28 36
233 13 30 27
233 13 31 27
233 13 41 24
233 13 50 36
233 13 74 27
233 13 89 36
233 13 93 24
233 13 102 27
233 13 105 36
233 13 108 24
233 13 132 36
233 13 144 36
233 13 162 36
233 13 173 27
233 13 187 27
233 13 195 27
233 13 203 36
233 13 204 36
233 13 228 24
233 14 5 32
233 14 45 32
233 14 65 32
233 14 69 32
233 14 140 32
233 14 145 32
233 14 190 32
233 14 206 32
233 17 84 24
233 17 86 24
233 17 95 24
233 17 103 24
233 17 118 24
233 17 130 24
233 17 138 24
233 17 156 24
233 18 38 24
233 18 58 24
233 18 92 24
233 18 229 24
233 19 2 32
233 19 15 32
233 19 22 32
233 19 37 32
233 19 45 32
233 19 47 32
233 19 52 32
233 19 53 32
233 19 54 32
233 19 62 32
233 19 63 32
233 19 77 32
233 19 81 32
233 19 82 32
233 19 84 32
233 19 86 32
233 19 99 32
233 19 109 32
233 19 115 32
233 19 117 32
233 19 119 32
233 19 121 32
233 19 126 32
233 19 135 32
233 19 137 32
233 19 141 32
233 19 145 32
233 19 193 32
233 19 195 32
233 19 202 32
233 19 210 32
233 19 216 32
233 20 9 36
233 20 15 27
233 20 23 36
233 20 26 36
233 20 32 36
233 20 42 24
233 20 51 36
233 20 56 36
233 20 63 27
233 20 74 27
233 20 104 36
233 20 107 27
233 20 112 36
233 20 120 27
233 20 129 36
233 20 152 36
233 20 163 24
233 20 172 24
233 20 177 36
233 20 178 27
233 20 181 36
233 20 201 27
233 20 214 27
233 20 223 24
233 20 224 27
233 21 3 32
233 21 6 32
233 21 10 32
233 21 12 32
233 21 20 32
233 21 24 32
233 21 35 32
233 21 39 32
233 21 40 32
233 21 41 32
233 21 42 32
233 21 43 32
233 21 44 32
233 21 47 32
233 21 54 32
233 21 57 32
233 21 59 32
233 21 68 32
233 21 69 32
233 21 70 32
233 21 73 32
233 21 75 32
233 21 78 32
233 21 79 32
233 21 82 32
233 21 83 32
233 21 87 32
233 21 88 32
233 21 93 32
233 21 94 32
233 21 95 32
233 21 103 32
233 21 108 32
233 21 118 32
233 21 119 32
233 21 125 32
233 21 130 32
233 21 134 32
233 21 136 32
233 21 137 32
233 21 138 32
233 21 139 32
233 21 143 32
233 21 146 32
233 21 150 32
233 21 153 32
233 21 154 32
233 21 155 32
233 21 156 32
233 21 158 32
233 21 160 32
233 21 165 32
233 21 166 32
233 21 168 32
233 21 172 32
233 21 174 32
233 21 176 32
233 21 188 32
233 21 192 32
233 21 206 32
233 21 209 32
233 21 216 32
233 21 228 32
233 21 230 32
233 23 2 36
233 23 9 27
233 23 15 27
233 23 19 27
233 23 29 36
233 23 42 24
233 23 46 36
233 23 52 36
233 23 64 27
233 23 76 36
233 23 81 27
233 23 85 36
233 23 117 36
233 23 121 36
233 23 124 36
233 23 144 27
233 23 153 24
233 23 159 36
233 23 166 24
233 23 171 36
233 23 172 24
233 23 177 27
233 23 201 27
233 23 205 27
233 23 225 36
233 24 7 27
233 24 11 24
233 24 23 36
233 24 62 27
233 24 63 27
233 24 72 36
233 24 74 27
233 24 85 36
233 24 91 36
233 24 93 24
233 24 98 27
233 24 105 36
233 24 106 24
233 24 121 27
233 24 126 27
233 24 132 36
233 24 152 36
233 24 159 36
233 24 162 36
233 24 169 36
233 24 177 27
233 24 178 36
233 24 203 36
233 24 220 27
233 24 228 24
233 25 29 24
233 25 60 24
233 25 167 24
233 25 225 24
233 29 94 24
233 29 155 24
233 29 176 24
233 29 230 24
233 30 23 32
233 30 31 32
233 30 49 32
233 30 52 32
233 30 62 32
233 30 89 32
233 30 109 32
233 30 121 32
233 30 124 32
233 30 144 32
233 30 152 32
233 30 157 32
233 30 171 32
233 30 187 32
233 30 214 32
233 30 218 32
233 31 11 24
233 31 59 24
233 31 67 24
233 31 79 24
233 31 80 24
233 31 106 24
233 31 194 24
233 31 227 24
233 32 2 36
233 32 10 24
233 32 13 36
233 32 16 36
233 32 18 36
233 32 19 27
233 32 23 36
233 32 52 27
233 32 55 36
233 32 69 24
233 32 70 24
233 32 102 36
233 32 112 27
233 32 116 36
233 32 117 36
233 32 126 27
233 32 141 27
233 32 144 27
233 32 152 36
233 32 161 36
233 32 178 27
233 32 182 27
233 32 206 24
233 32 219 27
233 32 231 36
233 33 4 36
233 33 9 36
233 33 23 36
233 33 26 36
233 33 31 36
233 33 37 27
233 33 71 36
233 33 77 24
233 33 88 24
233 33 91 27
233 33 115 24
233 33 117 27
233 33 120 27
233 33 128 36
233 33 129 27
233 33 141 36
233 33 144 27
233 33 152 36
233 33 175 36
233 33 188 24
233 33 195 36
233 33 207 27
233 33 215 27
233 33 218 36
233 33 226 27
233 35 3 24
233 35 12 24
233 35 17 24
233 35 78 24
233 35 96 24
233 35 136 24
233 35 153 24
233 35 166 24
233 36 12 32
233 36 61 32
233 36 136 32
233 36 150 32
233 36 160 32
233 36 191 32
233 36 198 32
233 36 213 32
233 38 4 27
233 38 7 36
233 38 19 36
233 38 36 36
233 38 41 24
233 38 62 36
233 38 71 27
233 38 72 27
233 38 97 24
233 38 100 36
233 38 108 24
233 38 109 36
233 38 110 27
233 38 113 27
233 38 116 36
233 38 123 36
233 38 157 36
233 38 162 27
233 38 170 27
233 38 184 36
233 38 187 36
233 38 219 27
233 38 221 24
233 38 229 27
233 38 231 36
233 39 25 24
233 39 28 24
233 39 183 24
233 39 219 24
233 42 6 32
233 42 8 32
233 42 9 32
233 42 10 32
233 42 13 32
233 42 14 32
233 42 18 32
233 42 24 32
233 42 26 32
233 42 39 32
233 42 50 32
233 42 67 32
233 42 68 32
233 42 70 32
233 42 80 32
233 42 84 32
233 42 85 32
233 42 86 32
233 42 89 32
233 42 95 32
233 42 97 32
233 42 116 32
233 42 130 32
233 42 144 32
233 42 159 32
233 42 185 32
233 42 199 32
233 42 204 32
233 42 205 32
233 42 208 32
233 42 221 32
233 42 231 32
233 44 56 32
233 44 74 32
233 44 112 32
233 44 129 32
233 44 148 32
233 44 181 32
233 44 207 32
233 44 224 32
233 45 16 36
233 45 31 36
233 45 39 27
233 45 41 27
233 45 60 36
233 45 67 27
233 45 69 27
233 45 97 27
233 45 102 36
233 45 104 36
233 45 132 36
233 45 137 27
233 45 140 27
233 45 147 27
233 45 167 36
233 45 177 36
233 45 188 27
233 45 203 36
233 45 207 36
233 45 218 36
233 45 224 36
233 47 38 24
233 47 62 24
233 47 92 24
233 47 109 24
233 49 36 32
233 49 62 32
233 49 85 32
233 49 109 32
233 49 123 32
233 49 159 32
233 49 205 32
233 49 208 32
233 51 45 32
233 51 57 32
233 51 125 32
233 51 139 32
233 51 145 32
233 51 150 32
233 51 160 32
233 51 192 32
233 55 30 36
233 55 37 36
233 55 45 27
233 55 48 27
233 55 53 27
233 55 63 36
233 55 71 36
233 55 74 36
233 55 79 27
233 55 95 27
233 55 99 27
233 55 101 36
233 55 114 27
233 55 128 36
233 55 148 36
233 55 154 27
233 55 156 27
233 55 207 36
233 55 215 36
233 55 220 36
233 55 224 36
233 56 60 24
233 56 64 24
233 56 142 24
233 56 167 24
233 60 27 24
233 60 44 24
233 60 93 24
233 60 143 24
233 60 151 24
233 60 164 24
233 60 179 24
233 60 228 24
233 61 20 32
233 61 35 32
233 61 44 32
233 61 84 32
233 61 86 32
233 61 137 32
233 61 143 32
233 61 216 32
233 62 6 24
233 62 39 24
233 62 57 24
233 62 59 24
233 62 79 24
233 62 139 24
233 62 151 24
233 62 179 24
233 64 6 32
233 64 7 32
233 64 10 32
233 64 21 32
233 64 25 32
233 64 28 32
233 64 29 32
233 64 30 32
233 64 33 32
233 64 39 32
233 64 54 32
233 64 56 32
233 64 59 32
233 64 64 32
233 64 70 32
233 64 72 32
233 64 73 32
233 64 79 32
233 64 82 32
233 64 83 32
233 64 89 32
233 64 94 32
233 64 100 32
233 64 101 32
233 64 104 32
233 64 105 32
233 64 111 32
233 64 113 32
233 64 116 32
233 64 124 32
233 64 125 32
233 64 126 32
233 64 129 32
233 64 135 32
233 64 137 32
233 64 141 32
233 64 142 32
233 64 144 32
233 64 146 32
233 64 150 32
233 64 151 32
233 64 154 32
233 64 158 32
233 64 160 32
233 64 162 32
233 64 165 32
233 64 171 32
233 64 174 32
233 64 176 32
233 64 177 32
233 64 178 32
233 64 179 32
233 64 185 32
233 64 192 32
233 64 195 32
233 64 198 32
233 64 199 32
233 64 207 32
233 64 209 32
233 64 213 32
233 64 216 32
233 64 224 32
233 64 225 32
233 64 231 32
233 66 89 24
233 66 141 24
233 66 144 24
233 66 195 24
233 67 7 36
233 67 20 27
233 67 32 36
233 67 41 27
233 67 42 27
233 67 51 36
233 67 66 36
233 67 85 36
233 67 95 27
233 67 100 36
233 67 120 36
233 67 122 27
233 67 125 27
233 67 133 36
233 67 140 27
233 67 143 27
233 67 159 36
233 67 166 27
233 67 173 36
233 67 200 36
233 67 226 36
233 69 12 32
233 69 17 32
233 69 59 32
233 69 79 32
233 69 96 32
233 69 136 32
233 69 165 32
233 69 209 32
233 72 59 32
233 72 61 32
233 72 79 32
233 72 95 32
233 72 99 32
233 72 130 32
233 72 191 32
233 72 193 32
233 73 52 24
233 73 91 24
233 73 121 24
233 73 169 24
233 74 17 24
233 74 45 24
233 74 77 24
233 74 96 24
233 74 115 24
233 74 145 24
233 74 154 24
233 74 174 24
233 78 16 24
233 78 85 24
233 78 102 24
233 78 159 24
233 79 46 24
233 79 76 24
233 79 126 24
233 79 135 24
233 82 5 27
233 82 11 27
233 82 14 36
233 82 20 27
233 82 27 27
233 82 30 36
233 82 34 27
233 82 38 36
233 82 45 27
233 82 50 36
233 82 71 36
233 82 81 36
233 82 88 27
233 82 92 36
233 82 101 36
233 82 104 36
233 82 128 36
233 82 151 27
233 82 158 27
233 82 177 36
233 82 210 36
233 83 2 32
233 83 6 32
233 83 8 32
233 83 16 32
233 83 17 32
233 83 24 32
233 83 29 32
233 83 33 32
233 83 36 32
233 83 37 32
233 83 39 32
233 83 42 32
233 83 44 32
233 83 46 32
233 83 52 32
233 83 55 32
233 83 57 32
233 83 63 32
233 83 64 32
233 83 68 32
233 83 71 32
233 83 74 32
233 83 76 32
233 83 88 32
233 83 94 32
233 83 96 32
233 83 98 32
233 83 99 32
233 83 102 32
233 83 103 32
233 83 104 32
233 83 105 32
233 83 107 32
233 83 113 32
233 83 117 32
233 83 121 32
233 83 123 32
233 83 125 32
233 83 128 32
233 83 137 32
233 83 138 32
233 83 139 32
233 83 142 32
233 83 143 32
233 83 148 32
233 83 155 32
233 83 161 32
233 83 162 32
233 83 165 32
233 83 172 32
233 83 176 32
233 83 177 32
233 83 185 32
233 83 188 32
233 83 192 32
233 83 193 32
233 83 194 32
233 83 199 32
233 83 204 32
233 83 209 32
233 83 216 32
233 83 225 32
233 83 227 32
233 83 230 32
233 85 7 36
233 85 29 36
233 85 30 36
233 85 39 27
233 85 53 27
233 85 54 27
233 85 59 27
233 85 69 27
233 85 98 36
233 85 100 36
233 85 101 36
233 85 107 36
233 85 133 36
233 85 139 27
233 85 141 36
233 85 158 27
233 85 180 27
233 85 195 36
233 85 223 27
233 85 225 36
233 85 226 36
233 86 7 36
233 86 10 27
233 86 27 27
233 86 58 36
233 86 62 36
233 86 74 36
233 86 77 27
233 86 100 36
233 86 109 36
233 86 112 36
233 86 132 36
233 86 148 36
233 86 150 27
233 86 153 27
233 86 181 36
233 86 186 27
233 86 203 36
233 86 216 27
233 86 223 27
233 86 229 36
233 86 230 27
233 87 11 24
233 87 106 24
233 87 153 24
233 87 154 24
233 87 163 24
233 87 166 24
233 87 174 24
233 87 223 24
233 89 7 24
233 89 29 24
233 89 100 24
233 89 225 24
233 90 4 32
233 90 38 32
233 90 92 32
233 90 105 32
233 90 124 32
233 90 162 32
233 90 171 32
233 90 175 32
233 91 7 36
233 91 33 27
233 91 49 36
233 91 64 27
233 91 85 36
233 91 100 36
233 91 104 36
233 91 107 27
233 91 125 24
233 91 126 36
233 91 133 36
233 91 135 36
233 91 144 27
233 91 159 36
233 91 167 27
233 91 175 27
233 91 177 36
233 91 185 24
233 91 192 24
233 91 196 27
233 91 199 24
233 91 214 36
233 91 224 27
233 91 225 27
233 91 226 36
233 93 46 32
233 93 76 32
233 93 91 32
233 93 116 32
233 93 169 32
233 93 207 32
233 93 224 32
233 93 231 32
233 94 32 24
233 94 51 24
233 94 215 24
233 94 220 24
233 96 33 24
233 96 52 24
233 96 113 24
233 96 121 24
233 100 4 32
233 100 29 32
233 100 30 32
233 100 31 32
233 100 32 32
233 100 37 32
233 100 51 32
233 100 62 32
233 100 63 32
233 100 72 32
233 100 74 32
233 100 101 32
233 100 104 32
233 100 109 32
233 100 116 32
233 100 120 32
233 100 124 32
233 100 126 32
233 100 132 32
233 100 135 32
233 100 148 32
233 100 171 32
233 100 175 32
233 100 177 32
233 100 178 32
233 100 183 32
233 100 200 32
233 100 203 32
233 100 218 32
233 100 219 32
233 100 225 32
233 100 231 32
233 104 37 24
233 104 60 24
233 104 63 24
233 104 167 24
233 106 8 27
233 106 30 27
233 106 46 36
233 106 52 27
233 106 55 27
233 106 56 27
233 106 60 27
233 106 66 36
233 106 76 36
233 106 81 36
233 106 85 36
233 106 90 24
233 106 91 36
233 106 112 36
233 106 114 24
233 106 117 27
233 106 159 36
233 106 169 36
233 106 173 36
233 106 181 36
233 106 184 27
233 106 186 24
233 106 187 27
233 106 189 24
233 106 210 36
233 107 20 24
233 107 35 24
233 107 94 24
233 107 118 24
233 107 122 24
233 107 156 24
233 107 176 24
233 107 212 24
233 108 23 36
233 108 29 27
233 108 32 36
233 108 49 36
233 108 51 36
233 108 55 27
233 108 56 27
233 108 60 27
233 108 100 27
233 108 105 36
233 108 114 24
233 108 128 27
233 108 132 36
233 108 142 27
233 108 152 36
233 108 162 36
233 108 186 24
233 108 194 24
233 108 200 27
233 108 203 36
233 108 207 36
233 108 214 36
233 108 218 27
233 108 224 36
233 108 227 24
233 109 21 32
233 109 103 32
233 109 111 32
233 109 137 32
233 109 138 32
233 109 154 32
233 109 174 32
233 109 216 32
233 112 4 36
233 112 8 36
233 112 14 36
233 112 46 27
233 112 50 36
233 112 56 36
233 112 84 24
233 112 86 24
233 112 109 27
233 112 110 36
233 112 121 27
233 112 129 36
233 112 142 27
233 112 159 27
233 112 170 36
233 112 175 36
233 112 180 24
233 112 196 36
233 112 197 36
233 112 201 27
233 112 204 36
233 112 210 27
233 112 211 24
233 112 218 27
233 112 225 27
233 115 46 32
233 115 60 32
233 115 76 32
233 115 112 32
233 115 124 32
233 115 133 32
233 115 141 32
233 115 157 32
233 115 167 32
233 115 171 32
233 115 181 32
233 115 183 32
233 115 187 32
233 115 195 32
233 115 219 32
233 115 226 32
233 118 7 32
233 118 14 32
233 118 38 32
233 118 46 32
233 118 50 32
233 118 52 32
233 118 62 32
233 118 66 32
233 118 76 32
233 118 92 32
233 118 100 32
233 118 109 32
233 118 121 32
233 118 157 32
233 118 173 32
233 118 187 32
233 121 8 27
233 121 15 27
233 121 22 24
233 121 23 27
233 121 29 36
233 121 32 27
233 121 36 36
233 121 37 36
233 121 53 24
233 121 58 36
233 121 63 36
233 121 74 27
233 121 91 27
233 121 104 36
233 121 112 27
233 121 123 36
233 121 124 27
233 121 147 24
233 121 149 24
233 121 177 36
233 121 183 36
233 121 187 27
233 121 219 36
233 121 225 36
233 121 229 36
233 124 17 32
233 124 59 32
233 124 79 32
233 124 95 32
233 124 96 32
233 124 122 32
233 124 130 32
233 124 212 32
233 125 6 24
233 125 9 36
233 125 15 27
233 125 19 36
233 125 26 36
233 125 30 36
233 125 33 27
233 125 39 24
233 125 47 24
233 125 71 36
233 125 81 36
233 125 91 27
233 125 101 36
233 125 105 27
233 125 119 24
233 125 128 36
233 125 133 27
233 125 173 27
233 125 177 27
233 125 178 27
233 125 182 36
233 125 184 36
233 125 201 36
233 125 204 27
233 125 210 36
233 126 21 24
233 126 57 24
233 126 77 24
233 126 111 24
233 126 115 24
233 126 139 24
233 126 198 24
233 126 213 24
233 127 23 36
233 127 44 24
233 127 46 27
233 127 47 24
233 127 49 27
233 127 52 36
233 127 60 36
233 127 64 36
233 127 74 36
233 127 116 27
233 127 119 24
233 127 121 36
233 127 142 36
233 127 143 24
233 127 148 36
233 127 152 36
233 127 157 36
233 127 167 36
233 127 173 27
233 127 177 27
233 127 178 27
233 127 181 27
233 127 187 36
233 127 203 27
233 127 225 27
233 129 66 24
233 129 170 24
233 129 173 24
233 129 196 24
233 133 2 32
233 133 8 32
233 133 14 32
233 133 15 32
233 133 30 32
233 133 33 32
233 133 50 32
233 133 55 32
233 133 56 32
233 133 58 32
233 133 62 32
233 133 85 32
233 133 98 32
233 133 101 32
233 133 107 32
233 133 109 32
233 133 113 32
233 133 117 32
233 133 124 32
233 133 129 32
233 133 132 32
233 133 159 32
233 133 161 32
233 133 170 32
233 133 171 32
233 133 182 32
233 133 196 32
233 133 201 32
233 133 202 32
233 133 203 32
233 133 204 32
233 133 229 32
233 137 112 24
233 137 120 24
233 137 181 24
233 137 200 24
233 139 13 24
233 139 18 24
233 139 182 24
233 139 201 24
233 140 2 32
233 140 9 32
233 140 26 32
233 140 64 32
233 140 117 32
233 140 142 32
233 140 157 32
233 140 187 32
233 142 7 36
233 142 8 27
233 142 9 27
233 142 19 36
233 142 34 24
233 142 37 27
233 142 41 24
233 142 48 24
233 142 56 36
233 142 58 27
233 142 66 27
233 142 74 36
233 142 89 27
233 142 98 36
233 142 100 36
233 142 107 36
233 142 108 24
233 142 126 27
233 142 129 36
233 142 133 36
233 142 148 36
233 142 169 27
233 142 184 36
233 142 200 27
233 142 226 36
233 143 58 32
233 143 62 32
233 143 71 32
233 143 109 32
233 143 128 32
233 143 141 32
233 143 195 32
233 143 229 32
233 144 8 24
233 144 133 24
233 144 204 24
233 144 226 24
233 146 10 24
233 146 59 24
233 146 67 24
233 146 70 24
233 146 79 24
233 146 80 24
233 146 127 24
233 146 222 24
233 147 3 27
233 147 4 36
233 147 10 27
233 147 17 27
233 147 30 36
233 147 47 27
233 147 52 36
233 147 80 27
233 147 83 27
233 147 85 36
233 147 101 36
233 147 121 36
233 147 124 36
233 147 133 36
233 147 156 27
233 147 159 36
233 147 171 36
233 147 175 36
233 147 206 27
233 147 223 27
233 147 226 36
233 148 7 36
233 148 8 36
233 148 10 27
233 148 38 36
233 148 53 27
233 148 75 27
233 148 92 36
233 148 94 27
233 148 100 36
233 148 126 36
233 148 132 36
233 148 133 36
233 148 135 36
233 148 164 27
233 148 174 27
233 148 179 27
233 148 180 27
233 148 194 27
233 148 203 36
233 148 204 36
233 148 226 36
233 150 3 32
233 150 6 32
233 150 8 32
233 150 17 32
233 150 24 32
233 150 29 32
233 150 34 32
233 150 39 32
233 150 40 32
233 150 41 32
233 150 45 32
233 150 48 32
233 150 56 32
233 150 57 32
233 150 61 32
233 150 68 32
233 150 71 32
233 150 72 32
233 150 78 32
233 150 85 32
233 150 90 32
233 150 91 32
233 150 94 32
233 150 95 32
233 150 96 32
233 150 105 32
233 150 108 32
233 150 110 32
233 150 112 32
233 150 116 32
233 150 120 32
233 150 126 32
233 150 128 32
233 150 129 32
233 150 130 32
233 150 131 32
233 150 134 32
233 150 135 32
233 150 137 32
233 150 139 32
233 150 145 32
233 150 157 32
233 150 159 32
233 150 162 32
233 150 165 32
233 150 169 32
233 150 170 32
233 150 176 32
233 150 178 32
233 150 181 32
233 150 187 32
233 150 189 32
233 150 191 32
233 150 194 32
233 150 196 32
233 150 197 32
233 150 200 32
233 150 204 32
233 150 209 32
233 150 216 32
233 150 217 32
233 150 225 32
233 150 227 32
233 150 231 32
233 151 23 36
233 151 56 36
233 151 75 27
233 151 82 27
233 151 105 36
233 151 129 36
233 151 132 36
233 151 141 36
233 151 145 27
233 151 152 36
233 151 162 36
233 151 183 36
233 151 188 27
233 151 195 36
233 151 199 27
233 151 203 36
233 151 206 27
233 151 213 27
233 151 219 36
233 151 222 27
233 151 228 27
233 154 98 24
233 154 107 24
233 154 157 24
233 154 187 24
233 155 74 24
233 155 131 24
233 155 148 24
233 155 217 24
233 159 59 24
233 159 79 24
233 159 88 24
233 159 118 24
233 159 137 24
233 159 156 24
233 159 188 24
233 159 216 24
233 160 64 24
233 160 112 24
233 160 142 24
233 160 181 24
233 161 40 32
233 161 42 32
233 161 103 32
233 161 134 32
233 161 138 32
233 161 154 32
233 161 172 32
233 161 174 32
233 164 24 32
233 164 68 32
233 164 97 32
233 164 137 32
233 164 154 32
233 164 174 32
233 164 216 32
233 164 221 32
233 166 7 36
233 166 33 36
233 166 60 36
233 166 67 27
233 166 74 36
233 166 90 27
233 166 93 27
233 166 100 36
233 166 108 27
233 166 111 27
233 166 113 36
233 166 133 36
233 166 138 27
233 166 148 36
233 166 167 36
233 166 182 36
233 166 191 27
233 166 192 27
233 166 201 36
233 166 213 27
233 166 226 36
233 167 38 24
233 167 89 24
233 167 92 24
233 167 144 24
233 169 2 32
233 169 8 32
233 169 9 32
233 169 17 32
233 169 20 32
233 169 24 32
233 169 26 32
233 169 34 32
233 169 35 32
233 169 38 32
233 169 41 32
233 169 48 32
233 169 54 32
233 169 55 32
233 169 56 32
233 169 57 32
233 169 59 32
233 169 62 32
233 169 68 32
233 169 71 32
233 169 73 32
233 169 75 32
233 169 79 32
233 169 82 32
233 169 83 32
233 169 87 32
233 169 89 32
233 169 91 32
233 169 92 32
233 169 96 32
233 169 98 32
233 169 104 32
233 169 107 32
233 169 108 32
233 169 109 32
233 169 117 32
233 169 120 32
233 169 122 32
233 169 128 32
233 169 129 32
233 169 132 32
233 169 133 32
233 169 139 32
233 169 144 32
233 169 150 32
233 169 151 32
233 169 154 32
233 169 160 32
233 169 161 32
233 169 163 32
233 169 169 32
233 169 174 32
233 169 177 32
233 169 179 32
233 169 194 32
233 169 200 32
233 169 203 32
233 169 204 32
233 169 205 32
233 169 208 32
233 169 212 32
233 169 223 32
233 169 226 32
233 169 227 32
233 171 54 24
233 171 82 24
233 171 94 24
233 171 154 24
233 171 174 24
233 171 176 24
233 171 194 24
233 171 227 24
233 172 17 32
233 172 90 32
233 172 96 32
233 172 147 32
233 172 149 32
233 172 189 32
233 172 198 32
233 172 213 32
233 173 5 24
233 173 54 24
233 173 69 24
233 173 82 24
233 173 90 24
233 173 140 24
233 173 189 24
233 173 206 24
233 177 66 24
233 177 91 24
233 177 169 24
233 177 173 24
233 178 9 36
233 178 13 36
233 178 18 36
233 178 26 36
233 178 77 27
233 178 79 27
233 178 85 36
233 178 105 36
233 178 119 27
233 178 132 36
233 178 134 27
233 178 138 27
233 178 154 27
233 178 159 36
233 178 162 36
233 178 170 36
233 178 180 27
233 178 185 27
233 178 188 27
233 178 196 36
233 178 203 36
233 182 41 32
233 182 73 32
233 182 83 32
233 182 88 32
233 182 94 32
233 182 108 32
233 182 176 32
233 182 188 32
233 184 25 32
233 184 28 32
233 184 74 32
233 184 110 32
233 184 124 32
233 184 148 32
233 184 171 32
233 184 197 32
233 186 124 24
233 186 141 24
233 186 171 24
233 186 195 24
233 188 9 36
233 188 15 36
233 188 26 36
233 188 30 36
233 188 45 27
233 188 56 36
233 188 66 36
233 188 86 27
233 188 93 27
233 188 96 27
233 188 101 36
233 188 129 36
233 188 131 36
233 188 136 27
233 188 164 27
233 188 166 27
233 188 173 36
233 188 192 27
233 188 194 27
233 188 202 36
233 188 217 36
233 189 9 32
233 189 26 32
233 189 52 32
233 189 85 32
233 189 104 32
233 189 121 32
233 189 159 32
233 189 177 32
233 191 2 32
233 191 12 32
233 191 25 32
233 191 28 32
233 191 29 32
233 191 34 32
233 191 48 32
233 191 74 32
233 191 89 32
233 191 103 32
233 191 117 32
233 191 136 32
233 191 138 32
233 191 144 32
233 191 147 32
233 191 148 32
233 191 149 32
233 191 153 32
233 191 163 32
233 191 165 32
233 191 166 32
233 191 183 32
233 191 194 32
233 191 207 32
233 191 209 32
233 191 215 32
233 191 219 32
233 191 220 32
233 191 223 32
233 191 224 32
233 191 225 32
233 191 227 32
233 194 14 24
233 194 50 24
233 194 205 24
233 194 208 24
233 195 2 36
233 195 4 27
233 195 12 24
233 195 14 27
233 195 46 36
233 195 49 36
233 195 63 27
233 195 71 27
233 195 76 36
233 195 110 36
233 195 117 36
233 195 120 27
233 195 123 27
233 195 124 36
233 195 125 24
233 195 133 36
233 195 136 24
233 195 161 27
233 195 162 27
233 195 171 36
233 195 192 24
233 195 197 36
233 195 214 36
233 195 226 36
233 195 229 27
233 197 20 32
233 197 35 32
233 197 42 32
233 197 73 32
233 197 83 32
233 197 97 32
233 197 172 32
233 197 221 32
233 198 67 24
233 198 80 24
233 198 97 24
233 198 137 24
233 198 155 24
233 198 216 24
233 198 221 24
233 198 230 24
233 200 7 27
233 200 15 36
233 200 18 27
233 200 26 27
233 200 38 36
233 200 45 24
233 200 58 36
233 200 81 36
233 200 89 27
233 200 92 36
233 200 104 27
233 200 105 36
233 200 113 27
233 200 116 27
233 200 118 24
233 200 142 27
233 200 145 24
233 200 156 24
233 200 162 36
233 200 196 27
233 200 202 36
233 200 207 36
233 200 210 36
233 200 224 36
233 200 229 36
233 201 2 36
233 201 14 27
233 201 27 24
233 201 51 27
233 201 55 27
233 201 72 36
233 201 81 36
233 201 89 27
233 201 92 27
233 201 107 27
233 201 116 36
233 201 117 36
233 201 121 27
233 201 131 36
233 201 163 24
233 201 164 24
233 201 178 36
233 201 181 27
233 201 210 36
233 201 214 27
233 201 215 36
233 201 217 36
233 201 220 36
233 201 223 24
233 201 231 36
233 202 6 24
233 202 39 24
233 202 127 24
233 202 153 24
233 202 154 24
233 202 166 24
233 202 174 24
233 202 222 24
233 203 15 32
233 203 19 32
233 203 46 32
233 203 62 32
233 203 76 32
233 203 81 32
233 203 89 32
233 203 109 32
233 203 112 32
233 203 124 32
233 203 144 32
233 203 171 32
233 203 181 32
233 203 184 32
233 203 202 32
233 203 210 32
233 204 3 24
233 204 57 24
233 204 78 24
233 204 139 24
233 208 8 24
233 208 66 24
233 208 173 24
233 208 204 24
233 209 5 24
233 209 13 27
233 209 30 36
233 209 55 36
233 209 56 27
233 209 64 36
233 209 71 36
233 209 74 36
233 209 81 36
233 209 101 36
233 209 107 27
233 209 112 27
233 209 127 24
233 209 128 36
233 209 135 27
233 209 140 24
233 209 142 36
233 209 148 36
233 209 159 27
233 209 161 36
233 209 170 27
233 209 171 27
233 209 210 36
233 209 222 24
233 209 226 27
233 210 8 36
233 210 28 27
233 210 32 27
233 210 56 27
233 210 61 24
233 210 62 36
233 210 67 24
233 210 74 36
233 210 80 24
233 210 89 27
233 210 109 36
233 210 112 36
233 210 116 36
233 210 148 36
233 210 152 27
233 210 157 36
233 210 169 27
233 210 181 36
233 210 187 36
233 210 191 24
233 210 204 36
233 210 214 27
233 210 218 27
233 210 224 27
233 210 231 36
233 212 3 32
233 212 5 32
233 212 17 32
233 212 24 32
233 212 27 32
233 212 41 32
233 212 45 32
233 212 57 32
233 212 59 32
233 212 61 32
233 212 65 32
233 212 67 32
233 212 68 32
233 212 73 32
233 212 75 32
233 212 77 32
233 212 78 32
233 212 79 32
233 212 80 32
233 212 83 32
233 212 87 32
233 212 90 32
233 212 94 32
233 212 95 32
233 212 96 32
233 212 97 32
233 212 99 32
233 212 103 32
233 212 108 32
233 212 114 32
233 212 115 32
233 212 125 32
233 212 130 32
233 212 138 32
233 212 139 32
233 212 140 32
233 212 145 32
233 212 146 32
233 212 150 32
233 212 151 32
233 212 154 32
233 212 155 32
233 212 158 32
233 212 160 32
233 212 163 32
233 212 164 32
233 212 165 32
233 212 174 32
233 212 176 32
233 212 179 32
233 212 186 32
233 212 189 32
233 212 190 32
233 212 191 32
233 212 192 32
233 212 193 32
233 212 194 32
233 212 198 32
233 212 209 32
233 212 213 32
233 212 221 32
233 212 223 32
233 212 227 32
233 212 230 32
233 213 9 27
233 213 10 24
233 213 19 27
233 213 32 27
233 213 52 36
233 213 55 27
233 213 56 36
233 213 61 24
233 213 70 24
233 213 81 36
233 213 104 36
233 213 113 27
233 213 121 36
233 213 126 27
233 213 129 36
233 213 159 27
233 213 170 27
233 213 177 36
233 213 182 36
233 213 191 24
233 213 201 36
233 213 207 36
233 213 210 36
233 213 218 27
233 213 224 36
233 214 17 32
233 214 23 32
233 214 31 32
233 214 38 32
233 214 40 32
233 214 88 32
233 214 92 32
233 214 96 32
233 214 98 32
233 214 107 32
233 214 112 32
233 214 114 32
233 214 116 32
233 214 118 32
233 214 124 32
233 214 134 32
233 214 147 32
233 214 149 32
233 214 151 32
233 214 152 32
233 214 156 32
233 214 170 32
233 214 171 32
233 214 179 32
233 214 180 32
233 214 181 32
233 214 186 32
233 214 188 32
233 214 196 32
233 214 211 32
233 214 218 32
233 214 231 32
233 215 4 24
233 215 141 24
233 215 175 24
233 215 195 24
233 216 77 24
233 216 95 24
233 216 103 24
233 216 115 24
233 216 130 24
233 216 138 24
233 216 147 24
233 216 149 24
233 219 27 32
233 219 43 32
233 219 88 32
233 219 93 32
233 219 164 32
233 219 168 32
233 219 188 32
233 219 228 32
233 220 5 24
233 220 29 36
233 220 30 36
233 220 38 27
233 220 46 27
233 220 60 27
233 220 71 36
233 220 89 36
233 220 101 36
233 220 125 24
233 220 128 36
233 220 131 27
233 220 140 24
233 220 144 36
233 220 159 27
233 220 183 36
233 220 192 24
233 220 202 27
233 220 203 27
233 220 205 36
233 220 208 36
233 220 219 36
233 220 225 36
233 220 226 27
233 220 231 27
233 223 72 24
233 223 124 24
233 223 171 24
233 223 178 24
233 224 43 24
233 224 69 24
233 224 168 24
233 224 206 24
233 228 7 27
233 228 16 27
233 228 23 36
233 228 26 27
233 228 33 36
233 228 36 36
233 228 46 27
233 228 54 24
233 228 74 27
233 228 82 24
233 228 91 36
233 228 110 36
233 228 112 27
233 228 113 36
233 228 123 36
233 228 152 36
233 228 153 24
233 228 162 27
233 228 166 24
233 228 169 36
233 228 170 36
233 228 196 36
233 228 197 36
233 228 204 27
233 228 217 27
233 229 98 24
233 229 107 24
233 229 157 24
233 229 187 24
233 230 9 24
233 230 26 24
233 230 31 24
233 230 218 24
233 232 11 32
233 232 21 32
233 232 41 32
233 232 106 32
233 232 108 32
233 232 111 32
233 232 150 32
233 232 160 32
239 0 14 24
239 0 17 24
239 0 39 24
239 0 49 24
239 0 190 24
239 0 200 24
239 0 222 24
239 0 225 24
239 1 28 32
239 1 35 32
239 1 39 32
239 1 41 32
239 1 65 32
239 1 76 32
239 1 105 32
239 1 111 32
239 1 114 32
239 1 119 32
239 1 159 32
239 1 173 32
239 1 190 32
239 1 217 32
239 1 236 32
239 1 237 32
239 3 10 24
239 3 24 24
239 3 25 24
239 3 61 24
239 3 69 24
239 3 91 24
239 3 97 24
239 3 145 24
239 3 150 24
239 3 153 24
239 3 192 24
239 3 198 24
239 3 204 24
239 3 206 24
239 3 210 24
239 3 218 24
239 4 10 24
239 4 22 24
239 4 24 24
239 4 32 24
239 4 117 24
239 4 125 24
239 4 127 24
239 4 128 24
239 4 139 24
239 4 141 24
239 4 143 24
239 4 147 24
239 4 163 24
239 4 174 24
239 4 211 24
239 4 226 24
239 5 22 36
239 5 32 36
239 5 109 36
239 5 127 36
239 5 163 36
239 5 182 36
239 6 4 24
239 6 23 24
239 6 52 24
239 6 60 24
239 6 66 24
239 6 71 24
239 6 81 24
239 6 101 24
239 6 103 24
239 6 108 24
239 6 124 24
239 6 133 24
239 6 134 24
239 6 135 24
239 6 180 24
239 6 181 24
239 7 11 24
239 7 34 24
239 7 45 24
239 7 71 24
239 7 85 24
239 7 87 24
239 7 90 24
239 7 101 24
239 7 109 24
239 7 123 24
239 7 159 24
239 7 162 24
239 7 171 24
239 7 182 24
239 7 232 24
239 7 236 24
239 9 19 32
239 9 38 32
239 9 42 32
239 9 69 32
239 9 74 32
239 9 79 32
239 9 97 32
239 9 105 32
239 9 118 32
239 9 151 32
239 9 154 32
239 9 164 32
239 9 173 32
239 9 188 32
239 9 194 32
239 9 195 32
239 10 4 24
239 10 15 24
239 10 16 24
239 10 43 24
239 10 60 24
239 10 81 24
239 10 98 24
239 10 100 24
239 10 108 24
239 10 128 24
239 10 135 24
239 10 159 24
239 10 180 24
239 10 189 24
239 10 211 24
239 10 236 24
239 12 15 36
239 12 16 36
239 12 98 36
239 12 100 36
239 12 193 36
239 12 213 36
239 13 10 24
239 13 22 24
239 13 24 24
239 13 55 24
239 13 57 24
239 13 67 24
239 13 76 24
239 13 90 24
239 13 113 24
239 13 124 24
239 13 130 24
239 13 132 24
239 13 133 24
239 13 162 24
239 13 163 24
239 13 217 24
239 14 10 32
239 14 24 32
239 14 37 32
239 14 39 32
239 14 55 32
239 14 72 32
239 14 83 32
239 14 84 32
239 14 108 32
239 14 113 32
239 14 135 32
239 14 159 32
239 14 164 32
239 14 188 32
239 14 190 32
239 14 236 32
239 15 17 24
239 15 76 24
239 15 82 24
239 15 91 24
239 15 137 24
239 15 217 24
239 15 218 24
239 15 225 24
239 16 17 32
239 16 22 32
239 16 25 32
239 16 32 32
239 16 88 32
239 16 90 32
239 16 109 32
239 16 125 32
239 16 127 32
239 16 153 32
239 16 162 32
239 16 163 32
239 16 174 32
239 16 182 32
239 16 220 32
239 16 225 32
239 18 5 24
239 18 10 24
239 18 24 24
239 18 27 24
239 18 34 24
239 18 48 24
239 18 62 24
239 18 71 24
239 18 73 24
239 18 101 24
239 18 109 24
239 18 179 24
239 18 182 24
239 18 203 24
239 18 232 24
239 18 235 24
239 22 12 27
239 22 18 27
239 22 40 27
239 22 43 36
239 22 49 36
239 22 50 36
239 22 53 36
239 22 64 27
239 22 98 36
239 22 100 36
239 22 120 27
239 22 121 27
239 22 144 27
239 22 185 36
239 22 189 36
239 22 196 36
239 22 200 36
239 22 208 36
239 22 216 27
239 22 225 27
239 22 230 36
239 25 78 32
239 25 86 32
239 25 95 32
239 25 103 32
239 25 112 32
239 25 126 32
239 25 152 32
239 25 164 32
239 25 181 32
239 25 184 32
239 25 188 32
239 25 207 32
239 25 209 32
239 25 214 32
239 25 228 32
239 25 231 32
239 26 26 36
239 26 46 36
239 26 47 36
239 26 107 36
239 26 172 36
239 26 178 36
239 27 2 36
239 27 18 36
239 27 42 27
239 27 49 36
239 27 77 27
239 27 91 36
239 27 93 36
239 27 110 36
239 27 114 27
239 27 120 36
239 27 176 36
239 27 178 27
239 27 185 27
239 27 188 27
239 27 193 36
239 27 195 27
239 27 200 36
239 27 213 36
239 27 218 36
239 27 219 27
239 27 228 27
239 29 2 24
239 29 8 24
239 29 12 24
239 29 20 24
239 29 30 24
239 29 67 24
239 29 73 24
239 29 110 24
239 29 120 24
239 29 128 24
239 29 132 24
239 29 138 24
239 29 168 24
239 29 176 24
239 29 203 24
239 29 211 24
239 31 37 32
239 31 39 32
239 31 56 32
239 31 65 32
239 31 79 32
239 31 84 32
239 31 114 32
239 31 117 32
239 31 118 32
239 31 119 32
239 31 143 32
239 31 175 32
239 31 179 32
239 31 190 32
239 31 235 32
239 31 237 32
239 34 7 32
239 34 28 32
239 34 38 32
239 34 56 32
239 34 111 32
239 34 126 32
239 34 159 32
239 34 175 32
239 34 179 32
239 34 184 32
239 34 195 32
239 34 205 32
239 34 209 32
239 34 231 32
239 34 235 32
239 34 236 32
239 35 8 36
239 35 30 36
239 35 58 36
239 35 110 36
239 35 136 36
239 35 176 36
239 38 5 24
239 38 18 24
239 38 22 24
239 38 23 24
239 38 48 24
239 38 52 24
239 38 59 24
239 38 64 24
239 38 93 24
239 38 109 24
239 38 155 24
239 38 158 24
239 38 163 24
239 38 182 24
239 38 183 24
239 38 202 24
239 39 10 32
239 39 24 32
239 39 25 32
239 39 67 32
239 39 73 32
239 39 110 32
239 39 112 32
239 39 119 32
239 39 123 32
239 39 132 32
239 39 153 32
239 39 171 32
239 39 176 32
239 39 203 32
239 39 207 32
239 39 237 32
239 40 11 24
239 40 21 24
239 40 32 24
239 40 87 24
239 40 89 24
239 40 94 24
239 40 103 24
239 40 112 24
239 40 127 24
239 40 148 24
239 40 164 24
239 40 181 24
239 40 188 24
239 40 191 24
239 40 207 24
239 40 234 24
239 41 11 24
239 41 23 24
239 41 44 24
239 41 52 24
239 41 56 24
239 41 70 24
239 41 87 24
239 41 103 24
239 41 105 24
239 41 140 24
239 41 173 24
239 41 175 24
239 41 181 24
239 41 199 24
239 41 201 24
239 41 233 24
239 42 15 24
239 42 16 24
239 42 71 24
239 42 88 24
239 42 101 24
239 42 102 24
239 42 108 24
239 42 135 24
239 42 155 24
239 42 157 24
239 42 159 24
239 42 202 24
239 42 220 24
239 42 223 24
239 42 224 24
239 42 236 24
239 44 3 32
239 44 11 32
239 44 15 32
239 44 16 32
239 44 49 32
239 44 66 32
239 44 67 32
239 44 80 32
239 44 87 32
239 44 102 32
239 44 132 32
239 44 134 32
239 44 155 32
239 44 157 32
239 44 200 32
239 44 202 32
239 45 7 36
239 45 17 27
239 45 32 27
239 45 66 27
239 45 70 36
239 45 76 36
239 45 77 36
239 45 80 27
239 45 83 27
239 45 108 27
239 45 113 27
239 45 122 27
239 45 140 36
239 45 149 36
239 45 159 36
239 45 166 27
239 45 179 36
239 45 205 36
239 45 217 36
239 45 235 36
239 45 236 36
239 46 7 27
239 46 22 36
239 46 37 27
239 46 44 36
239 46 49 36
239 46 55 36
239 46 57 27
239 46 63 27
239 46 90 36
239 46 106 27
239 46 111 27
239 46 113 36
239 46 125 36
239 46 162 36
239 46 163 36
239 46 174 36
239 46 179 27
239 46 200 36
239 46 201 36
239 46 206 27
239 46 222 27
239 47 4 36
239 47 15 36
239 47 16 36
239 47 39 27
239 47 46 27
239 47 49 36
239 47 60 36
239 47 89 27
239 47 104 27
239 47 119 27
239 47 121 36
239 47 124 36
239 47 133 36
239 47 147 36
239 47 152 27
239 47 160 36
239 47 175 27
239 47 200 36
239 47 206 27
239 47 221 27
239 47 226 36
239 48 4 24
239 48 21 36
239 48 38 36
239 48 39 27
239 48 43 27
239 48 47 24
239 48 52 27
239 48 60 24
239 48 69 36
239 48 94 27
239 48 95 27
239 48 97 36
239 48 98 24
239 48 100 24
239 48 139 27
239 48 148 36
239 48 152 27
239 48 154 24
239 48 171 27
239 48 178 24
239 48 191 27
239 48 194 24
239 48 195 36
239 49 3 24
239 49 43 24
239 49 65 24
239 49 72 24
239 49 80 24
239 49 83 24
239 49 114 24
239 49 189 24
239 52 15 32
239 52 16 32
239 52 26 32
239 52 36 32
239 52 46 32
239 52 67 32
239 52 78 32
239 52 91 32
239 52 95 32
239 52 132 32
239 52 139 32
239 52 141 32
239 52 146 32
239 52 166 32
239 52 218 32
239 52 221 32
239 53 8 24
239 53 15 24
239 53 16 24
239 53 23 24
239 53 30 24
239 53 32 24
239 53 44 24
239 53 52 24
239 53 58 24
239 53 99 24
239 53 127 24
239 53 136 24
239 53 169 24
239 53 201 24
239 53 223 24
239 53 224 24
239 54 8 36
239 54 19 27
239 54 21 27
239 54 30 36
239 54 37 36
239 54 43 27
239 54 84 36
239 54 86 36
239 54 88 36
239 54 92 27
239 54 102 36
239 54 107 36
239 54 114 27
239 54 119 27
239 54 129 27
239 54 157 36
239 54 159 27
239 54 172 36
239 54 210 27
239 54 214 36
239 54 220 36
239 55 5 27
239 55 9 27
239 55 27 27
239 55 30 27
239 55 37 36
239 55 84 36
239 55 102 27
239 55 103 36
239 55 132 27
239 55 139 36
239 55 141 36
239 55 146 36
239 55 170 27
239 55 181 36
239 55 196 27
239 55 204 27
239 55 206 36
239 55 210 36
239 55 221 36
239 55 223 36
239 55 224 36
239 57 21 36
239 57 28 36
239 57 53 36
239 57 111 36
239 57 148 36
239 57 230 36
239 58 6 32
239 58 10 32
239 58 11 32
239 58 22 32
239 58 24 32
239 58 40 32
239 58 64 32
239 58 87 32
239 58 121 32
239 58 142 32
239 58 144 32
239 58 160 32
239 58 161 32
239 58 163 32
239 58 170 32
239 58 183 32
239 60 2 27
239 60 4 36
239 60 8 27
239 60 34 36
239 60 35 36
239 60 41 36
239 60 60 36
239 60 75 27
239 60 86 36
239 60 101 27
239 60 128 36
239 60 132 27
239 60 136 27
239 60 150 27
239 60 186 27
239 60 197 27
239 60 211 36
239 60 214 36
239 60 223 36
239 60 224 36
239 60 232 36
239 61 5 36
239 61 48 36
239 61 53 27
239 61 59 36
239 61 69 36
239 61 97 36
239 61 103 27
239 61 119 27
239 61 131 27
239 61 137 27
239 61 148 27
239 61 151 27
239 61 158 36
239 61 185 36
239 61 193 36
239 61 198 36
239 61 204 36
239 61 206 27
239 61 208 36
239 61 213 36
239 61 235 27
239 62 11 32
239 62 28 32
239 62 29 32
239 62 33 32
239 62 76 32
239 62 87 32
239 62 91 32
239 62 111 32
239 62 185 32
239 62 187 32
239 62 208 32
239 62 209 32
239 62 216 32
239 62 217 32
239 62 218 32
239 62 231 32
239 64 11 32
239 64 12 32
239 64 20 32
239 64 26 32
239 64 36 32
239 64 46 32
239 64 68 32
239 64 86 32
239 64 87 32
239 64 116 32
239 64 146 32
239 64 159 32
239 64 166 32
239 64 214 32
239 64 221 32
239 64 236 32
239 65 18 24
239 65 81 24
239 65 93 24
239 65 152 24
239 65 177 24
239 65 180 24
239 65 212 24
239 65 228 24
239 66 7 32
239 66 26 32
239 66 46 32
239 66 47 32
239 66 82 32
239 66 105 32
239 66 137 32
239 66 146 32
239 66 164 32
239 66 173 32
239 66 178 32
239 66 188 32
239 66 205 32
239 66 221 32
239 66 223 32
239 66 224 32
239 67 13 32
239 67 34 32
239 67 50 32
239 67 69 32
239 67 70 32
239 67 72 32
239 67 81 32
239 67 83 32
239 67 92 32
239 67 97 32
239 67 140 32
239 67 180 32
239 67 196 32
239 67 219 32
239 67 227 32
239 67 232 32
239 68 64 36
239 68 68 36
239 68 116 36
239 68 128 36
239 68 183 36
239 68 211 36
239 70 13 27
239 70 17 36
239 70 27 36
239 70 28 27
239 70 32 36
239 70 35 27
239 70 47 27
239 70 61 36
239 70 62 36
239 70 77 27
239 70 84 27
239 70 125 36
239 70 127 36
239 70 139 27
239 70 145 36
239 70 150 36
239 70 167 27
239 70 174 36
239 70 192 36
239 70 224 27
239 70 225 36
239 71 26 27
239 71 28 27
239 71 44 36
239 71 50 36
239 71 56 36
239 71 97 27
239 71 106 36
239 71 115 36
239 71 128 36
239 71 141 27
239 71 172 27
239 71 175 36
239 71 178 27
239 71 196 36
239 71 201 36
239 71 207 27
239 71 211 36
239 71 215 36
239 71 227 27
239 71 228 27
239 71 229 36
239 72 13 27
239 72 32 36
239 72 35 36
239 72 36 36
239 72 41 36
239 72 72 36
239 72 76 36
239 72 77 27
239 72 83 36
239 72 103 27
239 72 105 27
239 72 119 36
239 72 127 36
239 72 164 27
239 72 166 36
239 72 168 27
239 72 177 27
239 72 184 27
239 72 217 36
239 72 236 27
239 72 237 36
239 73 25 36
239 73 26 36
239 73 46 36
239 73 62 27
239 73 64 36
239 73 73 36
239 73 100 27
239 73 113 27
239 73 125 36
239 73 127 27
239 73 133 27
239 73 153 36
239 73 154 36
239 73 174 36
239 73 183 36
239 73 194 36
239 73 196 27
239 73 197 27
239 73 203 36
239 73 213 27
239 73 232 27
239 77 37 36
239 77 59 36
239 77 77 36
239 77 84 36
239 77 149 36
239 77 158 36
239 78 5 24
239 78 29 24
239 78 33 24
239 78 48 24
239 78 57 36
239 78 74 27
239 78 82 24
239 78 89 24
239 78 94 24
239 78 104 36
239 78 107 36
239 78 111 27
239 78 119 27
239 78 130 36
239 78 131 36
239 78 137 24
239 78 158 27
239 78 172 36
239 78 175 27
239 78 188 27
239 78 207 27
239 78 228 27
239 78 236 27
239 79 7 24
239 79 55 24
239 79 58 24
239 79 105 24
239 79 113 24
239 79 136 24
239 79 173 24
239 79 205 24
239 80 17 32
239 80 31 32
239 80 54 32
239 80 55 32
239 80 64 32
239 80 110 32
239 80 113 32
239 80 142 32
239 80 155 32
239 80 170 32
239 80 176 32
239 80 183 32
239 80 198 32
239 80 202 32
239 80 204 32
239 80 225 32
239 81 14 27
239 81 15 24
239 81 16 24
239 81 59 27
239 81 70 27
239 81 72 24
239 81 73 36
239 81 79 27
239 81 83 24
239 81 86 24
239 81 103 36
239 81 114 27
239 81 119 24
239 81 159 36
239 81 168 27
239 81 181 36
239 81 184 27
239 81 189 27
239 81 203 36
239 81 212 27
239 81 214 24
239 81 236 36
239 81 237 24
239 83 28 32
239 83 39 32
239 83 65 32
239 83 79 32
239 83 82 32
239 83 111 32
239 83 114 32
239 83 118 32
239 83 137 32
239 83 156 32
239 83 167 32
239 83 177 32
239 83 185 32
239 83 190 32
239 83 208 32
239 83 212 32
239 85 25 24
239 85 99 24
239 85 121 24
239 85 144 24
239 85 153 24
239 85 160 24
239 85 161 24
239 85 164 24
239 85 165 24
239 85 169 24
239 85 188 24
239 85 191 24
239 85 193 24
239 85 197 24
239 85 213 24
239 85 234 24
239 86 5 32
239 86 8 32
239 86 15 32
239 86 16 32
239 86 30 32
239 86 45 32
239 86 48 32
239 86 68 32
239 86 85 32
239 86 96 32
239 86 116 32
239 86 122 32
239 86 144 32
239 86 155 32
239 86 161 32
239 86 202 32
239 87 13 36
239 87 92 36
239 87 104 36
239 87 131 36
239 87 191 36
239 87 234 36
239 88 10 32
239 88 15 32
239 88 16 32
239 88 24 32
239 88 66 32
239 88 88 32
239 88 121 32
239 88 125 32
239 88 134 32
239 88 142 32
239 88 160 32
239 88 170 32
239 88 174 32
239 88 187 32
239 88 216 32
239 88 220 32
239 89 27 36
239 89 42 27
239 89 51 36
239 89 52 27
239 89 62 36
239 89 64 36
239 89 75 36
239 89 77 27
239 89 88 36
239 89 92 27
239 89 109 36
239 89 119 27
239 89 124 36
239 89 133 36
239 89 148 27
239 89 168 27
239 89 172 27
239 89 182 36
239 89 183 36
239 89 203 27
239 89 220 36
239 91 35 27
239 91 51 24
239 91 73 24
239 91 75 24
239 91 77 27
239 91 79 24
239 91 94 27
239 91 105 36
239 91 106 27
239 91 118 24
239 91 123 36
239 91 130 27
239 91 138 27
239 91 146 27
239 91 171 36
239 91 173 36
239 91 191 36
239 91 193 24
239 91 203 24
239 91 209 27
239 91 213 24
239 91 227 27
239 91 234 36
239 92 29 36
239 92 33 36
239 92 90 36
239 92 144 36
239 92 161 36
239 92 162 36
239 94 15 24
239 94 16 24
239 94 50 24
239 94 70 24
239 94 140 24
239 94 154 24
239 94 194 24
239 94 196 24
239 97 4 27
239 97 15 36
239 97 16 36
239 97 29 24
239 97 32 27
239 97 33 24
239 97 36 27
239 97 43 24
239 97 50 24
239 97 79 24
239 97 80 27
239 97 88 27
239 97 108 27
239 97 118 24
239 97 144 27
239 97 145 36
239 97 150 36
239 97 165 36
239 97 170 27
239 97 189 24
239 97 196 24
239 97 197 36
239 97 213 27
239 98 3 24
239 98 27 24
239 98 62 24
239 98 80 24
239 98 91 24
239 98 98 24
239 98 100 24
239 98 128 24
239 98 179 24
239 98 187 24
239 98 206 24
239 98 210 24
239 98 211 24
239 98 216 24
239 98 218 24
239 98 235 24
239 99 3 27
239 99 6 27
239 99 11 27
239 99 19 24
239 99 29 36
239 99 33 36
239 99 51 36
239 99 61 27
239 99 71 27
239 99 75 36
239 99 83 27
239 99 91 27
239 99 99 36
239 99 110 24
239 99 134 27
239 99 138 24
239 99 142 24
239 99 151 24
239 99 168 24
239 99 169 36
239 99 170 24
239 99 176 24
239 99 216 27
239 100 6 36
239 100 15 36
239 100 16 36
239 100 17 36
239 100 22 36
239 100 25 36
239 100 40 36
239 100 63 27
239 100 84 27
239 100 107 27
239 100 142 36
239 100 146 27
239 100 153 36
239 100 163 36
239 100 167 27
239 100 170 36
239 100 205 27
239 100 206 27
239 100 222 27
239 100 225 36
239 100 237 27
239 101 8 36
239 101 9 36
239 101 30 36
239 101 44 36
239 101 186 36
239 101 201 36
239 102 42 36
239 102 74 36
239 102 78 36
239 102 95 36
239 102 112 36
239 102 207 36
239 103 69 36
239 103 97 36
239 103 104 36
239 103 131 36
239 103 159 36
239 103 236 36
239 106 59 24
239 106 67 24
239 106 70 24
239 106 125 24
239 106 132 24
239 106 140 24
239 106 158 24
239 106 174 24
239 107 86 24
239 107 126 24
239 107 145 24
239 107 147 24
239 107 150 24
239 107 184 24
239 107 214 24
239 107 226 24
239 108 15 24
239 108 16 24
239 108 23 24
239 108 29 36
239 108 31 36
239 108 33 36
239 108 45 24
239 108 52 24
239 108 54 36
239 108 85 24
239 108 96 27
239 108 98 27
239 108 121 36
239 108 132 27
239 108 157 27
239 108 160 36
239 108 176 27
239 108 179 24
239 108 182 27
239 108 186 27
239 108 187 27
239 108 198 27
239 108 235 24
239 111 9 27
239 111 25 36
239 111 31 27
239 111 32 27
239 111 37 36
239 111 40 27
239 111 45 36
239 111 62 27
239 111 63 36
239 111 67 27
239 111 81 27
239 111 84 36
239 111 85 36
239 111 117 36
239 111 128 36
239 111 129 36
239 111 143 36
239 111 147 27
239 111 153 36
239 111 182 27
239 111 211 36
239 116 6 32
239 116 10 32
239 116 22 32
239 116 24 32
239 116 40 32
239 116 51 32
239 116 68 32
239 116 75 32
239 116 99 32
239 116 110 32
239 116 116 32
239 116 144 32
239 116 161 32
239 116 163 32
239 116 169 32
239 116 176 32
239 117 25 32
239 117 59 32
239 117 67 32
239 117 81 32
239 117 105 32
239 117 117 32
239 117 132 32
239 117 142 32
239 117 143 32
239 117 153 32
239 117 158 32
239 117 170 32
239 117 173 32
239 117 177 32
239 117 180 32
239 117 212 32
239 119 4 36
239 119 6 27
239 119 16 27
239 119 24 27
239 119 27 24
239 119 30 27
239 119 34 24
239 119 38 24
239 119 51 27
239 119 60 36
239 119 61 36
239 119 62 24
239 119 64 36
239 119 86 24
239 119 96 27
239 119 153 27
239 119 170 27
239 119 183 36
239 119 186 27
239 119 192 36
239 119 195 24
239 119 214 24
239 119 232 24
239 120 7 24
239 120 25 24
239 120 44 24
239 120 47 36
239 120 53 27
239 120 56 36
239 120 69 27
239 120 86 27
239 120 143 27
239 120 153 24
239 120 175 36
239 120 177 24
239 120 178 36
239 120 179 36
239 120 188 27
239 120 201 24
239 120 205 24
239 120 209 27
239 120 212 24
239 120 215 27
239 120 223 27
239 120 233 27
239 120 235 36
239 122 27 32
239 122 59 32
239 122 62 32
239 122 66 32
239 122 69 32
239 122 81 32
239 122 86 32
239 122 96 32
239 122 97 32
239 122 107 32
239 122 122 32
239 122 134 32
239 122 158 32
239 122 172 32
239 122 180 32
239 122 214 32
239 123 63 32
239 123 70 32
239 123 76 32
239 123 78 32
239 123 95 32
239 123 123 32
239 123 129 32
239 123 140 32
239 123 164 32
239 123 171 32
239 123 188 32
239 123 199 32
239 123 215 32
239 123 217 32
239 123 229 32
239 123 233 32
239 128 28 36
239 128 57 27
239 128 86 36
239 128 92 27
239 128 96 36
239 128 110 36
239 128 111 36
239 128 122 36
239 128 154 36
239 128 155 36
239 128 158 27
239 128 172 27
239 128 176 36
239 128 177 27
239 128 194 36
239 128 199 27
239 128 202 36
239 128 207 27
239 128 208 27
239 128 214 36
239 128 230 27
239 131 4 24
239 131 41 27
239 131 52 27
239 131 53 27
239 131 57 27
239 131 60 24
239 131 63 27
239 131 79 36
239 131 82 27
239 131 107 27
239 131 118 36
239 131 141 27
239 131 143 27
239 131 154 24
239 131 185 36
239 131 187 24
239 131 194 24
239 131 206 36
239 131 208 36
239 131 210 36
239 131 216 24
239 131 223 24
239 131 224 24
239 132 13 24
239 132 25 24
239 132 55 24
239 132 89 24
239 132 92 24
239 132 94 24
239 132 113 24
239 132 153 24
239 133 65 24
239 133 81 24
239 133 99 24
239 133 107 24
239 133 114 24
239 133 169 24
239 133 172 24
239 133 180 24
239 136 3 36
239 136 80 36
239 136 108 36
239 136 135 36
239 136 142 36
239 136 170 36
239 137 32 36
239 137 127 36
239 137 144 36
239 137 161 36
239 137 165 36
239 137 197 36
239 138 38 36
239 138 53 36
239 138 195 36
239 138 209 36
239 138 230 36
239 138 231 36
239 139 2 27
239 139 14 36
239 139 17 27
239 139 33 27
239 139 34 27
239 139 69 36
239 139 72 27
239 139 76 36
239 139 86 36
239 139 93 27
239 139 97 36
239 139 132 27
239 139 155 27
239 139 176 27
239 139 199 36
239 139 214 36
239 139 217 36
239 139 222 36
239 139 223 36
239 139 224 36
239 139 233 36
239 140 23 27
239 140 63 24
239 140 69 24
239 140 70 36
239 140 71 24
239 140 88 24
239 140 97 24
239 140 101 24
239 140 105 27
239 140 129 24
239 140 140 36
239 140 148 27
239 140 156 27
239 140 164 36
239 140 168 27
239 140 178 27
239 140 188 36
239 140 206 36
239 140 210 36
239 140 220 24
239 140 228 27
239 140 233 27
239 140 236 27
239 141 4 24
239 141 21 24
239 141 23 24
239 141 28 24
239 141 29 24
239 141 33 24
239 141 52 24
239 141 60 24
239 141 111 24
239 141 139 24
239 141 141 24
239 141 148 24
239 141 159 24
239 141 177 24
239 141 212 24
239 141 236 24
239 142 26 27
239 142 42 36
239 142 43 24
239 142 50 24
239 142 69 27
239 142 74 36
239 142 89 36
239 142 94 36
239 142 95 27
239 142 121 24
239 142 131 27
239 142 151 27
239 142 159 27
239 142 160 24
239 142 189 24
239 142 196 24
239 142 203 27
239 142 206 24
239 142 207 27
239 142 210 24
239 142 223 36
239 142 224 36
239 142 235 27
239 145 43 24
239 145 45 24
239 145 85 24
239 145 99 24
239 145 169 24
239 145 189 24
239 145 223 24
239 145 224 24
239 147 77 36
239 147 78 36
239 147 95 36
239 147 149 36
239 147 206 36
239 147 210 36
239 148 5 36
239 148 12 27
239 148 26 24
239 148 30 27
239 148 36 24
239 148 46 24
239 148 48 36
239 148 66 36
239 148 68 36
239 148 93 27
239 148 101 27
239 148 109 27
239 148 116 36
239 148 121 24
239 148 133 27
239 148 134 36
239 148 145 27
239 148 160 24
239 148 162 27
239 148 164 24
239 148 166 24
239 148 188 24
239 148 204 27
239 150 19 36
239 150 36 27
239 150 56 36
239 150 57 36
239 150 67 27
239 150 71 27
239 150 91 27
239 150 106 36
239 150 115 36
239 150 120 27
239 150 130 36
239 150 147 27
239 150 151 36
239 150 162 27
239 150 164 36
239 150 175 36
239 150 177 36
239 150 187 27
239 150 188 36
239 150 197 27
239 150 212 36
239 151 19 32
239 151 23 32
239 151 52 32
239 151 65 32
239 151 69 32
239 151 79 32
239 151 97 32
239 151 105 32
239 151 114 32
239 151 118 32
239 151 151 32
239 151 173 32
239 151 215 32
239 151 223 32
239 151 224 32
239 151 229 32
239 152 5 36
239 152 48 36
239 152 108 36
239 152 135 36
239 152 147 36
239 152 226 36
239 153 37 32
239 153 78 32
239 153 84 32
239 153 95 32
239 153 117 32
239 153 123 32
239 153 143 32
239 153 154 32
239 153 171 32
239 153 191 32
239 153 194 32
239 153 209 32
239 153 223 32
239 153 224 32
239 153 231 32
239 153 234 32
239 154 5 24
239 154 26 24
239 154 42 24
239 154 46 24
239 154 48 24
239 154 51 24
239 154 70 24
239 154 74 24
239 154 75 24
239 154 78 24
239 154 79 24
239 154 86 24
239 154 95 24
239 154 118 24
239 154 140 24
239 154 214 24
239 156 27 32
239 156 31 32
239 156 49 32
239 156 54 32
239 156 62 32
239 156 72 32
239 156 83 32
239 156 102 32
239 156 121 32
239 156 125 32
239 156 128 32
239 156 157 32
239 156 160 32
239 156 174 32
239 156 200 32
239 156 211 32
239 158 2 24
239 158 3 36
239 158 25 24
239 158 27 27
239 158 36 36
239 158 50 27
239 158 55 27
239 158 58 36
239 158 71 27
239 158 80 36
239 158 120 24
239 158 125 27
239 158 136 36
239 158 153 24
239 158 156 24
239 158 160 27
239 158 166 36
239 158 167 24
239 158 169 27
239 158 180 27
239 158 223 24
239 158 224 24
239 158 225 27
239 159 14 32
239 159 35 32
239 159 37 32
239 159 41 32
239 159 56 32
239 159 63 32
239 159 69 32
239 159 84 32
239 159 97 32
239 159 126 32
239 159 129 32
239 159 175 32
239 159 184 32
239 159 185 32
239 159 208 32
239 159 222 32
239 160 34 24
239 160 66 24
239 160 103 24
239 160 126 24
239 160 134 24
239 160 181 24
239 160 184 24
239 160 232 24
239 161 3 27
239 161 11 27
239 161 32 27
239 161 51 27
239 161 64 27
239 161 67 36
239 161 81 27
239 161 102 24
239 161 108 36
239 161 109 36
239 161 120 27
239 161 128 27
239 161 132 36
239 161 135 36
239 161 145 24
239 161 150 24
239 161 157 24
239 161 165 27
239 161 182 36
239 161 191 24
239 161 206 24
239 161 210 24
239 161 234 24
239 162 81 36
239 162 90 36
239 162 155 36
239 162 162 36
239 162 180 36
239 162 202 36
239 166 7 27
239 166 26 27
239 166 36 36
239 166 42 27
239 166 43 27
239 166 45 36
239 166 56 36
239 166 65 36
239 166 85 36
239 166 86 36
239 166 106 27
239 166 112 27
239 166 114 36
239 166 126 27
239 166 139 27
239 166 166 36
239 166 175 36
239 166 177 27
239 166 193 36
239 166 213 36
239 166 214 36
239 167 2 36
239 167 3 27
239 167 22 36
239 167 55 27
239 167 62 27
239 167 71 27
239 167 73 36
239 167 75 27
239 167 112 36
239 167 120 36
239 167 134 27
239 167 136 27
239 167 156 36
239 167 162 27
239 167 163 36
239 167 167 36
239 167 198 36
239 167 203 36
239 167 204 36
239 167 207 36
239 167 226 27
239 168 10 36
239 168 11 27
239 168 12 27
239 168 24 36
239 168 28 36
239 168 32 27
239 168 38 36
239 168 43 36
239 168 61 27
239 168 64 36
239 168 67 27
239 168 98 27
239 168 111 36
239 168 124 36
239 168 133 36
239 168 142 27
239 168 183 36
239 168 189 36
239 168 195 36
239 168 211 27
239 168 213 27
239 169 14 36
239 169 15 27
239 169 47 36
239 169 65 36
239 169 72 27
239 169 89 36
239 169 94 36
239 169 100 27
239 169 112 36
239 169 114 36
239 169 155 27
239 169 162 27
239 169 177 36
239 169 178 36
239 169 192 27
239 169 204 27
239 169 207 36
239 169 211 27
239 169 212 36
239 169 222 36
239 169 226 27
239 171 28 36
239 171 56 36
239 171 111 36
239 171 123 36
239 171 171 36
239 171 175 36
239 172 7 32
239 172 12 32
239 172 20 32
239 172 43 32
239 172 59 32
239 172 99 32
239 172 142 32
239 172 147 32
239 172 156 32
239 172 158 32
239 172 167 32
239 172 169 32
239 172 170 32
239 172 189 32
239 172 205 32
239 172 226 32
239 173 15 32
239 173 16 32
239 173 18 32
239 173 34 32
239 173 51 32
239 173 61 32
239 173 66 32
239 173 75 32
239 173 93 32
239 173 102 32
239 173 134 32
239 173 157 32
239 173 192 32
239 173 193 32
239 173 213 32
239 173 232 32
239 174 11 24
239 174 27 24
239 174 59 24
239 174 62 24
239 174 87 24
239 174 146 24
239 174 158 24
239 174 221 24
239 175 3 32
239 175 18 32
239 175 25 32
239 175 73 32
239 175 80 32
239 175 93 32
239 175 123 32
239 175 152 32
239 175 153 32
239 175 171 32
239 175 193 32
239 175 203 32
239 175 213 32
239 175 219 32
239 175 227 32
239 175 228 32
239 177 8 32
239 177 21 32
239 177 22 32
239 177 23 32
239 177 30 32
239 177 31 32
239 177 52 32
239 177 54 32
239 177 128 32
239 177 148 32
239 177 152 32
239 177 163 32
239 177 206 32
239 177 210 32
239 177 211 32
239 177 228 32
239 178 4 27
239 178 26 36
239 178 31 36
239 178 33 27
239 178 35 36
239 178 41 36
239 178 46 36
239 178 54 36
239 178 81 36
239 178 88 27
239 178 91 27
239 178 102 27
239 178 108 27
239 178 120 27
239 178 136 27
239 178 142 36
239 178 170 36
239 178 180 36
239 178 186 27
239 178 191 36
239 178 234 36
239 179 7 36
239 179 15 36
239 179 16 36
239 179 25 36
239 179 28 36
239 179 42 27
239 179 53 27
239 179 89 27
239 179 103 27
239 179 107 27
239 179 111 36
239 179 138 27
239 179 153 36
239 179 164 27
239 179 179 36
239 179 198 36
239 179 204 36
239 179 205 36
239 179 231 27
239 179 235 36
239 179 237 27
239 181 56 32
239 181 69 32
239 181 76 32
239 181 78 32
239 181 79 32
239 181 95 32
239 181 97 32
239 181 118 32
239 181 152 32
239 181 175 32
239 181 199 32
239 181 215 32
239 181 217 32
239 181 228 32
239 181 229 32
239 181 233 32
239 182 9 36
239 182 91 36
239 182 128 36
239 182 186 36
239 182 211 36
239 182 218 36
239 184 15 36
239 184 16 36
239 184 18 36
239 184 29 36
239 184 33 36
239 184 35 27
239 184 43 27
239 184 58 36
239 184 69 27
239 184 93 36
239 184 98 36
239 184 100 36
239 184 107 27
239 184 136 36
239 184 137 27
239 184 155 36
239 184 202 36
239 184 209 27
239 184 212 27
239 184 230 27
239 184 234 27
239 185 19 36
239 185 25 36
239 185 29 27
239 185 67 36
239 185 80 27
239 185 82 36
239 185 110 27
239 185 120 27
239 185 125 27
239 185 132 36
239 185 137 36
239 185 147 27
239 185 151 36
239 185 153 36
239 185 155 36
239 185 196 27
239 185 202 36
239 185 209 36
239 185 218 27
239 185 220 27
239 185 231 36
239 186 15 24
239 186 16 24
239 186 38 24
239 186 70 24
239 186 103 24
239 186 112 24
239 186 140 24
239 186 181 24
239 186 187 24
239 186 195 24
239 186 207 24
239 186 209 24
239 186 216 24
239 186 223 24
239 186 224 24
239 186 231 24
239 187 18 32
239 187 21 32
239 187 73 32
239 187 93 32
239 187 98 32
239 187 100 32
239 187 107 32
239 187 144 32
239 187 148 32
239 187 161 32
239 187 172 32
239 187 193 32
239 187 203 32
239 187 213 32
239 187 223 32
239 187 224 32
239 190 50 24
239 190 125 24
239 190 156 24
239 190 159 24
239 190 167 24
239 190 174 24
239 190 196 24
239 190 236 24
239 191 44 36
239 191 45 24
239 191 48 27
239 191 61 24
239 191 68 27
239 191 85 24
239 191 87 27
239 191 91 36
239 191 100 27
239 191 139 24
239 191 141 24
239 191 142 36
239 191 144 27
239 191 145 27
239 191 170 36
239 191 179 24
239 191 187 27
239 191 192 24
239 191 196 27
239 191 200 27
239 191 201 36
239 191 218 36
239 191 235 24
239 192 13 36
239 192 18 27
239 192 33 27
239 192 39 36
239 192 64 27
239 192 79 36
239 192 87 27
239 192 92 36
239 192 106 36
239 192 115 36
239 192 118 36
239 192 120 27
239 192 135 27
239 192 150 27
239 192 179 36
239 192 190 36
239 192 193 27
239 192 200 27
239 192 223 36
239 192 224 36
239 192 235 36
239 193 17 27
239 193 33 27
239 193 38 36
239 193 39 36
239 193 60 27
239 193 65 36
239 193 76 36
239 193 77 36
239 193 114 36
239 193 126 36
239 193 128 27
239 193 133 27
239 193 149 36
239 193 176 27
239 193 182 27
239 193 184 36
239 193 190 36
239 193 195 36
239 193 202 27
239 193 217 36
239 193 232 27
239 194 3 36
239 194 4 36
239 194 22 36
239 194 34 36
239 194 60 36
239 194 73 27
239 194 80 36
239 194 90 36
239 194 99 36
239 194 117 27
239 194 126 27
239 194 131 27
239 194 156 27
239 194 159 27
239 194 162 36
239 194 163 36
239 194 169 36
239 194 173 27
239 194 207 27
239 194 222 27
239 194 232 36
239 195 37 32
239 195 39 32
239 195 82 32
239 195 84 32
239 195 105 32
239 195 107 32
239 195 137 32
239 195 152 32
239 195 159 32
239 195 172 32
239 195 173 32
239 195 190 32
239 195 223 32
239 195 224 32
239 195 228 32
239 195 236 32
239 197 3 24
239 197 15 24
239 197 16 24
239 197 19 24
239 197 37 24
239 197 80 24
239 197 82 24
239 197 84 24
239 197 104 24
239 197 131 24
239 197 137 24
239 197 138 24
239 197 151 24
239 197 168 24
239 197 223 24
239 197 224 24
239 198 6 24
239 198 38 24
239 198 40 24
239 198 58 24
239 198 64 24
239 198 66 24
239 198 99 24
239 198 134 24
239 198 136 24
239 198 152 24
239 198 169 24
239 198 183 24
239 198 187 24
239 198 195 24
239 198 216 24
239 198 228 24
239 199 5 24
239 199 32 24
239 199 48 24
239 199 51 24
239 199 58 24
239 199 75 24
239 199 91 24
239 199 112 24
239 199 127 24
239 199 136 24
239 199 145 24
239 199 150 24
239 199 152 24
239 199 207 24
239 199 218 24
239 199 228 24
239 200 2 32
239 200 32 32
239 200 36 32
239 200 63 32
239 200 68 32
239 200 86 32
239 200 107 32
239 200 116 32
239 200 120 32
239 200 127 32
239 200 129 32
239 200 166 32
239 200 172 32
239 200 214 32
239 200 215 32
239 200 229 32
239 201 37 24
239 201 56 24
239 201 57 24
239 201 76 24
239 201 81 24
239 201 84 24
239 201 130 24
239 201 146 24
239 201 175 24
239 201 180 24
239 201 187 24
239 201 191 24
239 201 216 24
239 201 217 24
239 201 221 24
239 201 234 24
239 204 63 36
239 204 103 36
239 204 129 36
239 204 181 36
239 204 209 36
239 204 231 36
239 205 3 32
239 205 4 32
239 205 8 32
239 205 30 32
239 205 34 32
239 205 44 32
239 205 55 32
239 205 60 32
239 205 64 32
239 205 80 32
239 205 113 32
239 205 128 32
239 205 183 32
239 205 201 32
239 205 211 32
239 205 232 32
239 208 2 32
239 208 4 32
239 208 49 32
239 208 60 32
239 208 64 32
239 208 96 32
239 208 120 32
239 208 121 32
239 208 122 32
239 208 125 32
239 208 155 32
239 208 160 32
239 208 174 32
239 208 183 32
239 208 200 32
239 208 202 32
239 210 28 24
239 210 36 24
239 210 63 24
239 210 71 24
239 210 101 24
239 210 107 24
239 210 111 24
239 210 119 24
239 210 129 24
239 210 166 24
239 210 172 24
239 210 209 24
239 210 219 24
239 210 227 24
239 210 231 24
239 210 237 24
239 212 11 27
239 212 20 27
239 212 21 36
239 212 26 36
239 212 39 36
239 212 44 27
239 212 46 36
239 212 51 27
239 212 54 27
239 212 61 27
239 212 63 36
239 212 119 36
239 212 125 27
239 212 129 36
239 212 146 36
239 212 148 36
239 212 162 27
239 212 190 36
239 212 197 27
239 212 221 36
239 212 237 36
239 213 61 36
239 213 67 36
239 213 132 36
239 213 192 36
239 213 193 36
239 213 213 36
239 214 8 32
239 214 11 32
239 214 25 32
239 214 30 32
239 214 32 32
239 214 51 32
239 214 55 32
239 214 58 32
239 214 75 32
239 214 87 32
239 214 113 32
239 214 127 32
239 214 136 32
239 214 144 32
239 214 153 32
239 214 161 32
239 217 9 36
239 217 14 27
239 217 23 27
239 217 31 36
239 217 39 36
239 217 43 36
239 217 50 36
239 217 54 36
239 217 95 27
239 217 118 27
239 217 119 27
239 217 139 36
239 217 141 36
239 217 175 27
239 217 186 36
239 217 189 36
239 217 190 36
239 217 196 36
239 217 199 27
239 217 221 27
239 217 227 27
239 221 4 24
239 221 7 24
239 221 36 24
239 221 57 24
239 221 60 24
239 221 130 24
239 221 138 24
239 221 166 24
239 221 168 24
239 221 177 24
239 221 191 24
239 221 205 24
239 221 212 24
239 221 215 24
239 221 229 24
239 221 234 24
239 223 14 32
239 223 19 32
239 223 57 32
239 223 65 32
239 223 76 32
239 223 77 32
239 223 86 32
239 223 112 32
239 223 114 32
239 223 130 32
239 223 149 32
239 223 151 32
239 223 207 32
239 223 214 32
239 223 217 32
239 223 222 32
239 224 14 24
239 224 21 24
239 224 22 24
239 224 102 24
239 224 148 24
239 224 157 24
239 224 163 24
239 224 222 24
239 225 3 32
239 225 49 32
239 225 51 32
239 225 75 32
239 225 80 32
239 225 104 32
239 225 126 32
239 225 131 32
239 225 155 32
239 225 156 32
239 225 167 32
239 225 184 32
239 225 200 32
239 225 202 32
239 225 215 32
239 225 229 32
239 226 22 24
239 226 76 24
239 226 77 24
239 226 106 24
239 226 107 24
239 226 109 24
239 226 115 24
239 226 126 24
239 226 149 24
239 226 163 24
239 226 172 24
239 226 182 24
239 226 184 24
239 226 215 24
239 226 217 24
239 226 229 24
239 227 26 36
239 227 46 36
239 227 139 36
239 227 141 36
239 227 223 36
239 227 224 36
239 229 3 24
239 229 28 24
239 229 50 24
239 229 59 24
239 229 80 24
239 229 104 24
239 229 111 24
239 229 131 24
239 229 139 24
239 229 141 24
239 229 158 24
239 229 179 24
239 229 196 24
239 229 223 24
239 229 224 24
239 229 235 24
239 230 44 32
239 230 45 32
239 230 51 32
239 230 66 32
239 230 75 32
239 230 85 32
239 230 88 32
239 230 121 32
239 230 134 32
239 230 142 32
239 230 160 32
239 230 165 32
239 230 170 32
239 230 197 32
239 230 201 32
239 230 220 32
239 232 3 24
239 232 7 24
239 232 57 24
239 232 68 24
239 232 77 24
239 232 80 24
239 232 116 24
239 232 130 24
239 232 138 24
239 232 149 24
239 232 152 24
239 232 154 24
239 232 168 24
239 232 194 24
239 232 205 24
239 232 228 24
239 233 58 24
239 233 59 24
239 233 104 24
239 233 105 24
239 233 106 24
239 233 115 24
239 233 131 24
239 233 136 24
239 233 138 24
239 233 158 24
239 233 168 24
239 233 173 24
239 233 179 24
239 233 187 24
239 233 216 24
239 233 235 24
239 234 57 36
239 234 76 36
239 234 112 36
239 234 130 36
239 234 207 36
239 234 217 36
239 235 13 24
239 235 28 24
239 235 65 24
239 235 76 24
239 235 92 24
239 235 96 24
239 235 98 24
239 235 100 24
239 235 111 24
239 235 112 24
239 235 114 24
239 235 122 24
239 235 207 24
239 235 215 24
239 235 217 24
239 235 229 24
239 236 21 24
239 236 29 24
239 236 33 24
239 236 35 24
239 236 41 24
239 236 47 24
239 236 86 24
239 236 89 24
239 236 94 24
239 236 142 24
239 236 148 24
239 236 170 24
239 236 178 24
239 236 214 24
239 236 215 24
239 236 229 24
239 238 2 32
239 238 3 32
239 238 22 32
239 238 49 32
239 238 66 32
239 238 80 32
239 238 120 32
239 238 125 32
239 238 128 32
239 238 134 32
239 238 163 32
239 238 174 32
239 238 198 32
239 238 200 32
239 238 204 32
239 238 211 32
241 3 56 24
241 3 74 24
241 3 99 24
241 3 101 24
241 3 105 24
241 3 114 24
241 3 124 24
241 3 138 24
241 4 12 32
241 4 20 32
241 4 25 32
241 4 36 32
241 4 47 32
241 4 50 32
241 4 83 32
241 4 128 32
241 4 135 32
241 4 151 32
241 4 154 32
241 4 188 32
241 4 200 32
241 4 209 32
241 4 221 32
241 4 229 32
241 5 28 24
241 5 93 24
241 5 184 24
241 5 198 24
241 7 6 32
241 7 8 32
241 7 15 32
241 7 16 32
241 7 27 32
241 7 49 32
241 7 116 32
241 7 125 32
241 7 166 32
241 7 182 32
241 7 196 32
241 7 201 32
241 7 211 32
241 7 214 32
241 7 225 32
241 7 226 32
241 10 3 32
241 10 6 32
241 10 10 32
241 10 12 32
241 10 15 32
241 10 17 32
241 10 19 32
241 10 27 32
241 10 30 32
241 10 33 32
241 10 34 32
241 10 36 32
241 10 43 32
241 10 44 32
241 10 46 32
241 10 51 32
241 10 52 32
241 10 55 32
241 10 65 32
241 10 72 32
241 10 73 32
241 10 77 32
241 10 78 32
241 10 80 32
241 10 83 32
241 10 87 32
241 10 89 32
241 10 106 32
241 10 109 32
241 10 119 32
241 10 120 32
241 10 125 32
241 10 126 32
241 10 130 32
241 10 131 32
241 10 136 32
241 10 139 32
241 10 140 32
241 10 144 32
241 10 149 32
241 10 151 32
241 10 154 32
241 10 156 32
241 10 159 32
241 10 160 32
241 10 161 32
241 10 165 32
241 10 168 32
241 10 171 32
241 10 199 32
241 10 201 32
241 10 203 32
241 10 205 32
241 10 208 32
241 10 210 32
241 10 213 32
241 10 215 32
241 10 216 32
241 10 217 32
241 10 221 32
241 10 225 32
241 10 233 32
241 10 238 32
241 10 239 32
241 11 18 32
241 11 36 32
241 11 48 32
241 11 67 32
241 11 116 32
241 11 154 32
241 11 214 32
241 11 236 32
241 12 82 24
241 12 97 24
241 12 108 24
241 12 212 24
241 13 53 24
241 13 144 24
241 13 159 24
241 13 191 24
241 16 90 36
241 16 96 36
241 16 118 36
241 16 144 36
241 16 158 36
241 16 159 36
241 17 61 24
241 17 144 24
241 17 159 24
241 17 162 24
241 18 19 24
241 18 31 24
241 18 70 24
241 18 153 24
241 18 178 24
241 18 179 24
241 18 203 24
241 18 206 24
241 19 4 32
241 19 18 32
241 19 25 32
241 19 48 32
241 19 63 32
241 19 65 32
241 19 67 32
241 19 71 32
241 19 72 32
241 19 74 32
241 19 77 32
241 19 79 32
241 19 88 32
241 19 89 32
241 19 92 32
241 19 93 32
241 19 94 32
241 19 100 32
241 19 114 32
241 19 129 32
241 19 135 32
241 19 141 32
241 19 147 32
241 19 157 32
241 19 175 32
241 19 180 32
241 19 181 32
241 19 184 32
241 19 186 32
241 19 189 32
241 19 190 32
241 19 236 32
241 20 15 36
241 20 48 36
241 20 79 36
241 20 180 36
241 20 225 36
241 20 236 36
241 22 7 24
241 22 31 24
241 22 44 24
241 22 69 24
241 22 70 24
241 22 92 24
241 22 126 24
241 22 186 24
241 23 30 32
241 23 90 32
241 23 128 32
241 23 158 32
241 23 166 32
241 23 196 32
241 23 209 32
241 23 233 32
241 25 6 27
241 25 13 24
241 25 27 27
241 25 29 36
241 25 40 27
241 25 64 36
241 25 83 36
241 25 86 24
241 25 90 27
241 25 107 27
241 25 133 36
241 25 147 27
241 25 151 36
241 25 177 36
241 25 204 24
241 25 209 27
241 25 211 27
241 25 227 24
241 25 237 27
241 27 3 32
241 27 24 32
241 27 25 32
241 27 45 32
241 27 75 32
241 27 108 32
241 27 116 32
241 27 135 32
241 27 143 32
241 27 150 32
241 27 161 32
241 27 164 32
241 27 169 32
241 27 212 32
241 27 214 32
241 27 231 32
241 28 29 36
241 28 32 36
241 28 64 36
241 28 113 36
241 28 133 36
241 28 177 36
241 29 18 36
241 29 47 36
241 29 58 36
241 29 67 36
241 29 187 36
241 29 200 36
241 31 34 24
241 31 78 24
241 31 153 24
241 31 178 24
241 32 34 24
241 32 78 24
241 32 136 24
241 32 140 24
241 38 9 32
241 38 10 32
241 38 12 32
241 38 18 32
241 38 30 32
241 38 32 32
241 38 40 32
241 38 41 32
241 38 45 32
241 38 59 32
241 38 60 32
241 38 61 32
241 38 67 32
241 38 75 32
241 38 82 32
241 38 90 32
241 38 97 32
241 38 113 32
241 38 134 32
241 38 144 32
241 38 158 32
241 38 159 32
241 38 162 32
241 38 166 32
241 38 192 32
241 38 194 32
241 38 196 32
241 38 217 32
241 38 221 32
241 38 233 32
241 38 235 32
241 38 237 32
241 39 93 24
241 39 124 24
241 39 138 24
241 39 184 24
241 42 5 32
241 42 32 32
241 42 36 32
241 42 113 32
241 42 154 32
241 42 164 32
241 42 169 32
241 42 193 32
241 43 7 32
241 43 14 32
241 43 17 32
241 43 18 32
241 43 21 32
241 43 23 32
241 43 36 32
241 43 37 32
241 43 40 32
241 43 47 32
241 43 55 32
241 43 61 32
241 43 63 32
241 43 66 32
241 43 67 32
241 43 69 32
241 43 79 32
241 43 81 32
241 43 83 32
241 43 84 32
241 43 88 32
241 43 90 32
241 43 91 32
241 43 92 32
241 43 94 32
241 43 98 32
241 43 100 32
241 43 101 32
241 43 105 32
241 43 107 32
241 43 108 32
241 43 119 32
241 43 120 32
241 43 122 32
241 43 124 32
241 43 127 32
241 43 130 32
241 43 138 32
241 43 141 32
241 43 147 32
241 43 149 32
241 43 151 32
241 43 154 32
241 43 155 32
241 43 156 32
241 43 158 32
241 43 160 32
241 43 162 32
241 43 165 32
241 43 167 32
241 43 171 32
241 43 179 32
241 43 180 32
241 43 186 32
241 43 200 32
241 43 206 32
241 43 210 32
241 43 212 32
241 43 219 32
241 43 228 32
241 43 230 32
241 43 232 32
241 43 235 32
241 43 239 32
241 44 3 36
241 44 8 36
241 44 15 36
241 44 18 36
241 44 29 36
241 44 30 36
241 44 36 36
241 44 40 36
241 44 41 36
241 44 49 36
241 44 64 36
241 44 67 36
241 44 79 36
241 44 87 36
241 44 90 36
241 44 123 36
241 44 128 36
241 44 133 36
241 44 145 36
241 44 154 36
241 44 158 36
241 44 161 36
241 44 164 36
241 44 166 36
241 44 169 36
241 44 177 36
241 44 180 36
241 44 182 36
241 44 194 36
241 44 196 36
241 44 205 36
241 44 209 36
241 44 211 36
241 44 225 36
241 44 233 36
241 44 235 36
241 45 15 36
241 45 48 36
241 45 60 36
241 45 225 36
241 45 236 36
241 45 237 36
241 46 56 24
241 46 99 24
241 46 218 24
241 46 220 24
241 50 4 27
241 50 36 27
241 50 49 36
241 50 58 27
241 50 61 27
241 50 67 27
241 50 71 24
241 50 73 24
241 50 81 36
241 50 94 36
241 50 100 36
241 50 122 36
241 50 123 27
241 50 129 24
241 50 134 27
241 50 182 36
241 50 191 27
241 50 208 24
241 50 231 27
241 55 12 36
241 55 29 36
241 55 30 36
241 55 41 36
241 55 44 24
241 55 47 36
241 55 51 24
241 55 52 24
241 55 58 36
241 55 76 24
241 55 93 24
241 55 101 24
241 55 105 24
241 55 111 24
241 55 116 36
241 55 123 36
241 55 126 24
241 55 128 36
241 55 133 36
241 55 136 24
241 55 140 24
241 55 142 24
241 55 145 36
241 55 184 24
241 55 185 24
241 55 187 36
241 55 189 24
241 55 190 24
241 55 194 36
241 55 200 36
241 55 209 36
241 55 214 36
241 55 221 36
241 55 233 36
241 58 42 32
241 58 46 32
241 58 104 32
241 58 131 32
241 58 132 32
241 58 142 32
241 58 146 32
241 58 185 32
241 59 72 36
241 59 77 36
241 59 80 36
241 59 87 36
241 59 205 36
241 59 238 36
241 60 27 24
241 60 106 24
241 60 125 24
241 60 216 24
241 61 8 36
241 61 16 36
241 61 27 36
241 61 125 36
241 61 211 36
241 61 226 36
241 62 14 32
241 62 17 32
241 62 21 32
241 62 23 32
241 62 28 32
241 62 34 32
241 62 35 32
241 62 38 32
241 62 39 32
241 62 42 32
241 62 43 32
241 62 44 32
241 62 46 32
241 62 55 32
241 62 56 32
241 62 62 32
241 62 65 32
241 62 66 32
241 62 68 32
241 62 74 32
241 62 76 32
241 62 78 32
241 62 84 32
241 62 86 32
241 62 89 32
241 62 93 32
241 62 95 32
241 62 99 32
241 62 101 32
241 62 103 32
241 62 105 32
241 62 111 32
241 62 114 32
241 62 115 32
241 62 117 32
241 62 124 32
241 62 126 32
241 62 130 32
241 62 131 32
241 62 132 32
241 62 136 32
241 62 137 32
241 62 138 32
241 62 140 32
241 62 149 32
241 62 155 32
241 62 156 32
241 62 163 32
241 62 165 32
241 62 173 32
241 62 184 32
241 62 189 32
241 62 190 32
241 62 197 32
241 62 198 32
241 62 202 32
241 62 207 32
241 62 213 32
241 62 218 32
241 62 219 32
241 62 220 32
241 62 222 32
241 62 227 32
241 62 230 32
241 64 5 32
241 64 30 32
241 64 39 32
241 64 47 32
241 64 57 32
241 64 58 32
241 64 61 32
241 64 63 32
241 64 68 32
241 64 85 32
241 64 87 32
241 64 88 32
241 64 92 32
241 64 144 32
241 64 148 32
241 64 157 32
241 64 159 32
241 64 162 32
241 64 173 32
241 64 174 32
241 64 175 32
241 64 186 32
241 64 187 32
241 64 193 32
241 64 200 32
241 64 202 32
241 64 205 32
241 64 219 32
241 64 223 32
241 64 224 32
241 64 230 32
241 64 233 32
241 65 80 36
241 65 96 36
241 65 118 36
241 65 119 36
241 65 160 36
241 65 238 36
241 66 71 32
241 66 109 32
241 66 129 32
241 66 130 32
241 66 165 32
241 66 173 32
241 66 199 32
241 66 202 32
241 70 6 36
241 70 49 36
241 70 59 27
241 70 80 27
241 70 87 27
241 70 90 27
241 70 106 36
241 70 115 24
241 70 150 27
241 70 153 24
241 70 169 27
241 70 178 24
241 70 182 36
241 70 197 24
241 70 201 36
241 70 209 27
241 70 214 27
241 70 216 36
241 70 236 27
241 73 26 24
241 73 74 24
241 73 102 24
241 73 114 24
241 74 32 36
241 74 64 36
241 74 106 36
241 74 113 36
241 74 177 36
241 74 216 36
241 75 3 36
241 75 8 36
241 75 10 36
241 75 11 24
241 75 21 24
241 75 22 24
241 75 23 24
241 75 28 24
241 75 30 36
241 75 42 24
241 75 43 24
241 75 44 24
241 75 50 36
241 75 65 24
241 75 89 24
241 75 90 36
241 75 108 36
241 75 116 36
241 75 120 36
241 75 126 24
241 75 132 24
241 75 139 24
241 75 158 36
241 75 161 36
241 75 188 36
241 75 198 24
241 75 211 36
241 75 212 36
241 75 213 24
241 75 214 36
241 75 215 24
241 75 217 36
241 75 233 36
241 75 239 36
241 78 3 27
241 78 15 36
241 78 29 36
241 78 41 27
241 78 56 24
241 78 82 36
241 78 97 36
241 78 99 24
241 78 113 27
241 78 120 27
241 78 121 27
241 78 133 36
241 78 134 27
241 78 142 24
241 78 154 27
241 78 180 27
241 78 185 24
241 78 216 27
241 78 225 36
241 79 43 24
241 79 65 24
241 79 66 24
241 79 84 24
241 79 89 24
241 79 110 24
241 79 195 24
241 79 213 24
241 80 3 32
241 80 53 32
241 80 90 32
241 80 116 32
241 80 158 32
241 80 161 32
241 80 191 32
241 80 214 32
241 81 18 32
241 81 32 32
241 81 47 32
241 81 54 32
241 81 67 32
241 81 108 32
241 81 113 32
241 81 123 32
241 81 141 32
241 81 145 32
241 81 147 32
241 81 174 32
241 81 183 32
241 81 200 32
241 81 212 32
241 81 223 32
241 82 56 24
241 82 63 24
241 82 88 24
241 82 99 24
241 84 34 32
241 84 35 32
241 84 62 32
241 84 76 32
241 84 78 32
241 84 109 32
241 84 111 32
241 84 199 32
241 86 14 32
241 86 18 32
241 86 21 32
241 86 23 32
241 86 33 32
241 86 37 32
241 86 42 32
241 86 49 32
241 86 67 32
241 86 73 32
241 86 79 32
241 86 87 32
241 86 91 32
241 86 94 32
241 86 98 32
241 86 100 32
241 86 127 32
241 86 132 32
241 86 144 32
241 86 155 32
241 86 159 32
241 86 166 32
241 86 167 32
241 86 168 32
241 86 173 32
241 86 180 32
241 86 182 32
241 86 196 32
241 86 202 32
241 86 205 32
241 86 208 32
241 86 228 32
241 88 2 32
241 88 15 32
241 88 47 32
241 88 121 32
241 88 164 32
241 88 169 32
241 88 200 32
241 88 225 32
241 91 24 36
241 91 38 27
241 91 61 36
241 91 73 27
241 91 87 36
241 91 101 27
241 91 103 27
241 91 106 36
241 91 107 36
241 91 112 27
241 91 136 27
241 91 144 36
241 91 155 27
241 91 159 36
241 91 162 36
241 91 176 27
241 91 195 27
241 91 205 36
241 91 216 36
241 91 231 36
241 91 232 36
241 93 32 24
241 93 90 24
241 93 113 24
241 93 158 24
241 94 30 32
241 94 96 32
241 94 116 32
241 94 118 32
241 94 174 32
241 94 214 32
241 94 223 32
241 94 233 32
241 95 26 32
241 95 55 32
241 95 102 32
241 95 109 32
241 95 115 32
241 95 149 32
241 95 197 32
241 95 199 32
241 97 2 36
241 97 7 27
241 97 22 27
241 97 47 36
241 97 48 36
241 97 54 36
241 97 58 36
241 97 68 27
241 97 87 36
241 97 101 27
241 97 111 27
241 97 117 27
241 97 121 36
241 97 137 27
241 97 140 27
241 97 168 27
241 97 183 36
241 97 187 36
241 97 200 36
241 97 205 36
241 97 236 36
241 98 12 32
241 98 15 32
241 98 20 32
241 98 36 32
241 98 48 32
241 98 54 32
241 98 60 32
241 98 64 32
241 98 72 32
241 98 77 32
241 98 81 32
241 98 82 32
241 98 97 32
241 98 116 32
241 98 120 32
241 98 122 32
241 98 128 32
241 98 141 32
241 98 144 32
241 98 147 32
241 98 154 32
241 98 159 32
241 98 177 32
241 98 183 32
241 98 209 32
241 98 214 32
241 98 221 32
241 98 225 32
241 98 229 32
241 98 236 32
241 98 237 32
241 98 239 32
241 99 13 32
241 99 14 32
241 99 104 32
241 99 146 32
241 99 155 32
241 99 189 32
241 99 190 32
241 99 204 32
241 100 30 24
241 100 144 24
241 100 159 24
241 100 233 24
241 102 58 24
241 102 164 24
241 102 169 24
241 102 187 24
241 104 5 32
241 104 24 32
241 104 72 32
241 104 77 32
241 104 79 32
241 104 180 32
241 104 193 32
241 104 231 32
241 105 26 32
241 105 65 32
241 105 89 32
241 105 93 32
241 105 102 32
241 105 184 32
241 105 189 32
241 105 190 32
241 106 5 36
241 106 48 36
241 106 82 36
241 106 97 36
241 106 193 36
241 106 236 36
241 108 43 32
241 108 51 32
241 108 52 32
241 108 86 32
241 108 163 32
241 108 207 32
241 108 213 32
241 108 227 32
241 109 34 32
241 109 51 32
241 109 52 32
241 109 66 32
241 109 78 32
241 109 84 32
241 109 189 32
241 109 190 32
241 110 24 36
241 110 83 36
241 110 141 36
241 110 147 36
241 110 151 36
241 110 231 36
241 111 8 36
241 111 12 36
241 111 41 36
241 111 194 36
241 111 211 36
241 111 221 36
241 112 3 32
241 112 9 32
241 112 34 32
241 112 40 32
241 112 50 32
241 112 51 32
241 112 52 32
241 112 71 32
241 112 78 32
241 112 80 32
241 112 81 32
241 112 83 32
241 112 92 32
241 112 93 32
241 112 96 32
241 112 118 32
241 112 122 32
241 112 129 32
241 112 134 32
241 112 142 32
241 112 151 32
241 112 152 32
241 112 161 32
241 112 176 32
241 112 184 32
241 112 185 32
241 112 186 32
241 112 188 32
241 112 218 32
241 112 220 32
241 112 235 32
241 112 238 32
241 115 57 24
241 115 85 24
241 115 148 24
241 115 224 24
241 116 40 32
241 116 45 32
241 116 47 32
241 116 75 32
241 116 80 32
241 116 200 32
241 116 235 32
241 116 238 32
241 117 123 24
241 117 145 24
241 117 174 24
241 117 223 24
241 124 18 24
241 124 67 24
241 124 96 24
241 124 118 24
241 125 3 32
241 125 6 32
241 125 41 32
241 125 161 32
241 125 166 32
241 125 194 32
241 125 196 32
241 125 201 32
241 126 17 24
241 126 93 24
241 126 156 24
241 126 184 24
241 129 3 32
241 129 6 32
241 129 21 32
241 129 23 32
241 129 53 32
241 129 55 32
241 129 56 32
241 129 57 32
241 129 65 32
241 129 80 32
241 129 89 32
241 129 90 32
241 129 99 32
241 129 107 32
241 129 112 32
241 129 119 32
241 129 123 32
241 129 145 32
241 129 148 32
241 129 149 32
241 129 158 32
241 129 160 32
241 129 161 32
241 129 163 32
241 129 170 32
241 129 189 32
241 129 190 32
241 129 191 32
241 129 201 32
241 129 207 32
241 129 232 32
241 129 238 32
241 130 20 36
241 130 30 36
241 130 47 36
241 130 200 36
241 130 229 36
241 130 233 36
241 131 10 36
241 131 90 36
241 131 94 36
241 131 100 36
241 131 158 36
241 131 217 36
241 132 51 32
241 132 52 32
241 132 157 32
241 132 163 32
241 132 175 32
241 132 189 32
241 132 190 32
241 132 207 32
241 133 14 32
241 133 28 32
241 133 34 32
241 133 78 32
241 133 155 32
241 133 189 32
241 133 190 32
241 133 198 32
241 135 5 36
241 135 48 36
241 135 144 36
241 135 159 36
241 135 193 36
241 135 236 36
241 136 51 32
241 136 52 32
241 136 57 32
241 136 139 32
241 136 148 32
241 136 152 32
241 136 176 32
241 136 215 32
241 137 10 32
241 137 48 32
241 137 61 32
241 137 162 32
241 137 164 32
241 137 169 32
241 137 217 32
241 137 236 32
241 139 54 24
241 139 72 24
241 139 77 24
241 139 183 24
241 141 8 24
241 141 82 24
241 141 97 24
241 141 211 24
241 142 37 32
241 142 51 32
241 142 52 32
241 142 86 32
241 142 95 32
241 142 137 32
241 142 227 32
241 142 228 32
241 143 2 32
241 143 4 32
241 143 5 32
241 143 12 32
241 143 16 32
241 143 20 32
241 143 27 32
241 143 32 32
241 143 58 32
241 143 64 32
241 143 82 32
241 143 87 32
241 143 94 32
241 143 97 32
241 143 100 32
241 143 113 32
241 143 119 32
241 143 121 32
241 143 125 32
241 143 144 32
241 143 159 32
241 143 160 32
241 143 164 32
241 143 169 32
241 143 177 32
241 143 181 32
241 143 187 32
241 143 193 32
241 143 205 32
241 143 221 32
241 143 226 32
241 143 229 32
241 144 5 36
241 144 36 36
241 144 41 36
241 144 54 36
241 144 58 36
241 144 73 27
241 144 101 27
241 144 104 27
241 144 120 36
241 144 124 27
241 144 130 27
241 144 140 27
241 144 154 36
241 144 173 27
241 144 183 36
241 144 187 36
241 144 193 36
241 144 194 36
241 144 219 27
241 144 234 27
241 144 239 36
241 146 42 32
241 146 44 32
241 146 92 32
241 146 126 32
241 146 132 32
241 146 139 32
241 146 186 32
241 146 215 32
241 147 8 32
241 147 18 32
241 147 27 32
241 147 67 32
241 147 123 32
241 147 125 32
241 147 145 32
241 147 211 32
241 148 83 24
241 148 128 24
241 148 151 24
241 148 209 24
241 150 9 36
241 150 10 36
241 150 25 36
241 150 36 36
241 150 46 27
241 150 65 27
241 150 79 36
241 150 82 36
241 150 86 27
241 150 97 36
241 150 105 27
241 150 129 27
241 150 134 36
241 150 135 36
241 150 138 27
241 150 140 27
241 150 154 36
241 150 168 27
241 150 180 36
241 150 203 27
241 150 217 36
241 153 16 32
241 153 41 32
241 153 72 32
241 153 77 32
241 153 120 32
241 153 194 32
241 153 226 32
241 153 239 32
241 155 13 32
241 155 33 32
241 155 36 32
241 155 39 32
241 155 45 32
241 155 59 32
241 155 61 32
241 155 68 32
241 155 73 32
241 155 74 32
241 155 75 32
241 155 82 32
241 155 86 32
241 155 97 32
241 155 109 32
241 155 114 32
241 155 141 32
241 155 143 32
241 155 147 32
241 155 150 32
241 155 154 32
241 155 162 32
241 155 168 32
241 155 174 32
241 155 192 32
241 155 199 32
241 155 204 32
241 155 208 32
241 155 218 32
241 155 220 32
241 155 223 32
241 155 227 32
241 157 42 32
241 157 130 32
241 157 132 32
241 157 163 32
241 157 165 32
241 157 179 32
241 157 206 32
241 157 207 32
241 159 142 24
241 159 153 24
241 159 178 24
241 159 185 24
241 160 18 32
241 160 29 32
241 160 41 32
241 160 58 32
241 160 67 32
241 160 94 32
241 160 96 32
241 160 100 32
241 160 118 32
241 160 128 32
241 160 133 32
241 160 174 32
241 160 187 32
241 160 194 32
241 160 209 32
241 160 223 32
241 161 27 32
241 161 50 32
241 161 80 32
241 161 83 32
241 161 125 32
241 161 151 32
241 161 188 32
241 161 238 32
241 162 28 24
241 162 46 24
241 162 131 24
241 162 152 24
241 162 157 24
241 162 175 24
241 162 176 24
241 162 198 24
241 163 16 36
241 163 25 27
241 163 56 24
241 163 61 27
241 163 87 27
241 163 99 24
241 163 107 27
241 163 108 36
241 163 120 27
241 163 121 27
241 163 128 27
241 163 142 24
241 163 144 36
241 163 159 36
241 163 185 24
241 163 200 27
241 163 212 36
241 163 226 36
241 163 238 27
241 166 2 36
241 166 8 36
241 166 24 36
241 166 26 24
241 166 27 36
241 166 28 24
241 166 29 36
241 166 30 36
241 166 43 24
241 166 53 36
241 166 80 36
241 166 83 36
241 166 102 24
241 166 109 24
241 166 115 24
241 166 121 36
241 166 125 36
241 166 133 36
241 166 151 36
241 166 152 24
241 166 176 24
241 166 191 36
241 166 197 24
241 166 198 24
241 166 199 24
241 166 211 36
241 166 213 24
241 166 218 24
241 166 219 24
241 166 220 24
241 166 230 24
241 166 231 36
241 166 233 36
241 166 238 36
241 167 25 36
241 167 64 36
241 167 128 36
241 167 135 36
241 167 177 36
241 167 209 36
241 168 127 24
241 168 139 24
241 168 167 24
241 168 215 24
241 171 5 27
241 171 25 36
241 171 27 27
241 171 32 27
241 171 40 36
241 171 44 24
241 171 59 36
241 171 63 24
241 171 72 27
241 171 88 24
241 171 91 27
241 171 126 24
241 171 135 36
241 171 151 27
241 171 154 27
241 171 161 27
241 171 182 27
241 171 192 36
241 171 235 36
241 175 39 32
241 175 42 32
241 175 68 32
241 175 76 32
241 175 111 32
241 175 112 32
241 175 132 32
241 175 170 32
241 176 3 36
241 176 81 36
241 176 122 36
241 176 123 36
241 176 145 36
241 176 161 36
241 177 8 32
241 177 11 32
241 177 17 32
241 177 18 32
241 177 22 32
241 177 36 32
241 177 39 32
241 177 41 32
241 177 48 32
241 177 54 32
241 177 55 32
241 177 66 32
241 177 67 32
241 177 68 32
241 177 79 32
241 177 82 32
241 177 84 32
241 177 93 32
241 177 97 32
241 177 149 32
241 177 153 32
241 177 154 32
241 177 156 32
241 177 173 32
241 177 178 32
241 177 180 32
241 177 183 32
241 177 184 32
241 177 194 32
241 177 202 32
241 177 211 32
241 177 236 32
241 179 11 32
241 179 14 32
241 179 19 32
241 179 21 32
241 179 22 32
241 179 23 32
241 179 28 32
241 179 34 32
241 179 39 32
241 179 43 32
241 179 44 32
241 179 51 32
241 179 52 32
241 179 57 32
241 179 68 32
241 179 76 32
241 179 78 32
241 179 85 32
241 179 86 32
241 179 92 32
241 179 101 32
241 179 103 32
241 179 104 32
241 179 105 32
241 179 109 32
241 179 110 32
241 179 111 32
241 179 115 32
241 179 117 32
241 179 124 32
241 179 126 32
241 179 127 32
241 179 130 32
241 179 136 32
241 179 138 32
241 179 140 32
241 179 142 32
241 179 146 32
241 179 148 32
241 179 152 32
241 179 155 32
241 179 157 32
241 179 163 32
241 179 165 32
241 179 167 32
241 179 173 32
241 179 175 32
241 179 176 32
241 179 179 32
241 179 185 32
241 179 186 32
241 179 195 32
241 179 197 32
241 179 198 32
241 179 199 32
241 179 202 32
241 179 203 32
241 179 206 32
241 179 207 32
241 179 213 32
241 179 218 32
241 179 220 32
241 179 224 32
241 179 227 32
241 180 15 36
241 180 30 36
241 180 116 36
241 180 214 36
241 180 225 36
241 180 233 36
241 181 25 24
241 181 116 24
241 181 135 24
241 181 214 24
241 182 3 36
241 182 36 36
241 182 154 36
241 182 161 36
241 182 164 36
241 182 169 36
241 183 56 32
241 183 95 32
241 183 99 32
241 183 109 32
241 183 110 32
241 183 137 32
241 183 195 32
241 183 199 32
241 186 8 36
241 186 20 36
241 186 27 36
241 186 32 36
241 186 41 36
241 186 47 36
241 186 51 24
241 186 52 24
241 186 54 36
241 186 56 24
241 186 57 24
241 186 96 36
241 186 99 24
241 186 101 24
241 186 105 24
241 186 108 36
241 186 113 36
241 186 115 24
241 186 118 36
241 186 125 36
241 186 130 24
241 186 136 24
241 186 140 24
241 186 148 24
241 186 165 24
241 186 183 36
241 186 189 24
241 186 190 24
241 186 194 36
241 186 197 24
241 186 200 36
241 186 211 36
241 186 212 36
241 186 229 36
241 191 10 27
241 191 33 24
241 191 50 27
241 191 59 36
241 191 107 27
241 191 112 24
241 191 118 27
241 191 119 36
241 191 141 36
241 191 147 36
241 191 160 36
241 191 168 24
241 191 170 24
241 191 174 27
241 191 180 27
241 191 183 27
241 191 192 36
241 191 205 27
241 191 237 27
241 195 21 24
241 195 23 24
241 195 142 24
241 195 185 24
241 196 4 36
241 196 5 36
241 196 16 36
241 196 181 36
241 196 193 36
241 196 226 36
241 197 6 36
241 197 8 36
241 197 16 36
241 197 30 36
241 197 32 36
241 197 36 36
241 197 45 36
241 197 47 36
241 197 59 36
241 197 61 36
241 197 64 36
241 197 72 36
241 197 75 36
241 197 77 36
241 197 80 36
241 197 83 36
241 197 87 36
241 197 96 36
241 197 108 36
241 197 113 36
241 197 118 36
241 197 151 36
241 197 154 36
241 197 162 36
241 197 174 36
241 197 177 36
241 197 192 36
241 197 200 36
241 197 201 36
241 197 205 36
241 197 211 36
241 197 212 36
241 197 223 36
241 197 226 36
241 197 233 36
241 197 238 36
241 198 2 32
241 198 6 32
241 198 9 32
241 198 11 32
241 198 13 32
241 198 22 32
241 198 29 32
241 198 31 32
241 198 35 32
241 198 41 32
241 198 55 32
241 198 61 32
241 198 62 32
241 198 70 32
241 198 74 32
241 198 76 32
241 198 79 32
241 198 81 32
241 198 83 32
241 198 85 32
241 198 86 32
241 198 87 32
241 198 90 32
241 198 92 32
241 198 94 32
241 198 100 32
241 198 103 32
241 198 111 32
241 198 114 32
241 198 117 32
241 198 119 32
241 198 121 32
241 198 122 32
241 198 133 32
241 198 134 32
241 198 136 32
241 198 140 32
241 198 141 32
241 198 143 32
241 198 147 32
241 198 149 32
241 198 150 32
241 198 151 32
241 198 153 32
241 198 157 32
241 198 158 32
241 198 160 32
241 198 162 32
241 198 172 32
241 198 174 32
241 198 175 32
241 198 178 32
241 198 180 32
241 198 186 32
241 198 194 32
241 198 201 32
241 198 204 32
241 198 205 32
241 198 218 32
241 198 220 32
241 198 223 32
241 198 224 32
241 198 227 32
241 198 234 32
241 199 48 32
241 199 72 32
241 199 77 32
241 199 87 32
241 199 128 32
241 199 205 32
241 199 209 32
241 199 236 32
241 202 57 24
241 202 103 24
241 202 117 24
241 202 148 24
241 203 4 32
241 203 6 32
241 203 8 32
241 203 20 32
241 203 24 32
241 203 45 32
241 203 47 32
241 203 49 32
241 203 75 32
241 203 79 32
241 203 82 32
241 203 83 32
241 203 97 32
241 203 107 32
241 203 128 32
241 203 144 32
241 203 151 32
241 203 159 32
241 203 166 32
241 203 174 32
241 203 180 32
241 203 181 32
241 203 182 32
241 203 196 32
241 203 200 32
241 203 201 32
241 203 209 32
241 203 211 32
241 203 223 32
241 203 229 32
241 203 231 32
241 203 232 32
241 209 101 24
241 209 105 24
241 209 163 24
241 209 207 24
241 210 63 24
241 210 88 24
241 210 163 24
241 210 207 24
241 212 41 36
241 212 54 36
241 212 174 36
241 212 183 36
241 212 194 36
241 212 223 36
241 213 64 36
241 213 108 36
241 213 128 36
241 213 177 36
241 213 209 36
241 213 212 36
241 214 10 32
241 214 27 32
241 214 29 32
241 214 72 32
241 214 77 32
241 214 80 32
241 214 91 32
241 214 98 32
241 214 106 32
241 214 125 32
241 214 133 32
241 214 166 32
241 214 196 32
241 214 216 32
241 214 217 32
241 214 238 32
241 216 4 27
241 216 14 24
241 216 30 27
241 216 32 27
241 216 37 24
241 216 64 36
241 216 90 36
241 216 94 27
241 216 108 36
241 216 134 27
241 216 151 27
241 216 155 24
241 216 158 36
241 216 177 36
241 216 201 27
241 216 212 36
241 216 214 27
241 216 228 24
241 216 235 27
241 218 8 32
241 218 32 32
241 218 45 32
241 218 75 32
241 218 83 32
241 218 113 32
241 218 151 32
241 218 211 32
241 219 55 24
241 219 115 24
241 219 149 24
241 219 171 24
241 219 172 24
241 219 197 24
241 219 210 24
241 219 234 24
241 221 5 36
241 221 16 36
241 221 61 36
241 221 162 36
241 221 193 36
241 221 226 36
241 222 5 32
241 222 51 32
241 222 52 32
241 222 55 32
241 222 57 32
241 222 60 32
241 222 61 32
241 222 66 32
241 222 84 32
241 222 94 32
241 222 100 32
241 222 106 32
241 222 112 32
241 222 127 32
241 222 141 32
241 222 147 32
241 222 148 32
241 222 149 32
241 222 152 32
241 222 153 32
241 222 162 32
241 222 164 32
241 222 167 32
241 222 169 32
241 222 170 32
241 222 174 32
241 222 176 32
241 222 178 32
241 222 193 32
241 222 216 32
241 222 223 32
241 222 237 32
241 223 35 24
241 223 38 24
241 223 62 24
241 223 63 24
241 223 88 24
241 223 171 24
241 223 210 24
241 223 222 24
241 224 79 24
241 224 82 24
241 224 97 24
241 224 180 24
241 225 82 36
241 225 83 36
241 225 97 36
241 225 123 36
241 225 145 36
241 225 151 36
241 228 50 24
241 228 82 24
241 228 97 24
241 228 188 24
241 229 29 24
241 229 133 24
241 229 144 24
241 229 159 24
241 230 5 32
241 230 27 32
241 230 87 32
241 230 125 32
241 230 174 32
241 230 193 32
241 230 205 32
241 230 223 32
241 231 2 32
241 231 3 32
241 231 8 32
241 231 16 32
241 231 20 32
241 231 24 32
241 231 25 32
241 231 26 32
241 231 28 32
241 231 31 32
241 231 33 32
241 231 36 32
241 231 38 32
241 231 40 32
241 231 42 32
241 231 70 32
241 231 73 32
241 231 76 32
241 231 80 32
241 231 81 32
241 231 82 32
241 231 85 32
241 231 87 32
241 231 90 32
241 231 92 32
241 231 97 32
241 231 101 32
241 231 102 32
241 231 105 32
241 231 110 32
241 231 111 32
241 231 115 32
241 231 116 32
241 231 121 32
241 231 122 32
241 231 132 32
241 231 135 32
241 231 152 32
241 231 154 32
241 231 158 32
241 231 161 32
241 231 163 32
241 231 164 32
241 231 168 32
241 231 169 32
241 231 176 32
241 231 186 32
241 231 189 32
241 231 190 32
241 231 195 32
241 231 197 32
241 231 198 32
241 231 205 32
241 231 207 32
241 231 208 32
241 231 211 32
241 231 214 32
241 231 222 32
241 231 224 32
241 231 226 32
241 231 229 32
241 231 231 32
241 231 235 32
241 231 238 32
241 234 15 32
241 234 16 32
241 234 27 32
241 234 30 32
241 234 40 32
241 234 45 32
241 234 59 32
241 234 75 32
241 234 116 32
241 234 125 32
241 234 192 32
241 234 214 32
241 234 225 32
241 234 226 32
241 234 233 32
241 234 235 32
241 236 43 24
241 236 57 24
241 236 148 24
241 236 213 24
241 237 12 32
241 237 20 32
241 237 32 32
241 237 41 32
241 237 53 32
241 237 87 32
241 237 90 32
241 237 106 32
241 237 113 32
241 237 158 32
241 237 191 32
241 237 194 32
241 237 205 32
241 237 216 32
241 237 221 32
241 237 229 32
241 238 103 24
241 238 117 24
241 238 127 24
241 238 136 24
241 238 140 24
241 238 142 24
241 238 167 24
241 238 185 24
251 0 13 36
251 0 15 36
251 0 58 36
251 0 67 36
251 0 74 36
251 0 78 36
251 0 173 36
251 0 177 36
251 0 184 36
251 0 193 36
251 0 236 36
251 0 238 36
251 3 9 24
251 3 23 24
251 3 28 24
251 3 38 24
251 3 69 24
251 3 131 24
251 3 211 24
251 3 218 24
251 4 60 24
251 4 78 24
251 4 125 24
251 4 167 24
251 4 177 24
251 4 205 24
251 4 248 24
251 4 249 24
251 6 9 36
251 6 28 36
251 6 46 36
251 6 59 36
251 6 74 36
251 6 86 36
251 6 108 36
251 6 138 36
251 6 173 36
251 6 191 36
251 6 231 36
251 6 234 36
251 8 69 24
251 8 71 24
251 8 92 24
251 8 99 24
251 8 211 24
251 8 215 24
251 8 221 24
251 8 244 24
251 9 4 36
251 9 63 36
251 9 85 36
251 9 87 36
251 9 125 36
251 9 167 36
251 9 176 36
251 9 189 36
251 9 193 36
251 9 238 36
251 9 248 36
251 9 249 36
251 10 6 24
251 10 32 24
251 10 42 24
251 10 46 24
251 10 61 24
251 10 102 24
251 10 107 24
251 10 191 24
251 12 4 32
251 12 12 32
251 12 15 32
251 12 16 32
251 12 17 32
251 12 21 32
251 12 52 32
251 12 63 32
251 12 67 32
251 12 101 32
251 12 125 32
251 12 140 32
251 12 169 32
251 12 192 32
251 12 204 32
251 12 249 32
251 13 24 24
251 13 37 24
251 13 71 24
251 13 95 24
251 13 99 24
251 13 136 24
251 13 170 24
251 13 220 24
251 15 33 32
251 15 47 32
251 15 53 32
251 15 55 32
251 15 59 32
251 15 90 32
251 15 128 32
251 15 151 32
251 15 178 32
251 15 187 32
251 15 200 32
251 15 202 32
251 15 210 32
251 15 213 32
251 15 234 32
251 15 235 32
251 18 4 24
251 18 6 24
251 18 40 24
251 18 42 24
251 18 63 24
251 18 65 24
251 18 112 24
251 18 182 24
251 19 16 24
251 19 60 24
251 19 144 24
251 19 154 24
251 19 190 24
251 19 204 24
251 19 205 24
251 19 207 24
251 20 37 24
251 20 46 24
251 20 78 24
251 20 95 24
251 20 177 24
251 20 191 24
251 20 202 24
251 20 210 24
251 21 10 24
251 21 127 24
251 21 141 24
251 21 162 24
251 21 168 24
251 21 170 24
251 21 220 24
251 21 226 24
251 24 20 36
251 24 50 36
251 24 51 36
251 24 64 36
251 24 71 36
251 24 83 36
251 24 99 36
251 24 113 36
251 24 124 36
251 24 188 36
251 24 246 36
251 24 247 36
251 25 3 24
251 25 84 24
251 25 144 24
251 25 184 24
251 25 190 24
251 25 193 24
251 25 236 24
251 25 238 24
251 26 10 32
251 26 43 32
251 26 127 32
251 26 168 32
251 26 170 32
251 26 216 32
251 26 220 32
251 26 226 32
251 27 10 36
251 27 35 36
251 27 98 36
251 27 117 36
251 27 118 36
251 27 125 36
251 27 141 36
251 27 146 36
251 27 162 36
251 27 208 36
251 27 226 36
251 27 249 36
251 31 2 24
251 31 25 24
251 31 121 24
251 31 126 24
251 31 128 24
251 31 151 24
251 31 195 24
251 31 241 24
251 35 30 32
251 35 33 32
251 35 51 32
251 35 59 32
251 35 64 32
251 35 72 32
251 35 117 32
251 35 118 32
251 35 129 32
251 35 152 32
251 35 159 32
251 35 180 32
251 35 213 32
251 35 222 32
251 35 225 32
251 35 234 32
251 37 17 24
251 37 45 24
251 37 52 24
251 37 79 24
251 37 106 24
251 37 140 24
251 37 192 24
251 37 197 24
251 40 5 36
251 40 43 36
251 40 76 36
251 40 83 36
251 40 109 36
251 40 124 36
251 40 125 36
251 40 139 36
251 40 186 36
251 40 201 36
251 40 216 36
251 40 249 36
251 46 12 32
251 46 13 32
251 46 21 32
251 46 35 32
251 46 58 32
251 46 114 32
251 46 208 32
251 46 240 32
251 47 11 24
251 47 32 24
251 47 66 24
251 47 102 24
251 47 137 24
251 47 222 24
251 47 225 24
251 47 232 24
251 48 3 32
251 48 12 32
251 48 13 32
251 48 21 32
251 48 22 32
251 48 58 32
251 48 84 32
251 48 92 32
251 48 119 32
251 48 135 32
251 48 142 32
251 48 175 32
251 48 194 32
251 48 221 32
251 48 233 32
251 48 237 32
251 49 9 24
251 49 25 24
251 49 28 24
251 49 38 24
251 49 105 24
251 49 153 24
251 49 218 24
251 49 241 24
251 50 61 24
251 50 65 24
251 50 80 24
251 50 91 24
251 50 107 24
251 50 112 24
251 50 120 24
251 50 228 24
251 55 53 24
251 55 90 24
251 55 138 24
251 55 148 24
251 55 170 24
251 55 212 24
251 55 220 24
251 55 231 24
251 56 25 32
251 56 38 32
251 56 52 32
251 56 119 32
251 56 135 32
251 56 140 32
251 56 218 32
251 56 241 32
251 58 33 32
251 58 46 32
251 58 77 32
251 58 163 32
251 58 188 32
251 58 191 32
251 58 213 32
251 58 247 32
251 59 19 24
251 59 43 24
251 59 61 24
251 59 107 24
251 59 170 24
251 59 185 24
251 59 216 24
251 59 220 24
251 61 48 24
251 61 60 24
251 61 68 24
251 61 74 24
251 61 85 24
251 61 173 24
251 61 189 24
251 61 205 24
251 62 3 24
251 62 6 24
251 62 19 24
251 62 42 24
251 62 84 24
251 62 86 24
251 62 108 24
251 62 185 24
251 64 43 24
251 64 44 24
251 64 70 24
251 64 97 24
251 64 104 24
251 64 202 24
251 64 210 24
251 64 216 24
251 65 20 24
251 65 34 24
251 65 39 24
251 65 96 24
251 65 103 24
251 65 111 24
251 65 113 24
251 65 199 24
251 66 12 24
251 66 21 24
251 66 149 24
251 66 155 24
251 66 217 24
251 66 219 24
251 66 222 24
251 66 225 24
251 67 2 24
251 67 74 24
251 67 83 24
251 67 124 24
251 67 126 24
251 67 141 24
251 67 162 24
251 67 173 24
251 69 30 36
251 69 37 36
251 69 48 36
251 69 61 36
251 69 68 36
251 69 95 36
251 69 107 36
251 69 114 36
251 69 149 36
251 69 159 36
251 69 219 36
251 69 240 36
251 71 31 24
251 71 48 24
251 71 68 24
251 71 81 24
251 71 142 24
251 71 149 24
251 71 175 24
251 71 219 24
251 73 54 24
251 73 82 24
251 73 111 24
251 73 150 24
251 73 172 24
251 73 199 24
251 73 223 24
251 73 242 24
251 74 24 32
251 74 75 32
251 74 121 32
251 74 136 32
251 74 141 32
251 74 147 32
251 74 162 32
251 74 164 32
251 74 167 32
251 74 181 32
251 74 195 32
251 74 222 32
251 74 223 32
251 74 225 32
251 74 242 32
251 74 248 32
251 76 14 36
251 76 18 36
251 76 54 36
251 76 86 36
251 76 108 36
251 76 144 36
251 76 161 36
251 76 172 36
251 76 184 36
251 76 190 36
251 76 198 36
251 76 236 36
251 77 73 24
251 77 79 24
251 77 122 24
251 77 161 24
251 77 179 24
251 77 196 24
251 77 197 24
251 77 198 24
251 78 3 32
251 78 5 32
251 78 45 32
251 78 52 32
251 78 84 32
251 78 106 32
251 78 140 32
251 78 201 32
251 79 12 24
251 79 13 24
251 79 21 24
251 79 39 24
251 79 58 24
251 79 103 24
251 79 155 24
251 79 217 24
251 80 19 24
251 80 30 24
251 80 115 24
251 80 159 24
251 80 161 24
251 80 185 24
251 80 198 24
251 80 227 24
251 81 17 32
251 81 45 32
251 81 47 32
251 81 65 32
251 81 72 32
251 81 80 32
251 81 91 32
251 81 106 32
251 81 112 32
251 81 129 32
251 81 145 32
251 81 192 32
251 81 206 32
251 81 215 32
251 81 235 32
251 81 244 32
251 82 7 32
251 82 14 32
251 82 18 32
251 82 36 32
251 82 45 32
251 82 51 32
251 82 64 32
251 82 106 32
251 82 170 32
251 82 188 32
251 82 220 32
251 82 222 32
251 82 223 32
251 82 225 32
251 82 242 32
251 82 247 32
251 83 7 24
251 83 20 24
251 83 36 24
251 83 52 24
251 83 66 24
251 83 113 24
251 83 140 24
251 83 232 24
251 84 7 24
251 84 36 24
251 84 154 24
251 84 156 24
251 84 207 24
251 84 214 24
251 84 233 24
251 84 237 24
251 86 7 24
251 86 13 24
251 86 36 24
251 86 58 24
251 86 73 24
251 86 121 24
251 86 195 24
251 86 196 24
251 88 17 36
251 88 114 36
251 88 116 36
251 88 132 36
251 88 158 36
251 88 192 36
251 88 202 36
251 88 210 36
251 88 222 36
251 88 224 36
251 88 225 36
251 88 240 36
251 90 7 24
251 90 36 24
251 90 38 24
251 90 101 24
251 90 169 24
251 90 209 24
251 90 218 24
251 90 245 24
251 92 20 32
251 92 48 32
251 92 68 32
251 92 79 32
251 92 92 32
251 92 113 32
251 92 197 32
251 92 221 32
251 93 2 36
251 93 38 36
251 93 70 36
251 93 104 36
251 93 122 36
251 93 126 36
251 93 128 36
251 93 147 36
251 93 151 36
251 93 179 36
251 93 181 36
251 93 218 36
251 94 7 36
251 94 10 36
251 94 36 36
251 94 70 36
251 94 104 36
251 94 144 36
251 94 161 36
251 94 190 36
251 94 198 36
251 94 215 36
251 94 226 36
251 94 244 36
251 97 16 32
251 97 31 32
251 97 52 32
251 97 79 32
251 97 80 32
251 97 81 32
251 97 89 32
251 97 91 32
251 97 100 32
251 97 110 32
251 97 123 32
251 97 140 32
251 97 197 32
251 97 204 32
251 97 209 32
251 97 245 32
251 98 4 32
251 98 7 32
251 98 36 32
251 98 63 32
251 98 66 32
251 98 83 32
251 98 124 32
251 98 232 32
251 99 11 24
251 99 111 24
251 99 137 24
251 99 139 24
251 99 186 24
251 99 199 24
251 99 202 24
251 99 210 24
251 100 47 24
251 100 53 24
251 100 56 24
251 100 57 24
251 100 90 24
251 100 130 24
251 100 229 24
251 100 235 24
251 101 56 32
251 101 120 32
251 101 130 32
251 101 133 32
251 101 134 32
251 101 170 32
251 101 220 32
251 101 228 32
251 103 45 24
251 103 48 24
251 103 68 24
251 103 106 24
251 103 116 24
251 103 132 24
251 103 184 24
251 103 236 24
251 104 83 32
251 104 94 32
251 104 101 32
251 104 115 32
251 104 124 32
251 104 169 32
251 104 227 32
251 104 243 32
251 106 2 32
251 106 47 32
251 106 50 32
251 106 98 32
251 106 126 32
251 106 146 32
251 106 235 32
251 106 246 32
251 108 75 24
251 108 92 24
251 108 119 24
251 108 125 24
251 108 135 24
251 108 164 24
251 108 221 24
251 108 249 24
251 109 22 32
251 109 23 32
251 109 31 32
251 109 65 32
251 109 74 32
251 109 81 32
251 109 100 32
251 109 112 32
251 109 121 32
251 109 123 32
251 109 131 32
251 109 144 32
251 109 173 32
251 109 190 32
251 109 194 32
251 109 195 32
251 111 15 24
251 111 17 24
251 111 67 24
251 111 144 24
251 111 190 24
251 111 192 24
251 111 222 24
251 111 225 24
251 112 13 24
251 112 58 24
251 112 73 24
251 112 149 24
251 112 152 24
251 112 180 24
251 112 196 24
251 112 219 24
251 113 66 24
251 113 88 24
251 113 149 24
251 113 152 24
251 113 174 24
251 113 180 24
251 113 219 24
251 113 232 24
251 115 34 24
251 115 79 24
251 115 96 24
251 115 142 24
251 115 170 24
251 115 175 24
251 115 197 24
251 115 220 24
251 116 19 24
251 116 39 24
251 116 62 24
251 116 89 24
251 116 103 24
251 116 110 24
251 116 166 24
251 116 185 24
251 118 44 32
251 118 48 32
251 118 50 32
251 118 53 32
251 118 65 32
251 118 68 32
251 118 90 32
251 118 97 32
251 118 98 32
251 118 101 32
251 118 112 32
251 118 146 32
251 118 169 32
251 118 209 32
251 118 245 32
251 118 246 32
251 119 14 32
251 119 18 32
251 119 32 32
251 119 43 32
251 119 56 32
251 119 62 32
251 119 76 32
251 119 102 32
251 119 109 32
251 119 130 32
251 119 141 32
251 119 143 32
251 119 162 32
251 119 165 32
251 119 166 32
251 119 216 32
251 121 6 32
251 121 40 32
251 121 41 32
251 121 42 32
251 121 49 32
251 121 101 32
251 121 111 32
251 121 145 32
251 121 147 32
251 121 156 32
251 121 169 32
251 121 181 32
251 121 182 32
251 121 199 32
251 121 206 32
251 121 214 32
251 122 56 24
251 122 82 24
251 122 130 24
251 122 139 24
251 122 150 24
251 122 186 24
251 122 202 24
251 122 210 24
251 129 41 24
251 129 49 24
251 129 65 24
251 129 101 24
251 129 112 24
251 129 121 24
251 129 169 24
251 129 195 24
251 130 37 32
251 130 45 32
251 130 52 32
251 130 69 32
251 130 70 32
251 130 82 32
251 130 95 32
251 130 104 32
251 130 106 32
251 130 140 32
251 130 150 32
251 130 202 32
251 130 209 32
251 130 210 32
251 130 211 32
251 130 245 32
251 132 35 32
251 132 85 32
251 132 86 32
251 132 89 32
251 132 108 32
251 132 110 32
251 132 121 32
251 132 142 32
251 132 149 32
251 132 175 32
251 132 189 32
251 132 195 32
251 132 208 32
251 132 219 32
251 132 233 32
251 132 237 32
251 133 5 32
251 133 6 32
251 133 42 32
251 133 82 32
251 133 105 32
251 133 139 32
251 133 150 32
251 133 153 32
251 133 154 32
251 133 161 32
251 133 183 32
251 133 186 32
251 133 198 32
251 133 201 32
251 133 203 32
251 133 207 32
251 135 66 24
251 135 85 24
251 135 141 24
251 135 148 24
251 135 162 24
251 135 189 24
251 135 212 24
251 135 232 24
251 136 31 24
251 136 54 24
251 136 76 24
251 136 81 24
251 136 109 24
251 136 155 24
251 136 172 24
251 136 217 24
251 138 19 24
251 138 32 24
251 138 71 24
251 138 77 24
251 138 99 24
251 138 102 24
251 138 163 24
251 138 185 24
251 139 32 24
251 139 55 24
251 139 71 24
251 139 99 24
251 139 102 24
251 139 178 24
251 139 193 24
251 139 238 24
251 140 26 24
251 140 29 24
251 140 59 24
251 140 61 24
251 140 107 24
251 140 184 24
251 140 234 24
251 140 236 24
251 142 56 32
251 142 57 32
251 142 61 32
251 142 78 32
251 142 107 32
251 142 120 32
251 142 128 32
251 142 130 32
251 142 139 32
251 142 151 32
251 142 170 32
251 142 177 32
251 142 186 32
251 142 220 32
251 142 228 32
251 142 229 32
251 143 2 24
251 143 30 24
251 143 87 24
251 143 116 24
251 143 126 24
251 143 132 24
251 143 159 24
251 143 176 24
251 145 5 32
251 145 16 32
251 145 105 32
251 145 125 32
251 145 153 32
251 145 201 32
251 145 204 32
251 145 249 32
251 147 8 32
251 147 24 32
251 147 82 32
251 147 127 32
251 147 136 32
251 147 150 32
251 147 157 32
251 147 168 32
251 148 15 24
251 148 67 24
251 148 119 24
251 148 135 24
251 148 145 24
251 148 183 24
251 148 203 24
251 148 206 24
251 150 23 32
251 150 31 32
251 150 81 32
251 150 117 32
251 150 118 32
251 150 121 32
251 150 131 32
251 150 195 32
251 151 16 24
251 151 22 24
251 151 121 24
251 151 161 24
251 151 194 24
251 151 195 24
251 151 198 24
251 151 204 24
251 152 41 24
251 152 49 24
251 152 52 24
251 152 65 24
251 152 112 24
251 152 114 24
251 152 140 24
251 152 240 24
251 153 19 32
251 153 127 32
251 153 168 32
251 153 185 32
251 153 188 32
251 153 215 32
251 153 244 32
251 153 247 32
251 154 6 32
251 154 42 32
251 154 47 32
251 154 54 32
251 154 111 32
251 154 128 32
251 154 141 32
251 154 151 32
251 154 160 32
251 154 162 32
251 154 170 32
251 154 171 32
251 154 172 32
251 154 199 32
251 154 220 32
251 154 235 32
251 157 7 36
251 157 25 36
251 157 36 36
251 157 53 36
251 157 61 36
251 157 90 36
251 157 107 36
251 157 147 36
251 157 181 36
251 157 215 36
251 157 241 36
251 157 244 36
251 158 33 36
251 158 70 36
251 158 72 36
251 158 100 36
251 158 104 36
251 158 123 36
251 158 125 36
251 158 129 36
251 158 147 36
251 158 181 36
251 158 213 36
251 158 249 36
251 159 30 32
251 159 54 32
251 159 138 32
251 159 159 32
251 159 172 32
251 159 183 32
251 159 203 32
251 159 231 32
251 161 6 24
251 161 33 24
251 161 42 24
251 161 82 24
251 161 150 24
251 161 213 24
251 161 215 24
251 161 244 24
251 163 11 36
251 163 26 36
251 163 27 36
251 163 29 36
251 163 41 36
251 163 49 36
251 163 59 36
251 163 93 36
251 163 119 36
251 163 135 36
251 163 137 36
251 163 234 36
251 165 55 24
251 165 56 24
251 165 130 24
251 165 178 24
251 165 193 24
251 165 215 24
251 165 238 24
251 165 244 24
251 167 14 24
251 167 18 24
251 167 37 24
251 167 44 24
251 167 95 24
251 167 97 24
251 167 215 24
251 167 244 24
251 168 19 24
251 168 111 24
251 168 138 24
251 168 185 24
251 168 199 24
251 168 215 24
251 168 231 24
251 168 244 24
251 169 4 32
251 169 9 32
251 169 26 32
251 169 28 32
251 169 29 32
251 169 31 32
251 169 63 32
251 169 81 32
251 169 145 32
251 169 187 32
251 169 200 32
251 169 206 32
251 169 215 32
251 169 233 32
251 169 237 32
251 169 244 32
251 170 7 32
251 170 16 32
251 170 36 32
251 170 45 32
251 170 59 32
251 170 106 32
251 170 122 32
251 170 139 32
251 170 145 32
251 170 160 32
251 170 171 32
251 170 179 32
251 170 186 32
251 170 204 32
251 170 206 32
251 170 234 32
251 171 24 24
251 171 53 24
251 171 66 24
251 171 90 24
251 171 92 24
251 171 136 24
251 171 221 24
251 171 232 24
251 172 34 24
251 172 96 24
251 172 148 24
251 172 193 24
251 172 212 24
251 172 230 24
251 172 238 24
251 172 239 24
251 173 50 32
251 173 111 32
251 173 145 32
251 173 167 32
251 173 199 32
251 173 206 32
251 173 246 32
251 173 248 32
251 174 53 24
251 174 54 24
251 174 55 24
251 174 72 24
251 174 90 24
251 174 129 24
251 174 172 24
251 174 178 24
251 175 15 36
251 175 53 36
251 175 61 36
251 175 67 36
251 175 79 36
251 175 90 36
251 175 107 36
251 175 143 36
251 175 165 36
251 175 197 36
251 175 233 36
251 175 237 36
251 177 3 32
251 177 9 32
251 177 26 32
251 177 28 32
251 177 29 32
251 177 56 32
251 177 70 32
251 177 84 32
251 177 87 32
251 177 89 32
251 177 104 32
251 177 110 32
251 177 115 32
251 177 130 32
251 177 176 32
251 177 227 32
251 178 9 24
251 178 28 24
251 178 52 24
251 178 79 24
251 178 101 24
251 178 140 24
251 178 169 24
251 178 197 24
251 180 32 24
251 180 76 24
251 180 102 24
251 180 109 24
251 180 170 24
251 180 183 24
251 180 203 24
251 180 220 24
251 182 11 36
251 182 32 36
251 182 92 36
251 182 102 36
251 182 137 36
251 182 144 36
251 182 156 36
251 182 183 36
251 182 190 36
251 182 203 36
251 182 214 36
251 182 221 36
251 184 78 24
251 184 89 24
251 184 110 24
251 184 125 24
251 184 127 24
251 184 168 24
251 184 177 24
251 184 249 24
251 185 26 24
251 185 29 24
251 185 32 24
251 185 34 24
251 185 96 24
251 185 102 24
251 185 230 24
251 185 239 24
251 186 52 24
251 186 138 24
251 186 140 24
251 186 148 24
251 186 155 24
251 186 212 24
251 186 217 24
251 186 231 24
251 187 35 24
251 187 41 24
251 187 49 24
251 187 147 24
251 187 154 24
251 187 181 24
251 187 207 24
251 187 208 24
251 189 66 24
251 189 143 24
251 189 165 24
251 189 167 24
251 189 209 24
251 189 232 24
251 189 245 24
251 189 248 24
251 190 46 24
251 190 62 24
251 190 78 24
251 190 166 24
251 190 177 24
251 190 183 24
251 190 191 24
251 190 203 24
251 192 31 24
251 192 35 24
251 192 66 24
251 192 81 24
251 192 144 24
251 192 190 24
251 192 208 24
251 192 232 24
251 193 4 32
251 193 38 32
251 193 60 32
251 193 63 32
251 193 88 32
251 193 174 32
251 193 205 32
251 193 218 32
251 195 10 32
251 195 33 32
251 195 111 32
251 195 116 32
251 195 132 32
251 195 199 32
251 195 213 32
251 195 226 32
251 196 20 24
251 196 31 24
251 196 39 24
251 196 81 24
251 196 103 24
251 196 113 24
251 196 161 24
251 196 198 24
251 201 23 24
251 201 131 24
251 201 139 24
251 201 144 24
251 201 160 24
251 201 171 24
251 201 186 24
251 201 190 24
251 202 10 24
251 202 33 24
251 202 98 24
251 202 146 24
251 202 213 24
251 202 223 24
251 202 226 24
251 202 242 24
251 203 14 32
251 203 18 32
251 203 30 32
251 203 57 32
251 203 76 32
251 203 109 32
251 203 116 32
251 203 132 32
251 203 159 32
251 203 167 32
251 203 193 32
251 203 229 32
251 203 230 32
251 203 238 32
251 203 239 32
251 203 248 32
251 204 19 24
251 204 26 24
251 204 29 24
251 204 114 24
251 204 149 24
251 204 185 24
251 204 219 24
251 204 240 24
251 205 11 32
251 205 43 32
251 205 137 32
251 205 193 32
251 205 216 32
251 205 230 32
251 205 238 32
251 205 239 32
251 211 2 36
251 211 35 36
251 211 50 36
251 211 65 36
251 211 112 36
251 211 126 36
251 211 127 36
251 211 142 36
251 211 168 36
251 211 175 36
251 211 208 36
251 211 246 36
251 214 54 24
251 214 59 24
251 214 111 24
251 214 145 24
251 214 172 24
251 214 199 24
251 214 206 24
251 214 234 24
251 216 17 32
251 216 26 32
251 216 29 32
251 216 38 32
251 216 71 32
251 216 92 32
251 216 99 32
251 216 122 32
251 216 133 32
251 216 134 32
251 216 179 32
251 216 187 32
251 216 192 32
251 216 200 32
251 216 218 32
251 216 221 32
251 220 10 24
251 220 56 24
251 220 100 24
251 220 123 24
251 220 125 24
251 220 130 24
251 220 226 24
251 220 249 24
251 224 2 36
251 224 25 36
251 224 43 36
251 224 89 36
251 224 105 36
251 224 110 36
251 224 126 36
251 224 133 36
251 224 134 36
251 224 153 36
251 224 216 36
251 224 241 36
251 225 25 32
251 225 31 32
251 225 35 32
251 225 81 32
251 225 83 32
251 225 124 32
251 225 208 32
251 225 241 32
251 226 13 24
251 226 15 24
251 226 58 24
251 226 61 24
251 226 67 24
251 226 107 24
251 226 167 24
251 226 248 24
251 227 4 36
251 227 5 36
251 227 63 36
251 227 127 36
251 227 138 36
251 227 152 36
251 227 168 36
251 227 180 36
251 227 187 36
251 227 200 36
251 227 201 36
251 227 231 36
251 230 25 24
251 230 31 24
251 230 81 24
251 230 83 24
251 230 89 24
251 230 110 24
251 230 124 24
251 230 241 24
251 231 41 24
251 231 49 24
251 231 60 24
251 231 74 24
251 231 156 24
251 231 173 24
251 231 205 24
251 231 214 24
251 232 44 24
251 232 46 24
251 232 47 24
251 232 61 24
251 232 97 24
251 232 107 24
251 232 191 24
251 232 235 24
251 233 69 24
251 233 139 24
251 233 186 24
251 233 188 24
251 233 209 24
251 233 211 24
251 233 245 24
251 233 247 24
251 236 16 32
251 236 17 32
251 236 38 32
251 236 41 32
251 236 49 32
251 236 51 32
251 236 64 32
251 236 73 32
251 236 100 32
251 236 123 32
251 236 161 32
251 236 192 32
251 236 196 32
251 236 198 32
251 236 204 32
251 236 218 32
251 238 31 24
251 238 81 24
251 238 115 24
251 238 152 24
251 238 156 24
251 238 180 24
251 238 214 24
251 238 227 24
251 239 2 32
251 239 47 32
251 239 59 32
251 239 82 32
251 239 111 32
251 239 126 32
251 239 150 32
251 239 184 32
251 239 188 32
251 239 199 32
251 239 230 32
251 239 234 32
251 239 235 32
251 239 236 32
251 239 239 32
251 239 247 32
251 241 60 24
251 241 144 24
251 241 149 24
251 241 190 24
251 241 205 24
251 241 209 24
251 241 219 24
251 241 245 24
251 242 2 36
251 242 3 36
251 242 13 36
251 242 58 36
251 242 62 36
251 242 75 36
251 242 84 36
251 242 126 36
251 242 164 36
251 242 166 36
251 242 188 36
251 242 247 36
251 243 7 24
251 243 30 24
251 243 36 24
251 243 40 24
251 243 152 24
251 243 159 24
251 243 180 24
251 243 182 24
251 245 17 36
251 245 20 36
251 245 60 36
251 245 78 36
251 245 113 36
251 245 143 36
251 245 165 36
251 245 177 36
251 245 192 36
251 245 205 36
251 245 223 36
251 245 242 36
251 247 2 24
251 247 3 24
251 247 46 24
251 247 74 24
251 247 84 24
251 247 126 24
251 247 173 24
251 247 191 24
251 248 33 24
251 248 40 24
251 248 120 24
251 248 182 24
251 248 213 24
251 248 223 24
251 248 228 24
251 248 242 24
